solid OpenSCAD_Model
  facet normal -1 0 0
    outer loop
      vertex -6 -13.308326112068523 5.1916738879314765
      vertex -6 -12.65692193826806 7.600000000189249
      vertex -6 -13.050088123240235 4.94661518675372
    endloop
  endfacet
  facet normal -1 0 0
    outer loop
      vertex -6 -12.779378659138894 4.715407462092598
      vertex -6 -13.050088123240235 4.94661518675372
      vertex -6 -12.65692193826806 7.600000000189249
    endloop
  endfacet
  facet normal -1 0 0
    outer loop
      vertex -6 -12.779378659138894 4.715407462092598
      vertex -6 -12.383281572999747 7.178630788996129
      vertex -6 -12.496939715588818 4.498684438250358
    endloop
  endfacet
  facet normal -1 0 0
    outer loop
      vertex -6 -12.496939715588818 4.498684438250358
      vertex -6 -12.067095162291492 6.78817308947748
      vertex -6 -12.203545438102184 4.297040137971116
    endloop
  endfacet
  facet normal -1 0 0
    outer loop
      vertex -6 -12.203545438102184 4.297040137971116
      vertex -6 -11.894112549695429 6.6058874503045715
      vertex -6 -11.9 4.111027254265817
    endloop
  endfacet
  facet normal -1 0 0
    outer loop
      vertex -6 -12.203545438102184 4.297040137971116
      vertex -6 -12.067095162291492 6.78817308947748
      vertex -6 -11.894112549695429 6.6058874503045715
    endloop
  endfacet
  facet normal -1 0 0
    outer loop
      vertex -6 -11.9 4.111027254265817
      vertex -6 -11.894112549695429 6.6058874503045715
      vertex -6 -11.71182691052252 6.432904837708508
    endloop
  endfacet
  facet normal -1 0 0
    outer loop
      vertex -6 -11.9 4.111027254265817
      vertex -6 -11.71182691052252 6.432904837708508
      vertex -6 -11.520737877039219 6.26969938500654
    endloop
  endfacet
  facet normal -1 0 0
    outer loop
      vertex -6 -11.587135398228918 3.941155635519099
      vertex -6 -11.9 4.111027254265817
      vertex -6 -11.520737877039219 6.26969938500654
    endloop
  endfacet
  facet normal -1 0 0
    outer loop
      vertex -6 -11.587135398228918 3.941155635519099
      vertex -6 -11.11426736807213 5.974381273861964
      vertex -6 -11.265809172915441 3.787890888030314
    endloop
  endfacet
  facet normal -1 0 0
    outer loop
      vertex -6 -11.265809172915441 3.787890888030314
      vertex -6 -10.9 5.843078061834695
      vertex -6 -10.93690205690804 3.651653099819028
    endloop
  endfacet
  facet normal -1 0 0
    outer loop
      vertex -6 -11.587135398228918 3.941155635519099
      vertex -6 -11.520737877039219 6.26969938500654
      vertex -6 -11.321369211003871 6.116718427000253
    endloop
  endfacet
  facet normal -1 0 0
    outer loop
      vertex -6 -11.587135398228918 3.941155635519099
      vertex -6 -11.321369211003871 6.116718427000253
      vertex -6 -11.11426736807213 5.974381273861964
    endloop
  endfacet
  facet normal -1 0 0
    outer loop
      vertex -6 -11.265809172915441 3.787890888030314
      vertex -6 -11.11426736807213 5.974381273861964
      vertex -6 -10.9 5.843078061834695
    endloop
  endfacet
  facet normal -1 0 0
    outer loop
      vertex -6 -10.93690205690804 3.651653099819028
      vertex -6 -10.9 5.843078061834695
      vertex -6 -10.679154398749825 5.723168683895834
    endloop
  endfacet
  facet normal -1 0 0
    outer loop
      vertex -6 -14.202959862028884 6.296454561897816
      vertex -6 -14.388972745734183 6.6
      vertex -6 -12.65692193826806 7.600000000189249
    endloop
  endfacet
  facet normal -1 0 0
    outer loop
      vertex -6 -14.388972745734183 6.6
      vertex -6 -14.388972745879752 6.600000000268103
      vertex -6 -12.65692193826806 7.600000000189249
    endloop
  endfacet
  facet normal -1 0 0
    outer loop
      vertex -6 -14.001315561749642 6.003060284411182
      vertex -6 -14.202959862028884 6.296454561897816
      vertex -6 -12.65692193826806 7.600000000189249
    endloop
  endfacet
  facet normal -1 0 0
    outer loop
      vertex -6 -13.784592537907402 5.720621340861106
      vertex -6 -14.001315561749642 6.003060284411182
      vertex -6 -12.65692193826806 7.600000000189249
    endloop
  endfacet
  facet normal -1 0 0
    outer loop
      vertex -6 -13.784592537907402 5.720621340861106
      vertex -6 -12.65692193826806 7.600000000189249
      vertex -6 -13.55338481324628 5.4499118767597645
    endloop
  endfacet
  facet normal -1 0 0
    outer loop
      vertex -6 -13.308326112068523 5.1916738879314765
      vertex -6 -13.55338481324628 5.4499118767597645
      vertex -6 -12.65692193826806 7.600000000189249
    endloop
  endfacet
  facet normal -1 0 0
    outer loop
      vertex -6 -12.779378659138894 4.715407462092598
      vertex -6 -12.656921938165306 7.6
      vertex -6 -12.525618726138037 7.38573263192787
    endloop
  endfacet
  facet normal -1 0 0
    outer loop
      vertex -6 -12.779378659138894 4.715407462092598
      vertex -6 -12.65692193826806 7.600000000189249
      vertex -6 -12.656921938165306 7.6
    endloop
  endfacet
  facet normal -1 0 0
    outer loop
      vertex -6 -12.496939715588818 4.498684438250358
      vertex -6 -12.383281572999747 7.178630788996129
      vertex -6 -12.23030061499346 6.9792621229607805
    endloop
  endfacet
  facet normal -1 0 0
    outer loop
      vertex -6 -12.779378659138894 4.715407462092598
      vertex -6 -12.525618726138037 7.38573263192787
      vertex -6 -12.383281572999747 7.178630788996129
    endloop
  endfacet
  facet normal -1 0 0
    outer loop
      vertex -6 -12.496939715588818 4.498684438250358
      vertex -6 -12.23030061499346 6.9792621229607805
      vertex -6 -12.067095162291492 6.78817308947748
    endloop
  endfacet
  facet normal -1 0 0
    outer loop
      vertex -6 -9.913799497560763 3.3485963150101217
      vertex -6 -9.497976115925244 5.304891516477733
      vertex -6 -9.56375436227357 3.2837192839530633
    endloop
  endfacet
  facet normal -1 0 0
    outer loop
      vertex -6 -9.56375436227357 3.2837192839530633
      vertex -6 -9.001736623684737 5.226294902232288
      vertex -6 -9.210793550220043 3.237251111495742
    endloop
  endfacet
  facet normal -1 0 0
    outer loop
      vertex -6 -10.93690205690804 3.651653099819028
      vertex -6 -10.45233588676384 5.614981803315516
      vertex -6 -10.601315561749642 3.5328156891929563
    endloop
  endfacet
  facet normal -1 0 0
    outer loop
      vertex -6 -10.601315561749642 3.5328156891929563
      vertex -6 -10.220166157817442 5.5188139528134315
      vertex -6 -10.259969506697141 3.4317043812343355
    endloop
  endfacet
  facet normal -1 0 0
    outer loop
      vertex -6 -10.601315561749642 3.5328156891929563
      vertex -6 -10.45233588676384 5.614981803315516
      vertex -6 -10.220166157817442 5.5188139528134315
    endloop
  endfacet
  facet normal -1 0 0
    outer loop
      vertex -6 -10.259969506697141 3.4317043812343355
      vertex -6 -9.7423314164921 5.363556033812472
      vertex -6 -9.913799497560763 3.3485963150101217
    endloop
  endfacet
  facet normal -1 0 0
    outer loop
      vertex -6 -10.259969506697141 3.4317043812343355
      vertex -6 -10.220166157817442 5.5188139528134315
      vertex -6 -9.983281572999747 5.434928721783264
    endloop
  endfacet
  facet normal -1 0 0
    outer loop
      vertex -6 -10.259969506697141 3.4317043812343355
      vertex -6 -9.983281572999747 5.434928721783264
      vertex -6 -9.7423314164921 5.363556033812472
    endloop
  endfacet
  facet normal -1 0 0
    outer loop
      vertex -6 -10.93690205690804 3.651653099819028
      vertex -6 -10.679154398749825 5.723168683895834
      vertex -6 -10.45233588676384 5.614981803315516
    endloop
  endfacet
  facet normal -1 0 0
    outer loop
      vertex -6 -9.913799497560763 3.3485963150101217
      vertex -6 -9.7423314164921 5.363556033812472
      vertex -6 -9.497976115925244 5.304891516477733
    endloop
  endfacet
  facet normal -1 0 0
    outer loop
      vertex -6 -9.56375436227357 3.2837192839530633
      vertex -6 -9.497976115925244 5.304891516477733
      vertex -6 -9.250885432193108 5.259095965143339
    endloop
  endfacet
  facet normal -1 0 0
    outer loop
      vertex -6 -9.56375436227357 3.2837192839530633
      vertex -6 -9.250885432193108 5.259095965143339
      vertex -6 -9.001736623684737 5.226294902232288
    endloop
  endfacet
  facet normal -1 0 0
    outer loop
      vertex -6 -9.210793550220043 3.237251111495742
      vertex -6 -8.75121258996613 5.206578233178046
      vertex -6 -8.855884502452017 3.209319163668898
    endloop
  endfacet
  facet normal -1 0 0
    outer loop
      vertex -6 -8.855884502452017 3.209319163668898
      vertex -6 -8.75121258996613 5.206578233178046
      vertex -6 -8.5 3.2
    endloop
  endfacet
  facet normal -1 0 0
    outer loop
      vertex -6 -8.5 3.2
      vertex -6 -8.24878741003387 5.206578233178046
      vertex -6 -8.144115497547983 3.209319163668898
    endloop
  endfacet
  facet normal -1 0 0
    outer loop
      vertex -6 -8.144115497547983 3.209319163668898
      vertex -6 -7.998263376315263 5.226294902232288
      vertex -6 -7.7892064497799565 3.237251111495742
    endloop
  endfacet
  facet normal -1 0 0
    outer loop
      vertex -6 -7.7892064497799565 3.237251111495742
      vertex -6 -7.502023884074755 5.304891516477733
      vertex -6 -7.43624563772643 3.2837192839530633
    endloop
  endfacet
  facet normal -1 0 0
    outer loop
      vertex -6 -9.210793550220043 3.237251111495742
      vertex -6 -9.001736623684737 5.226294902232288
      vertex -6 -8.75121258996613 5.206578233178046
    endloop
  endfacet
  facet normal -1 0 0
    outer loop
      vertex -6 -8.5 3.2
      vertex -6 -8.75121258996613 5.206578233178046
      vertex -6 -8.5 5.2
    endloop
  endfacet
  facet normal -1 0 0
    outer loop
      vertex -6 -8.5 3.2
      vertex -6 -8.5 5.2
      vertex -6 -8.24878741003387 5.206578233178046
    endloop
  endfacet
  facet normal -1 0 0
    outer loop
      vertex -6 -8.144115497547983 3.209319163668898
      vertex -6 -8.24878741003387 5.206578233178046
      vertex -6 -7.998263376315263 5.226294902232288
    endloop
  endfacet
  facet normal -1 0 0
    outer loop
      vertex -6 -7.998263376315263 5.226294902232288
      vertex -6 -7.749114567806892 5.259095965143339
      vertex -6 -7.7892064497799565 3.237251111495742
    endloop
  endfacet
  facet normal -1 0 0
    outer loop
      vertex -6 -7.7892064497799565 3.237251111495742
      vertex -6 -7.749114567806892 5.259095965143339
      vertex -6 -7.502023884074755 5.304891516477733
    endloop
  endfacet
  facet normal -1 0 0
    outer loop
      vertex -6 -7.43624563772643 3.2837192839530633
      vertex -6 -7.2576685835079005 5.363556033812472
      vertex -6 -7.086200502439237 3.3485963150101217
    endloop
  endfacet
  facet normal -1 0 0
    outer loop
      vertex -6 -7.43624563772643 3.2837192839530633
      vertex -6 -7.502023884074755 5.304891516477733
      vertex -6 -7.2576685835079005 5.363556033812472
    endloop
  endfacet
  facet normal 0 -0.7933533402912345 -0.6087614290087217
    outer loop
      vertex -6 -13.784592537907402 5.720621340861106
      vertex 6 -14.001315561749642 6.003060284411182
      vertex -6 -14.001315561749642 6.003060284411182
    endloop
  endfacet
  facet normal 0 -0.7604059656000306 -0.6494480483301842
    outer loop
      vertex -6 -13.784592537907402 5.720621340861106
      vertex -6 -13.55338481324628 5.4499118767597645
      vertex 6 -13.784592537907402 5.720621340861106
    endloop
  endfacet
  facet normal 0 -0.6494480483301854 -0.7604059656000295
    outer loop
      vertex -6 -12.779378659138894 4.715407462092598
      vertex 6 -12.779378659138894 4.715407462092598
      vertex -6 -13.050088123240235 4.94661518675372
    endloop
  endfacet
  facet normal 0 -0.6087614290087217 -0.7933533402912345
    outer loop
      vertex -6 -12.779378659138894 4.715407462092598
      vertex -6 -12.496939715588818 4.498684438250358
      vertex 6 -12.496939715588818 4.498684438250358
    endloop
  endfacet
  facet normal 0 -0.7253743710122883 -0.6883545756937535
    outer loop
      vertex -6 -13.308326112068523 5.1916738879314765
      vertex 6 -13.55338481324628 5.4499118767597645
      vertex -6 -13.55338481324628 5.4499118767597645
    endloop
  endfacet
  facet normal 0 -0.6883545756937521 -0.7253743710122895
    outer loop
      vertex -6 -13.308326112068523 5.1916738879314765
      vertex -6 -13.050088123240235 4.94661518675372
      vertex 6 -13.050088123240235 4.94661518675372
    endloop
  endfacet
  facet normal 0 -0.43051109680829486 -0.9025852843498607
    outer loop
      vertex -6 -11.587135398228918 3.941155635519099
      vertex -6 -11.265809172915441 3.787890888030314
      vertex 6 -11.265809172915441 3.787890888030314
    endloop
  endfacet
  facet normal 0 -0.3826834323650895 -0.9238795325112868
    outer loop
      vertex -6 -11.265809172915441 3.787890888030314
      vertex -6 -10.93690205690804 3.651653099819028
      vertex 6 -10.93690205690804 3.651653099819028
    endloop
  endfacet
  facet normal 0 -0.5664062369248328 -0.8241261886220156
    outer loop
      vertex -6 -12.496939715588818 4.498684438250358
      vertex -6 -12.203545438102184 4.297040137971116
      vertex 6 -12.203545438102184 4.297040137971116
    endloop
  endfacet
  facet normal 0 -0.5224985647159488 -0.8526401643540923
    outer loop
      vertex -6 -12.203545438102184 4.297040137971116
      vertex -6 -11.9 4.111027254265817
      vertex 6 -11.9 4.111027254265817
    endloop
  endfacet
  facet normal 0 -0.4771587602596075 -0.8788171126619658
    outer loop
      vertex -6 -11.587135398228918 3.941155635519099
      vertex 6 -11.587135398228918 3.941155635519099
      vertex -6 -11.9 4.111027254265817
    endloop
  endfacet
  facet normal 0 0.522498564715949 0.8526401643540921
    outer loop
      vertex -6 -11.11426736807213 5.974381273861964
      vertex 6 -11.11426736807213 5.974381273861964
      vertex -6 -10.9 5.843078061834695
    endloop
  endfacet
  facet normal 0 0.4771587602596088 0.8788171126619652
    outer loop
      vertex -6 -10.679154398749825 5.723168683895834
      vertex -6 -10.9 5.843078061834695
      vertex 6 -10.9 5.843078061834695
    endloop
  endfacet
  facet normal 0 -0.8241261886220156 -0.5664062369248328
    outer loop
      vertex -6 -14.001315561749642 6.003060284411182
      vertex 6 -14.202959862028884 6.296454561897816
      vertex -6 -14.202959862028884 6.296454561897816
    endloop
  endfacet
  facet normal 0 -0.8788165285912599 -0.4771598359824591
    outer loop
      vertex -6 -14.388972745734183 6.6
      vertex 6 -14.388972745734183 6.6
      vertex -6 -14.388972745879752 6.600000000268103
    endloop
  endfacet
  facet normal 0 -0.8526401643540923 -0.5224985647159488
    outer loop
      vertex -6 -14.202959862028884 6.296454561897816
      vertex 6 -14.388972745734183 6.6
      vertex -6 -14.388972745734183 6.6
    endloop
  endfacet
  facet normal 0 -0.49999999996115996 0.866025403806863
    outer loop
      vertex -6 -14.388972745879752 6.600000000268103
      vertex 6 -12.65692193826806 7.600000000189249
      vertex -6 -12.65692193826806 7.600000000189249
    endloop
  endfacet
  facet normal 0 0.8788185458370394 0.477156120670029
    outer loop
      vertex -6 -12.656921938165306 7.6
      vertex -6 -12.65692193826806 7.600000000189249
      vertex 6 -12.65692193826806 7.600000000189249
    endloop
  endfacet
  facet normal 0 0.8526401643540931 0.5224985647159475
    outer loop
      vertex -6 -12.525618726138037 7.38573263192787
      vertex -6 -12.656921938165306 7.6
      vertex 6 -12.656921938165306 7.6
    endloop
  endfacet
  facet normal 0 0.760405965600032 0.6494480483301822
    outer loop
      vertex -6 -12.23030061499346 6.9792621229607805
      vertex 6 -12.23030061499346 6.9792621229607805
      vertex -6 -12.067095162291492 6.78817308947748
    endloop
  endfacet
  facet normal 0 0.7253743710122882 0.6883545756937534
    outer loop
      vertex -6 -12.067095162291492 6.78817308947748
      vertex 6 -12.067095162291492 6.78817308947748
      vertex -6 -11.894112549695429 6.6058874503045715
    endloop
  endfacet
  facet normal 0 0.6883545756937534 0.7253743710122882
    outer loop
      vertex -6 -11.71182691052252 6.432904837708508
      vertex -6 -11.894112549695429 6.6058874503045715
      vertex 6 -11.894112549695429 6.6058874503045715
    endloop
  endfacet
  facet normal 0 0.8241261886220131 0.5664062369248366
    outer loop
      vertex -6 -12.383281572999747 7.178630788996129
      vertex -6 -12.525618726138037 7.38573263192787
      vertex 6 -12.525618726138037 7.38573263192787
    endloop
  endfacet
  facet normal 0 0.7933533402912353 0.6087614290087204
    outer loop
      vertex -6 -12.383281572999747 7.178630788996129
      vertex 6 -12.383281572999747 7.178630788996129
      vertex -6 -12.23030061499346 6.9792621229607805
    endloop
  endfacet
  facet normal 0 0.6494480483301805 0.7604059656000336
    outer loop
      vertex -6 -11.71182691052252 6.432904837708508
      vertex 6 -11.71182691052252 6.432904837708508
      vertex -6 -11.520737877039219 6.26969938500654
    endloop
  endfacet
  facet normal 0 0.6087614290087222 0.793353340291234
    outer loop
      vertex -6 -11.321369211003871 6.116718427000253
      vertex -6 -11.520737877039219 6.26969938500654
      vertex 6 -11.520737877039219 6.26969938500654
    endloop
  endfacet
  facet normal 0 0.5664062369248325 0.8241261886220159
    outer loop
      vertex -6 -11.321369211003871 6.116718427000253
      vertex 6 -11.321369211003871 6.116718427000253
      vertex -6 -11.11426736807213 5.974381273861964
    endloop
  endfacet
  facet normal 0 -0.28401534470392475 -0.9588197348681924
    outer loop
      vertex -6 -10.601315561749642 3.5328156891929563
      vertex -6 -10.259969506697141 3.4317043812343355
      vertex 6 -10.259969506697141 3.4317043812343355
    endloop
  endfacet
  facet normal 0 -0.33380685923377007 -0.9426414910921787
    outer loop
      vertex -6 -10.93690205690804 3.651653099819028
      vertex -6 -10.601315561749642 3.5328156891929563
      vertex 6 -10.601315561749642 3.5328156891929563
    endloop
  endfacet
  facet normal 0 -0.23344536385590503 -0.9723699203976768
    outer loop
      vertex -6 -10.259969506697141 3.4317043812343355
      vertex -6 -9.913799497560763 3.3485963150101217
      vertex 6 -9.913799497560763 3.3485963150101217
    endloop
  endfacet
  facet normal 0 -0.18223552549214825 -0.9832549075639544
    outer loop
      vertex -6 -9.913799497560763 3.3485963150101217
      vertex -6 -9.56375436227357 3.2837192839530633
      vertex 6 -9.56375436227357 3.2837192839530633
    endloop
  endfacet
  facet normal 0 -0.13052619222004855 -0.9914448613738108
    outer loop
      vertex -6 -9.56375436227357 3.2837192839530633
      vertex -6 -9.210793550220043 3.237251111495742
      vertex 6 -9.210793550220043 3.237251111495742
    endloop
  endfacet
  facet normal 0 0.43051109680829525 0.9025852843498606
    outer loop
      vertex -6 -10.679154398749825 5.723168683895834
      vertex 6 -10.679154398749825 5.723168683895834
      vertex -6 -10.45233588676384 5.614981803315516
    endloop
  endfacet
  facet normal 0 0.382683432365091 0.9238795325112863
    outer loop
      vertex -6 -10.45233588676384 5.614981803315516
      vertex 6 -10.45233588676384 5.614981803315516
      vertex -6 -10.220166157817442 5.5188139528134315
    endloop
  endfacet
  facet normal 0 0.3338068592337667 0.9426414910921799
    outer loop
      vertex -6 -10.220166157817442 5.5188139528134315
      vertex 6 -10.220166157817442 5.5188139528134315
      vertex -6 -9.983281572999747 5.434928721783264
    endloop
  endfacet
  facet normal 0 0.28401534470392686 0.9588197348681917
    outer loop
      vertex -6 -9.983281572999747 5.434928721783264
      vertex 6 -9.983281572999747 5.434928721783264
      vertex -6 -9.7423314164921 5.363556033812472
    endloop
  endfacet
  facet normal 0 0.23344536385590328 0.9723699203976772
    outer loop
      vertex -6 -9.7423314164921 5.363556033812472
      vertex 6 -9.7423314164921 5.363556033812472
      vertex -6 -9.497976115925244 5.304891516477733
    endloop
  endfacet
  facet normal 0 0.18223552549214858 0.9832549075639543
    outer loop
      vertex -6 -9.497976115925244 5.304891516477733
      vertex 6 -9.497976115925244 5.304891516477733
      vertex -6 -9.250885432193108 5.259095965143339
    endloop
  endfacet
  facet normal 0 0.13052619222005069 0.9914448613738105
    outer loop
      vertex -6 -9.250885432193108 5.259095965143339
      vertex 6 -9.250885432193108 5.259095965143339
      vertex -6 -9.001736623684737 5.226294902232288
    endloop
  endfacet
  facet normal 0 -0.07845909572784675 -0.9969173337331277
    outer loop
      vertex -6 -9.210793550220043 3.237251111495742
      vertex -6 -8.855884502452017 3.209319163668898
      vertex 6 -8.855884502452017 3.209319163668898
    endloop
  endfacet
  facet normal 0 -0.026176948307873104 -0.9996573249755574
    outer loop
      vertex -6 -8.855884502452017 3.209319163668898
      vertex -6 -8.5 3.2
      vertex 6 -8.5 3.2
    endloop
  endfacet
  facet normal 0 0.026176948307873104 -0.9996573249755574
    outer loop
      vertex -6 -8.5 3.2
      vertex -6 -8.144115497547983 3.209319163668898
      vertex 6 -8.144115497547983 3.209319163668898
    endloop
  endfacet
  facet normal 0 0.07845909572784654 -0.9969173337331277
    outer loop
      vertex -6 -8.144115497547983 3.209319163668898
      vertex -6 -7.7892064497799565 3.237251111495742
      vertex 6 -7.7892064497799565 3.237251111495742
    endloop
  endfacet
  facet normal 0 0.13052619222004921 -0.9914448613738108
    outer loop
      vertex -6 -7.7892064497799565 3.237251111495742
      vertex -6 -7.43624563772643 3.2837192839530633
      vertex 6 -7.43624563772643 3.2837192839530633
    endloop
  endfacet
  facet normal 0 0.18223552549214783 -0.9832549075639546
    outer loop
      vertex -6 -7.43624563772643 3.2837192839530633
      vertex -6 -7.086200502439237 3.3485963150101217
      vertex 6 -7.086200502439237 3.3485963150101217
    endloop
  endfacet
  facet normal 0 0.07845909572784274 0.9969173337331282
    outer loop
      vertex -6 -9.001736623684737 5.226294902232288
      vertex 6 -9.001736623684737 5.226294902232288
      vertex -6 -8.75121258996613 5.206578233178046
    endloop
  endfacet
  facet normal 0 0.026176948307875387 0.9996573249755571
    outer loop
      vertex -6 -8.75121258996613 5.206578233178046
      vertex 6 -8.75121258996613 5.206578233178046
      vertex -6 -8.5 5.2
    endloop
  endfacet
  facet normal 0 -0.026176948307875387 0.9996573249755571
    outer loop
      vertex -6 -8.5 5.2
      vertex 6 -8.5 5.2
      vertex -6 -8.24878741003387 5.206578233178046
    endloop
  endfacet
  facet normal 0 -0.07845909572784274 0.9969173337331282
    outer loop
      vertex -6 -8.24878741003387 5.206578233178046
      vertex 6 -8.24878741003387 5.206578233178046
      vertex -6 -7.998263376315263 5.226294902232288
    endloop
  endfacet
  facet normal 0 -0.13052619222005069 0.9914448613738105
    outer loop
      vertex -6 -7.998263376315263 5.226294902232288
      vertex 6 -7.998263376315263 5.226294902232288
      vertex -6 -7.749114567806892 5.259095965143339
    endloop
  endfacet
  facet normal 0 -0.18223552549214797 0.9832549075639545
    outer loop
      vertex -6 -7.749114567806892 5.259095965143339
      vertex 6 -7.749114567806892 5.259095965143339
      vertex -6 -7.502023884074755 5.304891516477733
    endloop
  endfacet
  facet normal 0 -0.2334453638559041 0.972369920397677
    outer loop
      vertex -6 -7.502023884074755 5.304891516477733
      vertex 6 -7.502023884074755 5.304891516477733
      vertex -6 -7.2576685835079005 5.363556033812472
    endloop
  endfacet
  facet normal -1 0 0
    outer loop
      vertex -6 -14.388972745734183 13.4
      vertex -6 -14.202959862028884 13.703545438102184
      vertex -6 -14.388972745879752 13.399999999731897
    endloop
  endfacet
  facet normal -1 0 0
    outer loop
      vertex -6 -14.388972745879752 13.399999999731897
      vertex -6 -14.202959862028884 13.703545438102184
      vertex -6 -14.001315561749642 13.996939715588818
    endloop
  endfacet
  facet normal -1 0 0
    outer loop
      vertex -6 -14.388972745879752 13.399999999731897
      vertex -6 -14.001315561749642 13.996939715588818
      vertex -6 -13.784592537907402 14.279378659138894
    endloop
  endfacet
  facet normal -1 0 0
    outer loop
      vertex -6 -14.388972745879752 13.399999999731897
      vertex -6 -12.656921938165306 12.4
      vertex -6 -12.65692193826806 12.39999999981075
    endloop
  endfacet
  facet normal -1 0 0
    outer loop
      vertex -6 -14.388972745879752 13.399999999731897
      vertex -6 -12.779378659138894 15.284592537907402
      vertex -6 -12.656921938165306 12.4
    endloop
  endfacet
  facet normal -1 0 0
    outer loop
      vertex -6 -12.656921938165306 12.4
      vertex -6 -12.496939715588818 15.501315561749642
      vertex -6 -12.525618726138037 12.614267368072131
    endloop
  endfacet
  facet normal -1 0 0
    outer loop
      vertex -6 -12.525618726138037 12.614267368072131
      vertex -6 -12.496939715588818 15.501315561749642
      vertex -6 -12.383281572999747 12.821369211003871
    endloop
  endfacet
  facet normal -1 0 0
    outer loop
      vertex -6 -12.383281572999747 12.821369211003871
      vertex -6 -12.203545438102184 15.702959862028884
      vertex -6 -12.23030061499346 13.02073787703922
    endloop
  endfacet
  facet normal -1 0 0
    outer loop
      vertex -6 -12.23030061499346 13.02073787703922
      vertex -6 -12.203545438102184 15.702959862028884
      vertex -6 -12.067095162291492 13.21182691052252
    endloop
  endfacet
  facet normal -1 0 0
    outer loop
      vertex -6 -14.388972745879752 13.399999999731897
      vertex -6 -13.784592537907402 14.279378659138894
      vertex -6 -13.55338481324628 14.550088123240236
    endloop
  endfacet
  facet normal -1 0 0
    outer loop
      vertex -6 -14.388972745879752 13.399999999731897
      vertex -6 -13.55338481324628 14.550088123240236
      vertex -6 -13.308326112068523 14.808326112068524
    endloop
  endfacet
  facet normal -1 0 0
    outer loop
      vertex -6 -14.388972745879752 13.399999999731897
      vertex -6 -13.308326112068523 14.808326112068524
      vertex -6 -13.050088123240235 15.05338481324628
    endloop
  endfacet
  facet normal -1 0 0
    outer loop
      vertex -6 -14.388972745879752 13.399999999731897
      vertex -6 -13.050088123240235 15.05338481324628
      vertex -6 -12.779378659138894 15.284592537907402
    endloop
  endfacet
  facet normal -1 0 0
    outer loop
      vertex -6 -12.656921938165306 12.4
      vertex -6 -12.779378659138894 15.284592537907402
      vertex -6 -12.496939715588818 15.501315561749642
    endloop
  endfacet
  facet normal -1 0 0
    outer loop
      vertex -6 -12.383281572999747 12.821369211003871
      vertex -6 -12.496939715588818 15.501315561749642
      vertex -6 -12.203545438102184 15.702959862028884
    endloop
  endfacet
  facet normal -1 0 0
    outer loop
      vertex -6 -12.067095162291492 13.21182691052252
      vertex -6 -11.9 15.888972745734183
      vertex -6 -11.894112549695429 13.394112549695429
    endloop
  endfacet
  facet normal -1 0 0
    outer loop
      vertex -6 -11.894112549695429 13.394112549695429
      vertex -6 -11.9 15.888972745734183
      vertex -6 -11.71182691052252 13.567095162291492
    endloop
  endfacet
  facet normal -1 0 0
    outer loop
      vertex -6 -12.067095162291492 13.21182691052252
      vertex -6 -12.203545438102184 15.702959862028884
      vertex -6 -11.9 15.888972745734183
    endloop
  endfacet
  facet normal -1 0 0
    outer loop
      vertex -6 -11.71182691052252 13.567095162291492
      vertex -6 -11.9 15.888972745734183
      vertex -6 -11.587135398228918 16.0588443644809
    endloop
  endfacet
  facet normal -1 0 0
    outer loop
      vertex -6 -11.71182691052252 13.567095162291492
      vertex -6 -11.587135398228918 16.0588443644809
      vertex -6 -11.520737877039219 13.73030061499346
    endloop
  endfacet
  facet normal -1 0 0
    outer loop
      vertex -6 -11.520737877039219 13.73030061499346
      vertex -6 -11.265809172915441 16.212109111969685
      vertex -6 -11.321369211003871 13.883281572999747
    endloop
  endfacet
  facet normal -1 0 0
    outer loop
      vertex -6 -11.321369211003871 13.883281572999747
      vertex -6 -11.265809172915441 16.212109111969685
      vertex -6 -11.11426736807213 14.025618726138035
    endloop
  endfacet
  facet normal -1 0 0
    outer loop
      vertex -6 -11.11426736807213 14.025618726138035
      vertex -6 -10.93690205690804 16.34834690018097
      vertex -6 -10.9 14.156921938165304
    endloop
  endfacet
  facet normal -1 0 0
    outer loop
      vertex -6 -10.9 14.156921938165304
      vertex -6 -10.93690205690804 16.34834690018097
      vertex -6 -10.679154398749825 14.276831316104165
    endloop
  endfacet
  facet normal -1 0 0
    outer loop
      vertex -6 -11.520737877039219 13.73030061499346
      vertex -6 -11.587135398228918 16.0588443644809
      vertex -6 -11.265809172915441 16.212109111969685
    endloop
  endfacet
  facet normal -1 0 0
    outer loop
      vertex -6 -11.265809172915441 16.212109111969685
      vertex -6 -10.93690205690804 16.34834690018097
      vertex -6 -11.11426736807213 14.025618726138035
    endloop
  endfacet
  facet normal -1 0 0
    outer loop
      vertex -6 -10.679154398749825 14.276831316104165
      vertex -6 -10.601315561749642 16.467184310807042
      vertex -6 -10.45233588676384 14.385018196684484
    endloop
  endfacet
  facet normal -1 0 0
    outer loop
      vertex -6 -10.679154398749825 14.276831316104165
      vertex -6 -10.93690205690804 16.34834690018097
      vertex -6 -10.601315561749642 16.467184310807042
    endloop
  endfacet
  facet normal -1 0 0
    outer loop
      vertex -6 -10.45233588676384 14.385018196684484
      vertex -6 -10.601315561749642 16.467184310807042
      vertex -6 -10.259969506697141 16.568295618765664
    endloop
  endfacet
  facet normal -1 0 0
    outer loop
      vertex -6 -10.45233588676384 14.385018196684484
      vertex -6 -10.259969506697141 16.568295618765664
      vertex -6 -10.220166157817442 14.481186047186569
    endloop
  endfacet
  facet normal -1 0 0
    outer loop
      vertex -6 -10.220166157817442 14.481186047186569
      vertex -6 -10.259969506697141 16.568295618765664
      vertex -6 -9.983281572999747 14.565071278216736
    endloop
  endfacet
  facet normal -1 0 0
    outer loop
      vertex -6 -9.983281572999747 14.565071278216736
      vertex -6 -10.259969506697141 16.568295618765664
      vertex -6 -9.913799497560763 16.65140368498988
    endloop
  endfacet
  facet normal -1 0 0
    outer loop
      vertex -6 -9.983281572999747 14.565071278216736
      vertex -6 -9.913799497560763 16.65140368498988
      vertex -6 -9.7423314164921 14.636443966187528
    endloop
  endfacet
  facet normal -1 0 0
    outer loop
      vertex -6 -9.7423314164921 14.636443966187528
      vertex -6 -9.56375436227357 16.71628071604694
      vertex -6 -9.497976115925244 14.695108483522267
    endloop
  endfacet
  facet normal -1 0 0
    outer loop
      vertex -6 -9.7423314164921 14.636443966187528
      vertex -6 -9.913799497560763 16.65140368498988
      vertex -6 -9.56375436227357 16.71628071604694
    endloop
  endfacet
  facet normal -1 0 0
    outer loop
      vertex -6 -9.497976115925244 14.695108483522267
      vertex -6 -9.210793550220043 16.76274888850426
      vertex -6 -9.250885432193108 14.740904034856662
    endloop
  endfacet
  facet normal -1 0 0
    outer loop
      vertex -6 -9.250885432193108 14.740904034856662
      vertex -6 -9.210793550220043 16.76274888850426
      vertex -6 -9.001736623684737 14.773705097767712
    endloop
  endfacet
  facet normal -1 0 0
    outer loop
      vertex -6 -9.56375436227357 16.71628071604694
      vertex -6 -9.210793550220043 16.76274888850426
      vertex -6 -9.497976115925244 14.695108483522267
    endloop
  endfacet
  facet normal -1 0 0
    outer loop
      vertex -6 -9.001736623684737 14.773705097767712
      vertex -6 -9.210793550220043 16.76274888850426
      vertex -6 -8.855884502452017 16.790680836331102
    endloop
  endfacet
  facet normal -1 0 0
    outer loop
      vertex -6 -9.001736623684737 14.773705097767712
      vertex -6 -8.855884502452017 16.790680836331102
      vertex -6 -8.75121258996613 14.793421766821954
    endloop
  endfacet
  facet normal -1 0 0
    outer loop
      vertex -6 -8.75121258996613 14.793421766821954
      vertex -6 -8.5 16.8
      vertex -6 -8.5 14.8
    endloop
  endfacet
  facet normal -1 0 0
    outer loop
      vertex -6 -8.5 14.8
      vertex -6 -8.5 16.8
      vertex -6 -8.24878741003387 14.793421766821954
    endloop
  endfacet
  facet normal -1 0 0
    outer loop
      vertex -6 -8.24878741003387 14.793421766821954
      vertex -6 -7.7892064497799565 16.76274888850426
      vertex -6 -7.998263376315263 14.773705097767712
    endloop
  endfacet
  facet normal -1 0 0
    outer loop
      vertex -6 -7.998263376315263 14.773705097767712
      vertex -6 -7.43624563772643 16.71628071604694
      vertex -6 -7.749114567806892 14.740904034856662
    endloop
  endfacet
  facet normal -1 0 0
    outer loop
      vertex -6 -7.749114567806892 14.740904034856662
      vertex -6 -7.43624563772643 16.71628071604694
      vertex -6 -7.502023884074755 14.695108483522267
    endloop
  endfacet
  facet normal -1 0 0
    outer loop
      vertex -6 -7.2576685835079005 14.636443966187528
      vertex -6 -7.502023884074755 14.695108483522267
      vertex -6 -7.086200502439237 16.65140368498988
    endloop
  endfacet
  facet normal -1 0 0
    outer loop
      vertex -6 -8.75121258996613 14.793421766821954
      vertex -6 -8.855884502452017 16.790680836331102
      vertex -6 -8.5 16.8
    endloop
  endfacet
  facet normal -1 0 0
    outer loop
      vertex -6 -8.24878741003387 14.793421766821954
      vertex -6 -8.5 16.8
      vertex -6 -8.144115497547983 16.790680836331102
    endloop
  endfacet
  facet normal -1 0 0
    outer loop
      vertex -6 -8.24878741003387 14.793421766821954
      vertex -6 -8.144115497547983 16.790680836331102
      vertex -6 -7.7892064497799565 16.76274888850426
    endloop
  endfacet
  facet normal -1 0 0
    outer loop
      vertex -6 -7.998263376315263 14.773705097767712
      vertex -6 -7.7892064497799565 16.76274888850426
      vertex -6 -7.43624563772643 16.71628071604694
    endloop
  endfacet
  facet normal -1 0 0
    outer loop
      vertex -6 -7.502023884074755 14.695108483522267
      vertex -6 -7.43624563772643 16.71628071604694
      vertex -6 -7.086200502439237 16.65140368498988
    endloop
  endfacet
  facet normal 0 -0.8788165285912599 0.4771598359824591
    outer loop
      vertex -6 -14.388972745734183 13.4
      vertex -6 -14.388972745879752 13.399999999731897
      vertex 6 -14.388972745879752 13.399999999731897
    endloop
  endfacet
  facet normal 0 -0.8526401643540923 0.5224985647159488
    outer loop
      vertex -6 -14.388972745734183 13.4
      vertex 6 -14.202959862028884 13.703545438102184
      vertex -6 -14.202959862028884 13.703545438102184
    endloop
  endfacet
  facet normal 0 -0.8241261886220156 0.5664062369248328
    outer loop
      vertex -6 -14.202959862028884 13.703545438102184
      vertex 6 -14.001315561749642 13.996939715588818
      vertex -6 -14.001315561749642 13.996939715588818
    endloop
  endfacet
  facet normal 0 -0.49999999996115996 -0.866025403806863
    outer loop
      vertex -6 -14.388972745879752 13.399999999731897
      vertex -6 -12.65692193826806 12.39999999981075
      vertex 6 -14.388972745879752 13.399999999731897
    endloop
  endfacet
  facet normal 0 0.8788185458370394 -0.477156120670029
    outer loop
      vertex -6 -12.656921938165306 12.4
      vertex 6 -12.656921938165306 12.4
      vertex -6 -12.65692193826806 12.39999999981075
    endloop
  endfacet
  facet normal 0 0.852640164354094 -0.5224985647159458
    outer loop
      vertex -6 -12.656921938165306 12.4
      vertex -6 -12.525618726138037 12.614267368072131
      vertex 6 -12.525618726138037 12.614267368072131
    endloop
  endfacet
  facet normal 0 0.8241261886220119 -0.5664062369248382
    outer loop
      vertex -6 -12.525618726138037 12.614267368072131
      vertex -6 -12.383281572999747 12.821369211003871
      vertex 6 -12.383281572999747 12.821369211003871
    endloop
  endfacet
  facet normal 0 0.7933533402912366 -0.6087614290087188
    outer loop
      vertex -6 -12.383281572999747 12.821369211003871
      vertex -6 -12.23030061499346 13.02073787703922
      vertex 6 -12.23030061499346 13.02073787703922
    endloop
  endfacet
  facet normal 0 0.7604059656000306 -0.6494480483301841
    outer loop
      vertex -6 -12.23030061499346 13.02073787703922
      vertex -6 -12.067095162291492 13.21182691052252
      vertex 6 -12.067095162291492 13.21182691052252
    endloop
  endfacet
  facet normal 0 0.7253743710122882 -0.6883545756937534
    outer loop
      vertex -6 -12.067095162291492 13.21182691052252
      vertex -6 -11.894112549695429 13.394112549695429
      vertex 6 -11.894112549695429 13.394112549695429
    endloop
  endfacet
  facet normal 0 0.6883545756937534 -0.7253743710122882
    outer loop
      vertex -6 -11.894112549695429 13.394112549695429
      vertex -6 -11.71182691052252 13.567095162291492
      vertex 6 -11.71182691052252 13.567095162291492
    endloop
  endfacet
  facet normal 0 0.6494480483301805 -0.7604059656000336
    outer loop
      vertex -6 -11.71182691052252 13.567095162291492
      vertex -6 -11.520737877039219 13.73030061499346
      vertex 6 -11.520737877039219 13.73030061499346
    endloop
  endfacet
  facet normal 0 0.6087614290087222 -0.793353340291234
    outer loop
      vertex -6 -11.520737877039219 13.73030061499346
      vertex -6 -11.321369211003871 13.883281572999747
      vertex 6 -11.321369211003871 13.883281572999747
    endloop
  endfacet
  facet normal 0 0.56640623692483 -0.8241261886220176
    outer loop
      vertex -6 -11.321369211003871 13.883281572999747
      vertex -6 -11.11426736807213 14.025618726138035
      vertex 6 -11.11426736807213 14.025618726138035
    endloop
  endfacet
  facet normal 0 -0.7933533402912345 0.6087614290087217
    outer loop
      vertex -6 -14.001315561749642 13.996939715588818
      vertex 6 -13.784592537907402 14.279378659138894
      vertex -6 -13.784592537907402 14.279378659138894
    endloop
  endfacet
  facet normal 0 -0.7604059656000315 0.6494480483301829
    outer loop
      vertex -6 -13.784592537907402 14.279378659138894
      vertex 6 -13.55338481324628 14.550088123240236
      vertex -6 -13.55338481324628 14.550088123240236
    endloop
  endfacet
  facet normal 0 -0.7253743710122883 0.6883545756937535
    outer loop
      vertex -6 -13.55338481324628 14.550088123240236
      vertex 6 -13.308326112068523 14.808326112068524
      vertex -6 -13.308326112068523 14.808326112068524
    endloop
  endfacet
  facet normal 0 -0.6883545756937508 0.7253743710122907
    outer loop
      vertex -6 -13.308326112068523 14.808326112068524
      vertex 6 -13.308326112068523 14.808326112068524
      vertex -6 -13.050088123240235 15.05338481324628
    endloop
  endfacet
  facet normal 0 -0.6494480483301854 0.7604059656000295
    outer loop
      vertex -6 -13.050088123240235 15.05338481324628
      vertex 6 -13.050088123240235 15.05338481324628
      vertex -6 -12.779378659138894 15.284592537907402
    endloop
  endfacet
  facet normal 0 -0.6087614290087217 0.7933533402912345
    outer loop
      vertex -6 -12.779378659138894 15.284592537907402
      vertex 6 -12.779378659138894 15.284592537907402
      vertex -6 -12.496939715588818 15.501315561749642
    endloop
  endfacet
  facet normal 0 -0.5664062369248328 0.8241261886220156
    outer loop
      vertex -6 -12.496939715588818 15.501315561749642
      vertex 6 -12.496939715588818 15.501315561749642
      vertex -6 -12.203545438102184 15.702959862028884
    endloop
  endfacet
  facet normal 0 -0.5224985647159488 0.8526401643540923
    outer loop
      vertex -6 -12.203545438102184 15.702959862028884
      vertex 6 -12.203545438102184 15.702959862028884
      vertex -6 -11.9 15.888972745734183
    endloop
  endfacet
  facet normal 0 -0.4771587602596075 0.8788171126619658
    outer loop
      vertex -6 -11.9 15.888972745734183
      vertex 6 -11.9 15.888972745734183
      vertex -6 -11.587135398228918 16.0588443644809
    endloop
  endfacet
  facet normal 0 0.522498564715949 -0.8526401643540921
    outer loop
      vertex -6 -11.11426736807213 14.025618726138035
      vertex -6 -10.9 14.156921938165304
      vertex 6 -10.9 14.156921938165304
    endloop
  endfacet
  facet normal 0 -0.4305110968082928 0.9025852843498616
    outer loop
      vertex -6 -11.587135398228918 16.0588443644809
      vertex 6 -11.587135398228918 16.0588443644809
      vertex -6 -11.265809172915441 16.212109111969685
    endloop
  endfacet
  facet normal 0 -0.3826834323650895 0.9238795325112868
    outer loop
      vertex -6 -11.265809172915441 16.212109111969685
      vertex 6 -11.265809172915441 16.212109111969685
      vertex -6 -10.93690205690804 16.34834690018097
    endloop
  endfacet
  facet normal 0 -0.33380685923376785 0.9426414910921794
    outer loop
      vertex -6 -10.93690205690804 16.34834690018097
      vertex 6 -10.93690205690804 16.34834690018097
      vertex -6 -10.601315561749642 16.467184310807042
    endloop
  endfacet
  facet normal 0 0.4771587602596088 -0.8788171126619652
    outer loop
      vertex -6 -10.9 14.156921938165304
      vertex -6 -10.679154398749825 14.276831316104165
      vertex 6 -10.679154398749825 14.276831316104165
    endloop
  endfacet
  facet normal 0 0.4305110968082981 -0.9025852843498592
    outer loop
      vertex -6 -10.679154398749825 14.276831316104165
      vertex -6 -10.45233588676384 14.385018196684484
      vertex 6 -10.45233588676384 14.385018196684484
    endloop
  endfacet
  facet normal 0 0.382683432365091 -0.9238795325112863
    outer loop
      vertex -6 -10.45233588676384 14.385018196684484
      vertex -6 -10.220166157817442 14.481186047186569
      vertex 6 -10.220166157817442 14.481186047186569
    endloop
  endfacet
  facet normal 0 0.3338068592337667 -0.9426414910921799
    outer loop
      vertex -6 -10.220166157817442 14.481186047186569
      vertex -6 -9.983281572999747 14.565071278216736
      vertex 6 -9.983281572999747 14.565071278216736
    endloop
  endfacet
  facet normal 0 0.28401534470392686 -0.9588197348681917
    outer loop
      vertex -6 -9.983281572999747 14.565071278216736
      vertex -6 -9.7423314164921 14.636443966187528
      vertex 6 -9.7423314164921 14.636443966187528
    endloop
  endfacet
  facet normal 0 0.23344536385590328 -0.9723699203976772
    outer loop
      vertex -6 -9.7423314164921 14.636443966187528
      vertex -6 -9.497976115925244 14.695108483522267
      vertex 6 -9.497976115925244 14.695108483522267
    endloop
  endfacet
  facet normal 0 0.18223552549215202 -0.9832549075639537
    outer loop
      vertex -6 -9.497976115925244 14.695108483522267
      vertex -6 -9.250885432193108 14.740904034856662
      vertex 6 -9.250885432193108 14.740904034856662
    endloop
  endfacet
  facet normal 0 0.13052619222004722 -0.9914448613738109
    outer loop
      vertex -6 -9.250885432193108 14.740904034856662
      vertex -6 -9.001736623684737 14.773705097767712
      vertex 6 -9.001736623684737 14.773705097767712
    endloop
  endfacet
  facet normal 0 -0.2840153447039271 0.9588197348681918
    outer loop
      vertex -6 -10.601315561749642 16.467184310807042
      vertex 6 -10.601315561749642 16.467184310807042
      vertex -6 -10.259969506697141 16.568295618765664
    endloop
  endfacet
  facet normal 0 -0.23344536385591208 0.9723699203976749
    outer loop
      vertex -6 -10.259969506697141 16.568295618765664
      vertex 6 -10.259969506697141 16.568295618765664
      vertex -6 -9.913799497560763 16.65140368498988
    endloop
  endfacet
  facet normal 0 -0.18223552549214825 0.9832549075639544
    outer loop
      vertex -6 -9.913799497560763 16.65140368498988
      vertex 6 -9.913799497560763 16.65140368498988
      vertex -6 -9.56375436227357 16.71628071604694
    endloop
  endfacet
  facet normal 0 -0.13052619222004608 0.991444861373811
    outer loop
      vertex -6 -9.56375436227357 16.71628071604694
      vertex 6 -9.56375436227357 16.71628071604694
      vertex -6 -9.210793550220043 16.76274888850426
    endloop
  endfacet
  facet normal 0 -0.07845909572784426 0.996917333733128
    outer loop
      vertex -6 -9.210793550220043 16.76274888850426
      vertex 6 -9.210793550220043 16.76274888850426
      vertex -6 -8.855884502452017 16.790680836331102
    endloop
  endfacet
  facet normal 0 0.07845909572784274 -0.9969173337331282
    outer loop
      vertex -6 -9.001736623684737 14.773705097767712
      vertex -6 -8.75121258996613 14.793421766821954
      vertex 6 -8.75121258996613 14.793421766821954
    endloop
  endfacet
  facet normal 0 0.02617694830787892 -0.9996573249755571
    outer loop
      vertex -6 -8.75121258996613 14.793421766821954
      vertex -6 -8.5 14.8
      vertex 6 -8.5 14.8
    endloop
  endfacet
  facet normal 0 -0.02617694830787892 -0.9996573249755571
    outer loop
      vertex -6 -8.5 14.8
      vertex -6 -8.24878741003387 14.793421766821954
      vertex 6 -8.24878741003387 14.793421766821954
    endloop
  endfacet
  facet normal 0 -0.07845909572784274 -0.9969173337331282
    outer loop
      vertex -6 -8.24878741003387 14.793421766821954
      vertex -6 -7.998263376315263 14.773705097767712
      vertex 6 -7.998263376315263 14.773705097767712
    endloop
  endfacet
  facet normal 0 -0.13052619222004722 -0.9914448613738109
    outer loop
      vertex -6 -7.998263376315263 14.773705097767712
      vertex -6 -7.749114567806892 14.740904034856662
      vertex 6 -7.749114567806892 14.740904034856662
    endloop
  endfacet
  facet normal 0 -0.1822355254921514 -0.983254907563954
    outer loop
      vertex -6 -7.749114567806892 14.740904034856662
      vertex -6 -7.502023884074755 14.695108483522267
      vertex 6 -7.502023884074755 14.695108483522267
    endloop
  endfacet
  facet normal 0 -0.2334453638559041 -0.972369920397677
    outer loop
      vertex -6 -7.2576685835079005 14.636443966187528
      vertex 6 -7.2576685835079005 14.636443966187528
      vertex -6 -7.502023884074755 14.695108483522267
    endloop
  endfacet
  facet normal 0 -0.02617694830787559 0.9996573249755571
    outer loop
      vertex -6 -8.855884502452017 16.790680836331102
      vertex 6 -8.855884502452017 16.790680836331102
      vertex -6 -8.5 16.8
    endloop
  endfacet
  facet normal 0 0.02617694830787559 0.9996573249755571
    outer loop
      vertex -6 -8.5 16.8
      vertex 6 -8.5 16.8
      vertex -6 -8.144115497547983 16.790680836331102
    endloop
  endfacet
  facet normal 0 0.07845909572784407 0.996917333733128
    outer loop
      vertex -6 -8.144115497547983 16.790680836331102
      vertex 6 -8.144115497547983 16.790680836331102
      vertex -6 -7.7892064497799565 16.76274888850426
    endloop
  endfacet
  facet normal 0 0.13052619222004674 0.991444861373811
    outer loop
      vertex -6 -7.7892064497799565 16.76274888850426
      vertex 6 -7.7892064497799565 16.76274888850426
      vertex -6 -7.43624563772643 16.71628071604694
    endloop
  endfacet
  facet normal 0 0.18223552549214783 0.9832549075639546
    outer loop
      vertex -6 -7.43624563772643 16.71628071604694
      vertex 6 -7.43624563772643 16.71628071604694
      vertex -6 -7.086200502439237 16.65140368498988
    endloop
  endfacet
  facet normal -1 0 0
    outer loop
      vertex -6 -7.086200502439237 3.3485963150101217
      vertex -6 -7.016718427000253 5.434928721783264
      vertex -6 -6.740030493302859 3.4317043812343355
    endloop
  endfacet
  facet normal -1 0 0
    outer loop
      vertex -6 -7.086200502439237 3.3485963150101217
      vertex -6 -7.2576685835079005 5.363556033812472
      vertex -6 -7.016718427000253 5.434928721783264
    endloop
  endfacet
  facet normal -1 0 0
    outer loop
      vertex -6 -6.740030493302859 3.4317043812343355
      vertex -6 -7.016718427000253 5.434928721783264
      vertex -6 -6.779833842182558 5.5188139528134315
    endloop
  endfacet
  facet normal -1 0 0
    outer loop
      vertex -6 -6.740030493302859 3.4317043812343355
      vertex -6 -6.547664113236159 5.614981803315516
      vertex -6 -6.398684438250358 3.5328156891929563
    endloop
  endfacet
  facet normal -1 0 0
    outer loop
      vertex -6 -6.740030493302859 3.4317043812343355
      vertex -6 -6.779833842182558 5.5188139528134315
      vertex -6 -6.547664113236159 5.614981803315516
    endloop
  endfacet
  facet normal -1 0 0
    outer loop
      vertex -6 -6.398684438250358 3.5328156891929563
      vertex -6 -6.547664113236159 5.614981803315516
      vertex -6 -6.320845601250175 5.723168683895834
    endloop
  endfacet
  facet normal -1 0 0
    outer loop
      vertex -6 -6.398684438250358 3.5328156891929563
      vertex -6 -6.320845601250175 5.723168683895834
      vertex -6 -6.063097943091958 3.651653099819028
    endloop
  endfacet
  facet normal -1 0 0
    outer loop
      vertex -6 -6.063097943091958 3.651653099819028
      vertex -6 -5.88573263192787 5.974381273861964
      vertex -6 -5.734190827084559 3.787890888030314
    endloop
  endfacet
  facet normal -1 0 0
    outer loop
      vertex -6 -5.734190827084559 3.787890888030314
      vertex -6 -5.4792621229607805 6.26969938500654
      vertex -6 -5.412864601771082 3.941155635519099
    endloop
  endfacet
  facet normal -1 0 0
    outer loop
      vertex -6 -6.063097943091958 3.651653099819028
      vertex -6 -6.320845601250175 5.723168683895834
      vertex -6 -6.1 5.843078061834695
    endloop
  endfacet
  facet normal -1 0 0
    outer loop
      vertex -6 -6.063097943091958 3.651653099819028
      vertex -6 -6.1 5.843078061834695
      vertex -6 -5.88573263192787 5.974381273861964
    endloop
  endfacet
  facet normal -1 0 0
    outer loop
      vertex -6 -5.734190827084559 3.787890888030314
      vertex -6 -5.88573263192787 5.974381273861964
      vertex -6 -5.678630788996129 6.116718427000253
    endloop
  endfacet
  facet normal -1 0 0
    outer loop
      vertex -6 -5.734190827084559 3.787890888030314
      vertex -6 -5.678630788996129 6.116718427000253
      vertex -6 -5.4792621229607805 6.26969938500654
    endloop
  endfacet
  facet normal -1 0 0
    outer loop
      vertex -6 -5.412864601771082 3.941155635519099
      vertex -6 -5.28817308947748 6.432904837708508
      vertex -6 -5.1 4.111027254265817
    endloop
  endfacet
  facet normal -1 0 0
    outer loop
      vertex -6 -5.412864601771082 3.941155635519099
      vertex -6 -5.4792621229607805 6.26969938500654
      vertex -6 -5.28817308947748 6.432904837708508
    endloop
  endfacet
  facet normal -1 0 0
    outer loop
      vertex -6 -5.1 4.111027254265817
      vertex -6 -5.28817308947748 6.432904837708508
      vertex -6 -5.1058874503045715 6.6058874503045715
    endloop
  endfacet
  facet normal -1 0 0
    outer loop
      vertex -6 -5.1 4.111027254265817
      vertex -6 -5.1058874503045715 6.6058874503045715
      vertex -6 -4.932904837708508 6.78817308947748
    endloop
  endfacet
  facet normal -1 0 0
    outer loop
      vertex -6 -5.1 4.111027254265817
      vertex -6 -4.932904837708508 6.78817308947748
      vertex -6 -4.796454561897816 4.297040137971116
    endloop
  endfacet
  facet normal -1 0 0
    outer loop
      vertex -6 -4.796454561897816 4.297040137971116
      vertex -6 -4.616718427000253 7.178630788996129
      vertex -6 -4.503060284411182 4.498684438250358
    endloop
  endfacet
  facet normal -1 0 0
    outer loop
      vertex -6 -4.503060284411182 4.498684438250358
      vertex -6 -4.343078061834695 7.6
      vertex -6 -4.220621340861106 4.715407462092598
    endloop
  endfacet
  facet normal -1 0 0
    outer loop
      vertex -6 -4.220621340861106 4.715407462092598
      vertex -6 -3.4845542961840863 5.409932397271184
      vertex -6 -3.9499118767597645 4.94661518675372
    endloop
  endfacet
  facet normal -1 0 0
    outer loop
      vertex -6 -3.9499118767597645 4.94661518675372
      vertex -6 -3.4845542961840863 5.409932397271184
      vertex -6 -3.6916738879314765 5.1916738879314765
    endloop
  endfacet
  facet normal -1 0 0
    outer loop
      vertex -6 -4.220621340861106 4.715407462092598
      vertex -6 -4.223168683895834 7.820845601250175
      vertex -6 -3.4845542961840863 5.409932397271184
    endloop
  endfacet
  facet normal -1 0 0
    outer loop
      vertex -6 -4.796454561897816 4.297040137971116
      vertex -6 -4.932904837708508 6.78817308947748
      vertex -6 -4.76969938500654 6.9792621229607805
    endloop
  endfacet
  facet normal -1 0 0
    outer loop
      vertex -6 -4.796454561897816 4.297040137971116
      vertex -6 -4.76969938500654 6.9792621229607805
      vertex -6 -4.616718427000253 7.178630788996129
    endloop
  endfacet
  facet normal -1 0 0
    outer loop
      vertex -6 -4.503060284411182 4.498684438250358
      vertex -6 -4.616718427000253 7.178630788996129
      vertex -6 -4.474381273861964 7.38573263192787
    endloop
  endfacet
  facet normal -1 0 0
    outer loop
      vertex -6 -4.503060284411182 4.498684438250358
      vertex -6 -4.474381273861964 7.38573263192787
      vertex -6 -4.343078061834695 7.6
    endloop
  endfacet
  facet normal -1 0 0
    outer loop
      vertex -6 -4.220621340861106 4.715407462092598
      vertex -6 -4.343078061834695 7.6
      vertex -6 -4.223168683895834 7.820845601250175
    endloop
  endfacet
  facet normal -1 0 0
    outer loop
      vertex -6 -3.4845542961840863 5.409932397271184
      vertex -6 -4.223168683895834 7.820845601250175
      vertex -6 -4.204568311177416 7.85984209361363
    endloop
  endfacet
  facet normal -1 0 0
    outer loop
      vertex -6 -3.4845542961840863 5.409932397271184
      vertex -6 -4.204568311177416 7.85984209361363
      vertex -6 -3.4845542961840863 7.85984209361363
    endloop
  endfacet
  facet normal -0.9315910880512791 0 0.36350797056382994
    outer loop
      vertex -6 -4.204568311177416 7.85984209361363
      vertex -5.926711620521184 -4.114981803315516 8.04766411323616
      vertex -6 -3.4845542961840863 7.85984209361363
    endloop
  endfacet
  facet normal -0.9315910880512703 7.545794167838385e-15 0.3635079705638518
    outer loop
      vertex -5.926711620521184 -4.114981803315516 8.04766411323616
      vertex -5.925096549796192 -4.113267343749779 8.051803184771899
      vertex -6 -3.4845542961840863 7.85984209361363
    endloop
  endfacet
  facet normal -0.9315910880512788 0 0.36350797056383044
    outer loop
      vertex -5.925096549796192 -4.113267343749779 8.051803184771899
      vertex -5.925096549796192 -3.293957171180889 8.051803184771899
      vertex -6 -3.4845542961840863 7.85984209361363
    endloop
  endfacet
  facet normal -0.9584274824582527 0 0.2853362242491055
    outer loop
      vertex -5.925096549796192 -4.113267343749779 8.051803184771899
      vertex -5.857208881725871 -4.0188139528134315 8.279833842182558
      vertex -5.925096549796192 -3.293957171180889 8.051803184771899
    endloop
  endfacet
  facet normal -0.9584274824582532 -4.704607746388327e-16 0.2853362242491041
    outer loop
      vertex -5.857208881725871 -4.0188139528134315 8.279833842182558
      vertex -5.786685285259988 -3.9349287217832636 8.516718427000253
      vertex -5.925096549796192 -3.293957171180889 8.051803184771899
    endloop
  endfacet
  facet normal -0.9584274824582513 6.589539431848889e-15 0.28533622424910976
    outer loop
      vertex -5.925096549796192 -3.293957171180889 8.051803184771899
      vertex -5.786685285259988 -3.9349287217832636 8.516718427000253
      vertex -5.783598404364017 -3.931857387682826 8.527087077155205
    endloop
  endfacet
  facet normal -1.5467091686192368e-15 0.7253743710122895 -0.6883545756937521
    outer loop
      vertex -6 -3.6916738879314765 5.1916738879314765
      vertex -6 -3.4845542961840863 5.409932397271184
      vertex -5.985090172824241 -3.4466151867537196 5.4499118767597645
    endloop
  endfacet
  facet normal -0.9307082643965174 0.3657623908824173 5.895790973994811e-14
    outer loop
      vertex -6 -3.4845542961840863 5.409932397271184
      vertex -5.8942270168841935 -3.215407462092598 5.720621340861106
      vertex -5.985090172824241 -3.4466151867537196 5.4499118767597645
    endloop
  endfacet
  facet normal -0.9307082643965021 0.3657623908824564 1.8705240918791094e-14
    outer loop
      vertex -6 -3.4845542961840863 5.409932397271184
      vertex -5.809573262183687 -2.9999999979138376 6.001345813678249
      vertex -5.8942270168841935 -3.215407462092598 5.720621340861106
    endloop
  endfacet
  facet normal -1 0 0
    outer loop
      vertex -5.42264973372221 -2 1.9900000000000002
      vertex -5.42264973372221 -1.9900000020861626 5.236865504164129
      vertex -5.42264973372221 -1.5100000000000002 4.873593569983358
    endloop
  endfacet
  facet normal -0.9307082643964942 0.36576239088247625 0
    outer loop
      vertex -5.809573262183687 -2.9999999979138376 6.001250192523003
      vertex -5.809573262183687 -2.9999999979138376 6.001345813678249
      vertex -5.420509599527361 -2.01 5.252001833110367
    endloop
  endfacet
  facet normal -1 0 0
    outer loop
      vertex -5.42264973372221 -2 1.9900000000000002
      vertex -5.42264973372221 -1.5100000000000002 4.866025403784438
      vertex -5.42264973372221 -1.5 1.9900000000000002
    endloop
  endfacet
  facet normal -1 0 0
    outer loop
      vertex -5.42264973372221 -2 1.9900000000000002
      vertex -5.42264973372221 -1.5100000000000002 4.873593569983358
      vertex -5.42264973372221 -1.5100000000000002 4.866025403784438
    endloop
  endfacet
  facet normal -1 0 0
    outer loop
      vertex -5.42264973372221 -1.5 1.9900000000000002
      vertex -5.42264973372221 -1.5100000000000002 4.866025403784438
      vertex -5.42264973372221 -1.5 4.866025403784438
    endloop
  endfacet
  facet normal -1 0 0
    outer loop
      vertex -5.42264973372221 -1.5100000000000002 4.873593569983358
      vertex -5.42264973372221 -1.5 4.866025403784438
      vertex -5.42264973372221 -1.5100000000000002 4.866025403784438
    endloop
  endfacet
  facet normal -0.9307082643964937 0.3657623908824774 -7.744780840394135e-17
    outer loop
      vertex -6 -3.4845542961840863 5.409932397271184
      vertex -5.925096549796192 -3.293957171180889 8.051803184771899
      vertex -5.809573262183687 -2.9999999979138376 6.001345813678249
    endloop
  endfacet
  facet normal -0.9307082643964941 0.3657623908824765 0
    outer loop
      vertex -6 -3.4845542961840863 5.409932397271184
      vertex -6 -3.4845542961840863 7.85984209361363
      vertex -5.925096549796192 -3.293957171180889 8.051803184771899
    endloop
  endfacet
  facet normal -0.9307082643964939 0.36576239088247703 -1.314810122503247e-16
    outer loop
      vertex -5.809573262183687 -2.9999999979138376 6.001345813678249
      vertex -5.925096549796192 -3.293957171180889 8.051803184771899
      vertex -5.783598404364017 -2.933905135670174 8.527087077155205
    endloop
  endfacet
  facet normal -0.9307082643964943 0.3657623908824762 -1.0636798844643191e-16
    outer loop
      vertex -5.809573262183687 -2.9999999979138376 6.001345813678249
      vertex -5.783598404364017 -2.933905135670174 8.527087077155205
      vertex -5.420509599527361 -2.01 5.252001833110367
    endloop
  endfacet
  facet normal -0.9307082643964941 0.3657623908824765 0
    outer loop
      vertex -5.783598404364017 -2.933905135670174 8.527087077155205
      vertex -5.681832179583665 -2.6749537814563453 9.012432458315596
      vertex -5.420509599527361 -2.01 5.252001833110367
    endloop
  endfacet
  facet normal -0.9307082643964941 0.36576239088247664 2.1193676307266867e-17
    outer loop
      vertex -5.681832179583665 -2.6749537814563453 9.012432458315596
      vertex -5.62049304195998 -2.5188720088619045 9.504523927166007
      vertex -5.420509599527361 -2.01 5.252001833110367
    endloop
  endfacet
  facet normal -1 0 0
    outer loop
      vertex -5.422649730810374 -2.01 18.009999999999998
      vertex -5.422649730810374 -2 1.9900000000000002
      vertex -5.422649730810374 -2.01 1.9900000000000002
    endloop
  endfacet
  facet normal 0 -1 0
    outer loop
      vertex -5.422649730810374 -2 18.009999999999998
      vertex -5.42264973372221 -2 1.9900000000000002
      vertex -5.422649730810374 -2 1.9900000000000002
    endloop
  endfacet
  facet normal -0.9584274824582527 0 0.2853362242491049
    outer loop
      vertex -5.925096549796192 -3.293957171180889 8.051803184771899
      vertex -5.783598404364017 -3.931857387682826 8.527087077155205
      vertex -5.783598404364017 -2.933905135670174 8.527087077155205
    endloop
  endfacet
  facet normal -0.9787168453273544 0 0.20521534219563448
    outer loop
      vertex -5.783598404364017 -3.931857387682826 8.527087077155205
      vertex -5.735250546701134 -3.863556033812472 8.7576685835079
      vertex -5.783598404364017 -2.933905135670174 8.527087077155205
    endloop
  endfacet
  facet normal -0.978716845327354 5.431455790921909e-16 0.20521534219563659
    outer loop
      vertex -5.735250546701134 -3.863556033812472 8.7576685835079
      vertex -5.684014628097554 -3.804891516477733 9.002023884074756
      vertex -5.783598404364017 -2.933905135670174 8.527087077155205
    endloop
  endfacet
  facet normal -0.9787168453273574 -8.631944948832567e-15 0.20521534219562051
    outer loop
      vertex -5.684014628097554 -3.804891516477733 9.002023884074756
      vertex -5.681832179583665 -3.802962401268837 9.012432458315596
      vertex -5.783598404364017 -2.933905135670174 8.527087077155205
    endloop
  endfacet
  facet normal -0.9787168453273543 0 0.20521534219563528
    outer loop
      vertex -5.681832179583665 -3.802962401268837 9.012432458315596
      vertex -5.681832179583665 -2.6749537814563453 9.012432458315596
      vertex -5.783598404364017 -2.933905135670174 8.527087077155205
    endloop
  endfacet
  facet normal -0.992320579737045 0 0.12369263126934828
    outer loop
      vertex -5.681832179583665 -3.802962401268837 9.012432458315596
      vertex -5.652329785402627 -3.759095965143339 9.249114567806892
      vertex -5.681832179583665 -2.6749537814563453 9.012432458315596
    endloop
  endfacet
  facet normal -0.992320579737045 -2.4469667272314476e-16 0.12369263126934715
    outer loop
      vertex -5.652329785402627 -3.759095965143339 9.249114567806892
      vertex -5.621273418809697 -3.726294902232288 9.498263376315263
      vertex -5.681832179583665 -2.6749537814563453 9.012432458315596
    endloop
  endfacet
  facet normal -0.9923205797370444 2.389486010598744e-15 0.12369263126935275
    outer loop
      vertex -5.621273418809697 -3.726294902232288 9.498263376315263
      vertex -5.62049304195998 -3.7258021861946724 9.504523927166007
      vertex -5.681832179583665 -2.6749537814563453 9.012432458315596
    endloop
  endfacet
  facet normal -0.9923205797370451 0 0.12369263126934776
    outer loop
      vertex -5.62049304195998 -3.7258021861946724 9.504523927166007
      vertex -5.62049304195998 -2.5188720088619045 9.504523927166007
      vertex -5.681832179583665 -2.6749537814563453 9.012432458315596
    endloop
  endfacet
  facet normal -0.9991457583873011 0 0.041324974248812325
    outer loop
      vertex -5.62049304195998 -3.7258021861946724 9.504523927166007
      vertex -5.610390229577798 -3.706578233178046 9.74878741003387
      vertex -5.62049304195998 -2.5188720088619045 9.504523927166007
    endloop
  endfacet
  facet normal -0.999145758387301 4.333485659358182e-17 0.04132497424881253
    outer loop
      vertex -5.610390229577798 -3.706578233178046 9.74878741003387
      vertex -5.6 -3.7 10
      vertex -5.62049304195998 -2.5188720088619045 9.504523927166007
    endloop
  endfacet
  facet normal -0.999145758387301 0 0.04132497424881242
    outer loop
      vertex -5.6 -3.7 10
      vertex -5.6 -2.4667260146585086 10
      vertex -5.62049304195998 -2.5188720088619045 9.504523927166007
    endloop
  endfacet
  facet normal -0.9307082643964939 0.36576239088247725 1.0561649135204221e-16
    outer loop
      vertex -5.62049304195998 -2.5188720088619045 9.504523927166007
      vertex -5.6 -2.4667260146585086 10
      vertex -5.420509599527361 -2.01 5.252001833110367
    endloop
  endfacet
  facet normal 0 -1 0
    outer loop
      vertex -5.422649730810374 -2.01 18.009999999999998
      vertex -5.422649730810374 -2.01 1.9900000000000002
      vertex -5.420509599527361 -2.01 5.252001833110367
    endloop
  endfacet
  facet normal -1 0 0
    outer loop
      vertex -5.42264973372221 -2 18.009999999999998
      vertex -5.42264973372221 -1.9900000020861626 5.236865504164129
      vertex -5.42264973372221 -2 1.9900000000000002
    endloop
  endfacet
  facet normal -0.8660254048763769 -0.4999999981087072 0
    outer loop
      vertex -6 -0.5 18.009999999999998
      vertex -6 -0.5 1.9900000000000002
      vertex -5.42264973372221 -1.5 1.9900000000000002
    endloop
  endfacet
  facet normal -1 0 0
    outer loop
      vertex -6 0 18.009999999999998
      vertex -6 0 1.9900000000000002
      vertex -6 -0.5 1.9900000000000002
    endloop
  endfacet
  facet normal -1 0 0
    outer loop
      vertex -5.42264973372221 -1.5100000000000002 4.873593569983358
      vertex -5.42264973372221 -1.9900000020861626 5.236865504164129
      vertex -5.42264973372221 -1.5100000000000002 15.126406430016642
    endloop
  endfacet
  facet normal -1 0 0
    outer loop
      vertex -5.42264973372221 -1.5100000000000002 4.873593569983358
      vertex -5.42264973372221 -1.5100000000000002 15.126406430016642
      vertex -5.42264973372221 -1.5 4.866025403784438
    endloop
  endfacet
  facet normal -0.866025404876377 -0.49999999810870727 0
    outer loop
      vertex -6 -0.5 18.009999999999998
      vertex -5.42264973372221 -1.5 1.9900000000000002
      vertex -5.42264973372221 -1.5 4.866025403784438
    endloop
  endfacet
  facet normal 0 0.23344536385590503 -0.9723699203976768
    outer loop
      vertex -6 -7.086200502439237 3.3485963150101217
      vertex -6 -6.740030493302859 3.4317043812343355
      vertex 6 -6.740030493302859 3.4317043812343355
    endloop
  endfacet
  facet normal 0 0.28401534470392475 -0.9588197348681924
    outer loop
      vertex -6 -6.740030493302859 3.4317043812343355
      vertex -6 -6.398684438250358 3.5328156891929563
      vertex 6 -6.398684438250358 3.5328156891929563
    endloop
  endfacet
  facet normal 0 0.3338068592337693 -0.942641491092179
    outer loop
      vertex -6 -6.398684438250358 3.5328156891929563
      vertex -6 -6.063097943091958 3.651653099819028
      vertex 6 -6.063097943091958 3.651653099819028
    endloop
  endfacet
  facet normal 0 0.3826834323650904 -0.9238795325112864
    outer loop
      vertex -6 -6.063097943091958 3.651653099819028
      vertex -6 -5.734190827084559 3.787890888030314
      vertex 6 -5.734190827084559 3.787890888030314
    endloop
  endfacet
  facet normal 0 0.43051109680829486 -0.9025852843498607
    outer loop
      vertex -6 -5.734190827084559 3.787890888030314
      vertex -6 -5.412864601771082 3.941155635519099
      vertex 6 -5.412864601771082 3.941155635519099
    endloop
  endfacet
  facet normal 0 -0.28401534470392686 0.9588197348681917
    outer loop
      vertex -6 -7.2576685835079005 5.363556033812472
      vertex 6 -7.2576685835079005 5.363556033812472
      vertex -6 -7.016718427000253 5.434928721783264
    endloop
  endfacet
  facet normal 0 -0.3338068592337667 0.9426414910921799
    outer loop
      vertex -6 -7.016718427000253 5.434928721783264
      vertex 6 -7.016718427000253 5.434928721783264
      vertex -6 -6.779833842182558 5.5188139528134315
    endloop
  endfacet
  facet normal 0 -0.382683432365091 0.9238795325112863
    outer loop
      vertex -6 -6.779833842182558 5.5188139528134315
      vertex 6 -6.779833842182558 5.5188139528134315
      vertex -6 -6.547664113236159 5.614981803315516
    endloop
  endfacet
  facet normal 0 -0.43051109680829525 0.9025852843498606
    outer loop
      vertex -6 -6.547664113236159 5.614981803315516
      vertex 6 -6.547664113236159 5.614981803315516
      vertex -6 -6.320845601250175 5.723168683895834
    endloop
  endfacet
  facet normal 0 -0.4771587602596088 0.8788171126619652
    outer loop
      vertex -6 -6.320845601250175 5.723168683895834
      vertex 6 -6.320845601250175 5.723168683895834
      vertex -6 -6.1 5.843078061834695
    endloop
  endfacet
  facet normal 0 -0.5224985647159475 0.8526401643540931
    outer loop
      vertex -6 -6.1 5.843078061834695
      vertex 6 -6.1 5.843078061834695
      vertex -6 -5.88573263192787 5.974381273861964
    endloop
  endfacet
  facet normal 0 0.4771587602596075 -0.8788171126619658
    outer loop
      vertex -6 -5.412864601771082 3.941155635519099
      vertex -6 -5.1 4.111027254265817
      vertex 6 -5.1 4.111027254265817
    endloop
  endfacet
  facet normal 0 0.5224985647159488 -0.8526401643540923
    outer loop
      vertex -6 -5.1 4.111027254265817
      vertex -6 -4.796454561897816 4.297040137971116
      vertex 6 -4.796454561897816 4.297040137971116
    endloop
  endfacet
  facet normal 0 0.5664062369248328 -0.8241261886220156
    outer loop
      vertex -6 -4.796454561897816 4.297040137971116
      vertex -6 -4.503060284411182 4.498684438250358
      vertex 6 -4.503060284411182 4.498684438250358
    endloop
  endfacet
  facet normal 0 0.6087614290087217 -0.7933533402912345
    outer loop
      vertex -6 -4.503060284411182 4.498684438250358
      vertex -6 -4.220621340861106 4.715407462092598
      vertex 6 -4.220621340861106 4.715407462092598
    endloop
  endfacet
  facet normal 0 0.6494480483301842 -0.7604059656000306
    outer loop
      vertex -6 -4.220621340861106 4.715407462092598
      vertex -6 -3.9499118767597645 4.94661518675372
      vertex 6 -3.9499118767597645 4.94661518675372
    endloop
  endfacet
  facet normal 0 0.6883545756937521 -0.7253743710122895
    outer loop
      vertex -6 -3.9499118767597645 4.94661518675372
      vertex -6 -3.6916738879314765 5.1916738879314765
      vertex 6 -3.6916738879314765 5.1916738879314765
    endloop
  endfacet
  facet normal 0 0.7253743710122895 -0.6883545756937521
    outer loop
      vertex -6 -3.6916738879314765 5.1916738879314765
      vertex -5.985090172824241 -3.4466151867537196 5.4499118767597645
      vertex 6 -3.6916738879314765 5.1916738879314765
    endloop
  endfacet
  facet normal 0 -0.5664062369248342 0.8241261886220148
    outer loop
      vertex -6 -5.88573263192787 5.974381273861964
      vertex 6 -5.88573263192787 5.974381273861964
      vertex -6 -5.678630788996129 6.116718427000253
    endloop
  endfacet
  facet normal 0 -0.6087614290087204 0.7933533402912353
    outer loop
      vertex -6 -5.678630788996129 6.116718427000253
      vertex 6 -5.678630788996129 6.116718427000253
      vertex -6 -5.4792621229607805 6.26969938500654
    endloop
  endfacet
  facet normal 0 -0.6494480483301822 0.760405965600032
    outer loop
      vertex -6 -5.4792621229607805 6.26969938500654
      vertex 6 -5.4792621229607805 6.26969938500654
      vertex -6 -5.28817308947748 6.432904837708508
    endloop
  endfacet
  facet normal 0 -0.6883545756937534 0.7253743710122882
    outer loop
      vertex -6 -5.28817308947748 6.432904837708508
      vertex 6 -5.28817308947748 6.432904837708508
      vertex -6 -5.1058874503045715 6.6058874503045715
    endloop
  endfacet
  facet normal 0 -0.7253743710122882 0.6883545756937534
    outer loop
      vertex -6 -5.1058874503045715 6.6058874503045715
      vertex 6 -5.1058874503045715 6.6058874503045715
      vertex -6 -4.932904837708508 6.78817308947748
    endloop
  endfacet
  facet normal 0 -0.760405965600032 0.6494480483301822
    outer loop
      vertex -6 -4.932904837708508 6.78817308947748
      vertex 6 -4.932904837708508 6.78817308947748
      vertex -6 -4.76969938500654 6.9792621229607805
    endloop
  endfacet
  facet normal 0 -0.7933533402912353 0.6087614290087204
    outer loop
      vertex -6 -4.76969938500654 6.9792621229607805
      vertex 6 -4.76969938500654 6.9792621229607805
      vertex -6 -4.616718427000253 7.178630788996129
    endloop
  endfacet
  facet normal 0 -0.8241261886220148 0.5664062369248342
    outer loop
      vertex -6 -4.616718427000253 7.178630788996129
      vertex 6 -4.616718427000253 7.178630788996129
      vertex -6 -4.474381273861964 7.38573263192787
    endloop
  endfacet
  facet normal 0 -0.8526401643540931 0.5224985647159475
    outer loop
      vertex -6 -4.474381273861964 7.38573263192787
      vertex 6 -4.474381273861964 7.38573263192787
      vertex -6 -4.343078061834695 7.6
    endloop
  endfacet
  facet normal 0 -0.8788171126619652 0.4771587602596088
    outer loop
      vertex -6 -4.343078061834695 7.6
      vertex 6 -4.343078061834695 7.6
      vertex -6 -4.223168683895834 7.820845601250175
    endloop
  endfacet
  facet normal 0 -0.9025852843498658 0.4305110968082844
    outer loop
      vertex -6 -4.223168683895834 7.820845601250175
      vertex 6 -4.223168683895834 7.820845601250175
      vertex -6 -4.204568311177416 7.85984209361363
    endloop
  endfacet
  facet normal 0 -0.9025852843498595 0.4305110968082974
    outer loop
      vertex -6 -4.204568311177416 7.85984209361363
      vertex 5.926711620521187 -4.114981803315516 8.04766411323616
      vertex -5.926711620521184 -4.114981803315516 8.04766411323616
    endloop
  endfacet
  facet normal 0 -0.9238795325112367 0.3826834323652106
    outer loop
      vertex -5.926711620521184 -4.114981803315516 8.04766411323616
      vertex 5.926711620521187 -4.114981803315516 8.04766411323616
      vertex -5.925096549796192 -4.113267343749779 8.051803184771899
    endloop
  endfacet
  facet normal 0 -0.9238795325112872 0.3826834323650888
    outer loop
      vertex -5.925096549796192 -4.113267343749779 8.051803184771899
      vertex 5.857208881725873 -4.0188139528134315 8.279833842182558
      vertex -5.857208881725871 -4.0188139528134315 8.279833842182558
    endloop
  endfacet
  facet normal 0 -0.9426414910921799 0.33380685923376663
    outer loop
      vertex -5.857208881725871 -4.0188139528134315 8.279833842182558
      vertex 5.78668528525999 -3.9349287217832636 8.516718427000253
      vertex -5.786685285259988 -3.9349287217832636 8.516718427000253
    endloop
  endfacet
  facet normal 0 -0.9588197348681939 0.28401534470392026
    outer loop
      vertex -5.786685285259988 -3.9349287217832636 8.516718427000253
      vertex 5.78668528525999 -3.9349287217832636 8.516718427000253
      vertex -5.783598404364017 -3.931857387682826 8.527087077155205
    endloop
  endfacet
  facet normal 0 -0.9588197348681916 0.2840153447039271
    outer loop
      vertex -5.783598404364017 -3.931857387682826 8.527087077155205
      vertex 5.7352505467011365 -3.863556033812472 8.7576685835079
      vertex -5.735250546701134 -3.863556033812472 8.7576685835079
    endloop
  endfacet
  facet normal 0 -0.9723699203976771 0.23344536385590323
    outer loop
      vertex -5.735250546701134 -3.863556033812472 8.7576685835079
      vertex 5.684014628097556 -3.804891516477733 9.002023884074756
      vertex -5.684014628097554 -3.804891516477733 9.002023884074756
    endloop
  endfacet
  facet normal 0 -0.9832549075639535 0.18223552549215313
    outer loop
      vertex -5.684014628097554 -3.804891516477733 9.002023884074756
      vertex 5.684014628097556 -3.804891516477733 9.002023884074756
      vertex -5.681832179583665 -3.802962401268837 9.012432458315596
    endloop
  endfacet
  facet normal 0 -0.9832549075639544 0.1822355254921484
    outer loop
      vertex -5.681832179583665 -3.802962401268837 9.012432458315596
      vertex 5.652329785402628 -3.759095965143339 9.249114567806892
      vertex -5.652329785402627 -3.759095965143339 9.249114567806892
    endloop
  endfacet
  facet normal 0 -0.9914448613738106 0.13052619222005069
    outer loop
      vertex -5.652329785402627 -3.759095965143339 9.249114567806892
      vertex 5.621273418809698 -3.726294902232288 9.498263376315263
      vertex -5.621273418809697 -3.726294902232288 9.498263376315263
    endloop
  endfacet
  facet normal 0 -0.9969173337331285 0.07845909572783642
    outer loop
      vertex -5.621273418809697 -3.726294902232288 9.498263376315263
      vertex 5.621273418809698 -3.726294902232288 9.498263376315263
      vertex -5.62049304195998 -3.7258021861946724 9.504523927166007
    endloop
  endfacet
  facet normal 0 -0.9969173337331282 0.07845909572784289
    outer loop
      vertex -5.62049304195998 -3.7258021861946724 9.504523927166007
      vertex 5.610390229577801 -3.706578233178046 9.74878741003387
      vertex -5.610390229577798 -3.706578233178046 9.74878741003387
    endloop
  endfacet
  facet normal 0 -0.9996573249755573 0.02617694830787539
    outer loop
      vertex -5.610390229577798 -3.706578233178046 9.74878741003387
      vertex 5.600000000000001 -3.7 10
      vertex -5.6 -3.7 10
    endloop
  endfacet
  facet normal 0 0 -1
    outer loop
      vertex -5.422649730810374 -2.01 1.9900000000000002
      vertex -5.422649730810374 -2 1.9900000000000002
      vertex 5.422649730810374 -2.01 1.9900000000000002
    endloop
  endfacet
  facet normal 0 0 -1
    outer loop
      vertex -5.42264973372221 -2 1.9900000000000002
      vertex 5.42264973372221 -1.5 1.9900000000000002
      vertex -5.422649730810374 -2 1.9900000000000002
    endloop
  endfacet
  facet normal 0 0.7604059656000306 -0.6494480483301842
    outer loop
      vertex -5.985090172824241 -3.4466151867537196 5.4499118767597645
      vertex -5.8942270168841935 -3.215407462092598 5.720621340861106
      vertex 5.985090172824241 -3.4466151867537196 5.4499118767597645
    endloop
  endfacet
  facet normal 0 0.7933533402912346 -0.6087614290087213
    outer loop
      vertex -5.8942270168841935 -3.215407462092598 5.720621340861106
      vertex -5.809573262183687 -2.9999999979138376 6.001345813678249
      vertex 5.8942270168841935 -3.215407462092598 5.720621340861106
    endloop
  endfacet
  facet normal 0 -1 0
    outer loop
      vertex -5.422649730810374 -2.01 1.9900000000000002
      vertex 5.420509599527361 -2.01 5.252001833110367
      vertex -5.420509599527361 -2.01 5.252001833110367
    endloop
  endfacet
  facet normal 0 -0.6034729741881371 -0.797383451937977
    outer loop
      vertex -5.809573262183687 -2.9999999979138376 6.001250192523003
      vertex -5.420509599527361 -2.01 5.252001833110367
      vertex 5.420509599527361 -2.01 5.252001833110367
    endloop
  endfacet
  facet normal 0 0 -1
    outer loop
      vertex -5.42264973372221 -2 1.9900000000000002
      vertex -5.42264973372221 -1.5 1.9900000000000002
      vertex 5.42264973372221 -1.5 1.9900000000000002
    endloop
  endfacet
  facet normal 0 0 -1
    outer loop
      vertex -6 -0.5 1.9900000000000002
      vertex -6 0 1.9900000000000002
      vertex 6 0 1.9900000000000002
    endloop
  endfacet
  facet normal 0 0 -1
    outer loop
      vertex -5.42264973372221 -1.5 1.9900000000000002
      vertex -6 -0.5 1.9900000000000002
      vertex 6 -0.5 1.9900000000000002
    endloop
  endfacet
  facet normal 0 -1 0
    outer loop
      vertex -5.809573262183687 -2.9999999979138376 6.001250192523003
      vertex 5.809573262183687 -2.9999999979138376 6.001345813678249
      vertex -5.809573262183687 -2.9999999979138376 6.001345813678249
    endloop
  endfacet
  facet normal -0.9584274824582503 0 -0.28533622424911326
    outer loop
      vertex -5.786685285259988 -3.9349287217832636 11.483281572999747
      vertex -5.783598404364017 -2.933905135670174 11.472912922844795
      vertex -5.783598404364017 -3.931857387682826 11.472912922844795
    endloop
  endfacet
  facet normal -0.9315910880512694 0 -0.36350797056385453
    outer loop
      vertex -5.926711620521184 -4.114981803315516 11.95233588676384
      vertex -5.925096549796192 -3.293957171180889 11.948196815228101
      vertex -5.925096549796192 -4.113267343749779 11.948196815228101
    endloop
  endfacet
  facet normal -0.9584274824582527 0 -0.2853362242491055
    outer loop
      vertex -5.925096549796192 -4.113267343749779 11.948196815228101
      vertex -5.925096549796192 -3.293957171180889 11.948196815228101
      vertex -5.857208881725871 -4.0188139528134315 11.720166157817442
    endloop
  endfacet
  facet normal -0.9584274824582532 1.0555907445570348e-16 -0.28533622424910393
    outer loop
      vertex -5.786685285259988 -3.9349287217832636 11.483281572999747
      vertex -5.857208881725871 -4.0188139528134315 11.720166157817442
      vertex -5.783598404364017 -2.933905135670174 11.472912922844795
    endloop
  endfacet
  facet normal -1 0 0
    outer loop
      vertex -6 -4.932904837708508 13.21182691052252
      vertex -6 -4.503060284411182 15.501315561749642
      vertex -6 -4.76969938500654 13.02073787703922
    endloop
  endfacet
  facet normal -1 0 0
    outer loop
      vertex -6 -4.76969938500654 13.02073787703922
      vertex -6 -4.503060284411182 15.501315561749642
      vertex -6 -4.616718427000253 12.821369211003871
    endloop
  endfacet
  facet normal -0.9315910880512795 0 -0.3635079705638284
    outer loop
      vertex -5.926711620521184 -4.114981803315516 11.95233588676384
      vertex -6 -4.204568311177416 12.14015790638637
      vertex -6 -3.4845542961840863 12.14015790638637
    endloop
  endfacet
  facet normal -0.9315910880512794 1.4975057232916294e-16 -0.3635079705638288
    outer loop
      vertex -5.926711620521184 -4.114981803315516 11.95233588676384
      vertex -6 -3.4845542961840863 12.14015790638637
      vertex -5.925096549796192 -3.293957171180889 11.948196815228101
    endloop
  endfacet
  facet normal -1 0 0
    outer loop
      vertex -6 -4.204568311177416 12.14015790638637
      vertex -6 -3.4845542961840863 14.590067602728817
      vertex -6 -3.4845542961840863 12.14015790638637
    endloop
  endfacet
  facet normal -1 0 0
    outer loop
      vertex -6 -4.343078061834695 12.4
      vertex -6 -4.474381273861964 12.614267368072131
      vertex -6 -4.220621340861106 15.284592537907402
    endloop
  endfacet
  facet normal -1 0 0
    outer loop
      vertex -6 -4.223168683895834 12.179154398749825
      vertex -6 -3.9499118767597645 15.05338481324628
      vertex -6 -4.204568311177416 12.14015790638637
    endloop
  endfacet
  facet normal -1 0 0
    outer loop
      vertex -6 -4.343078061834695 12.4
      vertex -6 -4.220621340861106 15.284592537907402
      vertex -6 -4.223168683895834 12.179154398749825
    endloop
  endfacet
  facet normal -1 0 0
    outer loop
      vertex -6 -4.616718427000253 12.821369211003871
      vertex -6 -4.220621340861106 15.284592537907402
      vertex -6 -4.474381273861964 12.614267368072131
    endloop
  endfacet
  facet normal -1 0 0
    outer loop
      vertex -6 -4.204568311177416 12.14015790638637
      vertex -6 -3.9499118767597645 15.05338481324628
      vertex -6 -3.4845542961840863 14.590067602728817
    endloop
  endfacet
  facet normal -1 0 0
    outer loop
      vertex -6 -6.547664113236159 14.385018196684484
      vertex -6 -6.063097943091958 16.34834690018097
      vertex -6 -6.320845601250175 14.276831316104165
    endloop
  endfacet
  facet normal -1 0 0
    outer loop
      vertex -6 -7.2576685835079005 14.636443966187528
      vertex -6 -6.740030493302859 16.568295618765664
      vertex -6 -7.016718427000253 14.565071278216736
    endloop
  endfacet
  facet normal -1 0 0
    outer loop
      vertex -6 -7.016718427000253 14.565071278216736
      vertex -6 -6.740030493302859 16.568295618765664
      vertex -6 -6.779833842182558 14.481186047186569
    endloop
  endfacet
  facet normal -1 0 0
    outer loop
      vertex -6 -7.2576685835079005 14.636443966187528
      vertex -6 -7.086200502439237 16.65140368498988
      vertex -6 -6.740030493302859 16.568295618765664
    endloop
  endfacet
  facet normal -1 0 0
    outer loop
      vertex -6 -6.779833842182558 14.481186047186569
      vertex -6 -6.398684438250358 16.467184310807042
      vertex -6 -6.547664113236159 14.385018196684484
    endloop
  endfacet
  facet normal -1 0 0
    outer loop
      vertex -6 -6.779833842182558 14.481186047186569
      vertex -6 -6.740030493302859 16.568295618765664
      vertex -6 -6.398684438250358 16.467184310807042
    endloop
  endfacet
  facet normal -1 0 0
    outer loop
      vertex -6 -6.547664113236159 14.385018196684484
      vertex -6 -6.398684438250358 16.467184310807042
      vertex -6 -6.063097943091958 16.34834690018097
    endloop
  endfacet
  facet normal -1 0 0
    outer loop
      vertex -6 -6.1 14.156921938165304
      vertex -6 -6.320845601250175 14.276831316104165
      vertex -6 -6.063097943091958 16.34834690018097
    endloop
  endfacet
  facet normal -1 0 0
    outer loop
      vertex -6 -6.1 14.156921938165304
      vertex -6 -5.734190827084559 16.212109111969685
      vertex -6 -5.88573263192787 14.025618726138035
    endloop
  endfacet
  facet normal -1 0 0
    outer loop
      vertex -6 -5.88573263192787 14.025618726138035
      vertex -6 -5.412864601771082 16.0588443644809
      vertex -6 -5.678630788996129 13.883281572999747
    endloop
  endfacet
  facet normal -1 0 0
    outer loop
      vertex -6 -5.678630788996129 13.883281572999747
      vertex -6 -5.412864601771082 16.0588443644809
      vertex -6 -5.4792621229607805 13.73030061499346
    endloop
  endfacet
  facet normal -1 0 0
    outer loop
      vertex -6 -6.1 14.156921938165304
      vertex -6 -6.063097943091958 16.34834690018097
      vertex -6 -5.734190827084559 16.212109111969685
    endloop
  endfacet
  facet normal -1 0 0
    outer loop
      vertex -6 -5.88573263192787 14.025618726138035
      vertex -6 -5.734190827084559 16.212109111969685
      vertex -6 -5.412864601771082 16.0588443644809
    endloop
  endfacet
  facet normal -1 0 0
    outer loop
      vertex -6 -5.4792621229607805 13.73030061499346
      vertex -6 -5.1 15.888972745734183
      vertex -6 -5.28817308947748 13.567095162291492
    endloop
  endfacet
  facet normal -1 0 0
    outer loop
      vertex -6 -5.1058874503045715 13.394112549695429
      vertex -6 -5.28817308947748 13.567095162291492
      vertex -6 -5.1 15.888972745734183
    endloop
  endfacet
  facet normal -1 0 0
    outer loop
      vertex -6 -5.1058874503045715 13.394112549695429
      vertex -6 -5.1 15.888972745734183
      vertex -6 -4.796454561897816 15.702959862028884
    endloop
  endfacet
  facet normal -1 0 0
    outer loop
      vertex -6 -5.1058874503045715 13.394112549695429
      vertex -6 -4.796454561897816 15.702959862028884
      vertex -6 -4.932904837708508 13.21182691052252
    endloop
  endfacet
  facet normal -1 0 0
    outer loop
      vertex -6 -4.932904837708508 13.21182691052252
      vertex -6 -4.796454561897816 15.702959862028884
      vertex -6 -4.503060284411182 15.501315561749642
    endloop
  endfacet
  facet normal -1 0 0
    outer loop
      vertex -6 -5.4792621229607805 13.73030061499346
      vertex -6 -5.412864601771082 16.0588443644809
      vertex -6 -5.1 15.888972745734183
    endloop
  endfacet
  facet normal -1 0 0
    outer loop
      vertex -6 -4.223168683895834 12.179154398749825
      vertex -6 -4.220621340861106 15.284592537907402
      vertex -6 -3.9499118767597645 15.05338481324628
    endloop
  endfacet
  facet normal -1 0 0
    outer loop
      vertex -6 -4.616718427000253 12.821369211003871
      vertex -6 -4.503060284411182 15.501315561749642
      vertex -6 -4.220621340861106 15.284592537907402
    endloop
  endfacet
  facet normal -1 0 0
    outer loop
      vertex -6 -3.9499118767597645 15.05338481324628
      vertex -6 -3.6916738879314765 14.808326112068524
      vertex -6 -3.4845542961840863 14.590067602728817
    endloop
  endfacet
  facet normal -0.992320579737045 0 -0.12369263126934828
    outer loop
      vertex -5.652329785402627 -3.759095965143339 10.750885432193108
      vertex -5.681832179583665 -3.802962401268837 10.987567541684404
      vertex -5.681832179583665 -2.6749537814563453 10.987567541684404
    endloop
  endfacet
  facet normal -0.9787168453273577 0 -0.20521534219561902
    outer loop
      vertex -5.684014628097554 -3.804891516477733 10.997976115925244
      vertex -5.681832179583665 -2.6749537814563453 10.987567541684404
      vertex -5.681832179583665 -3.802962401268837 10.987567541684404
    endloop
  endfacet
  facet normal -0.9923205797370451 3.435673185664215e-17 -0.12369263126934713
    outer loop
      vertex -5.652329785402627 -3.759095965143339 10.750885432193108
      vertex -5.62049304195998 -2.5188720088619045 10.495476072833993
      vertex -5.621273418809697 -3.726294902232288 10.501736623684737
    endloop
  endfacet
  facet normal -0.9923205797370451 -1.0712762739815603e-16 -0.12369263126934779
    outer loop
      vertex -5.652329785402627 -3.759095965143339 10.750885432193108
      vertex -5.681832179583665 -2.6749537814563453 10.987567541684404
      vertex -5.62049304195998 -2.5188720088619045 10.495476072833993
    endloop
  endfacet
  facet normal -0.999145758387301 0 -0.04132497424881252
    outer loop
      vertex -5.6 -3.7 10
      vertex -5.610390229577798 -3.706578233178046 10.25121258996613
      vertex -5.6 -2.4667260146585086 10
    endloop
  endfacet
  facet normal -0.9991457583873011 0 -0.041324974248812325
    outer loop
      vertex -5.610390229577798 -3.706578233178046 10.25121258996613
      vertex -5.62049304195998 -3.7258021861946724 10.495476072833993
      vertex -5.62049304195998 -2.5188720088619045 10.495476072833993
    endloop
  endfacet
  facet normal -0.9923205797370445 0 -0.12369263126935293
    outer loop
      vertex -5.621273418809697 -3.726294902232288 10.501736623684737
      vertex -5.62049304195998 -2.5188720088619045 10.495476072833993
      vertex -5.62049304195998 -3.7258021861946724 10.495476072833993
    endloop
  endfacet
  facet normal -0.9991457583873011 2.1621650506195683e-17 -0.04132497424881242
    outer loop
      vertex -5.6 -2.4667260146585086 10
      vertex -5.610390229577798 -3.706578233178046 10.25121258996613
      vertex -5.62049304195998 -2.5188720088619045 10.495476072833993
    endloop
  endfacet
  facet normal -0.978716845327354 -1.71015527212114e-16 -0.20521534219563678
    outer loop
      vertex -5.684014628097554 -3.804891516477733 10.997976115925244
      vertex -5.735250546701134 -3.863556033812472 11.2423314164921
      vertex -5.681832179583665 -2.6749537814563453 10.987567541684404
    endloop
  endfacet
  facet normal -0.9787168453273544 0 -0.20521534219563448
    outer loop
      vertex -5.783598404364017 -3.931857387682826 11.472912922844795
      vertex -5.783598404364017 -2.933905135670174 11.472912922844795
      vertex -5.735250546701134 -3.863556033812472 11.2423314164921
    endloop
  endfacet
  facet normal -0.9787168453273544 1.7612369861173555e-16 -0.2052153421956352
    outer loop
      vertex -5.735250546701134 -3.863556033812472 11.2423314164921
      vertex -5.783598404364017 -2.933905135670174 11.472912922844795
      vertex -5.681832179583665 -2.6749537814563453 10.987567541684404
    endloop
  endfacet
  facet normal -0.9584274824582528 -1.5588801156579792e-16 -0.285336224249105
    outer loop
      vertex -5.857208881725871 -4.0188139528134315 11.720166157817442
      vertex -5.925096549796192 -3.293957171180889 11.948196815228101
      vertex -5.783598404364017 -2.933905135670174 11.472912922844795
    endloop
  endfacet
  facet normal -0.9307082643964942 0.3657623908824762 0
    outer loop
      vertex -5.6 -2.4667260146585086 10
      vertex -5.420509599527361 -2.01 14.747998166889634
      vertex -5.420509599527361 -2.01 5.252001833110367
    endloop
  endfacet
  facet normal -0.9307082643964939 0.36576239088247725 -1.0561649135204221e-16
    outer loop
      vertex -5.6 -2.4667260146585086 10
      vertex -5.62049304195998 -2.5188720088619045 10.495476072833993
      vertex -5.420509599527361 -2.01 14.747998166889634
    endloop
  endfacet
  facet normal -1 0 0
    outer loop
      vertex -5.42264973372221 -1.9900000020861626 5.236865504164129
      vertex -5.42264973372221 -1.9900000020861626 14.763134495835871
      vertex -5.42264973372221 -1.5100000000000002 15.126406430016642
    endloop
  endfacet
  facet normal -0.9307082643964942 0.3657623908824764 0
    outer loop
      vertex -5.925096549796192 -3.293957171180889 11.948196815228101
      vertex -6 -3.4845542961840863 12.14015790638637
      vertex -6 -3.4845542961840863 14.590067602728817
    endloop
  endfacet
  facet normal -0.930708264396494 0.3657623908824769 4.127180396912625e-17
    outer loop
      vertex -5.925096549796192 -3.293957171180889 11.948196815228101
      vertex -6 -3.4845542961840863 14.590067602728817
      vertex -5.783598404364017 -2.933905135670174 11.472912922844795
    endloop
  endfacet
  facet normal -0.9307082643964941 0.36576239088247636 -1.0396634906113672e-16
    outer loop
      vertex -5.783598404364017 -2.933905135670174 11.472912922844795
      vertex -5.8942270168841935 -3.215407462092598 14.279378659138894
      vertex -5.681832179583665 -2.6749537814563453 10.987567541684404
    endloop
  endfacet
  facet normal -0.9307082643964943 0.3657623908824761 -1.2570169053692698e-16
    outer loop
      vertex -5.783598404364017 -2.933905135670174 11.472912922844795
      vertex -6 -3.4845542961840863 14.590067602728817
      vertex -5.8942270168841935 -3.215407462092598 14.279378659138894
    endloop
  endfacet
  facet normal -0.9307082643964932 0.3657623908824792 4.1712755132993876e-16
    outer loop
      vertex -5.681832179583665 -2.6749537814563453 10.987567541684404
      vertex -5.8942270168841935 -3.215407462092598 14.279378659138894
      vertex -5.809573262183687 -2.9999999979138376 13.998654186321751
    endloop
  endfacet
  facet normal -0.9307082643964941 0.36576239088247664 -2.472595569181134e-17
    outer loop
      vertex -5.62049304195998 -2.5188720088619045 10.495476072833993
      vertex -5.681832179583665 -2.6749537814563453 10.987567541684404
      vertex -5.420509599527361 -2.01 14.747998166889634
    endloop
  endfacet
  facet normal 0 -1 0
    outer loop
      vertex -5.422649730810374 -2.01 18.009999999999998
      vertex -5.420509599527361 -2.01 5.252001833110367
      vertex -5.420509599527361 -2.01 14.747998166889634
    endloop
  endfacet
  facet normal -1 0 0
    outer loop
      vertex -5.422649730810374 -2.01 18.009999999999998
      vertex -5.422649730810374 -2 18.009999999999998
      vertex -5.422649730810374 -2 1.9900000000000002
    endloop
  endfacet
  facet normal 0 -1 0
    outer loop
      vertex -5.42264973372221 -2 18.009999999999998
      vertex -5.42264973372221 -2 1.9900000000000002
      vertex -5.422649730810374 -2 18.009999999999998
    endloop
  endfacet
  facet normal -1 0 0
    outer loop
      vertex -5.42264973372221 -2 18.009999999999998
      vertex -5.42264973372221 -1.9900000020861626 14.763134495835871
      vertex -5.42264973372221 -1.9900000020861626 5.236865504164129
    endloop
  endfacet
  facet normal -0.9307082643964942 0.3657623908824762 6.008365366995337e-17
    outer loop
      vertex -5.681832179583665 -2.6749537814563453 10.987567541684404
      vertex -5.809573262183687 -2.9999999979138376 13.998654186321751
      vertex -5.420509599527361 -2.01 14.747998166889634
    endloop
  endfacet
  facet normal -1 0 0
    outer loop
      vertex -5.42264973372221 -1.5100000000000002 15.126406430016642
      vertex -5.42264973372221 -1.5 15.133974596215563
      vertex -5.42264973372221 -1.5 4.866025403784438
    endloop
  endfacet
  facet normal -0.8660254048763771 -0.49999999810870727 0
    outer loop
      vertex -6 -0.5 18.009999999999998
      vertex -5.42264973372221 -1.5 4.866025403784438
      vertex -5.42264973372221 -1.5 15.133974596215563
    endloop
  endfacet
  facet normal -1 0 0
    outer loop
      vertex -6 -0.5 18.009999999999998
      vertex -6 0 18.009999999999998
      vertex -6 -0.5 1.9900000000000002
    endloop
  endfacet
  facet normal 0 1 0
    outer loop
      vertex -6 0 18.009999999999998
      vertex -3.9500561773977543 0 18.009999999999998
      vertex -6 0 1.9900000000000002
    endloop
  endfacet
  facet normal 0 1 0
    outer loop
      vertex -2.2 0 16.25005650164707
      vertex -2.2 0 16.240000000000002
      vertex -6 0 1.9900000000000002
    endloop
  endfacet
  facet normal 0 1 0
    outer loop
      vertex -3.9500561773977543 0 18.009999999999998
      vertex -2.2 0 16.25005650164707
      vertex -6 0 1.9900000000000002
    endloop
  endfacet
  facet normal -0.9307082643965172 0.36576239088241763 -5.895790973995785e-14
    outer loop
      vertex -5.985090172824241 -3.4466151867537196 14.550088123240236
      vertex -5.8942270168841935 -3.215407462092598 14.279378659138894
      vertex -6 -3.4845542961840863 14.590067602728817
    endloop
  endfacet
  facet normal -0.9307082643964942 0.36576239088247625 0
    outer loop
      vertex -5.809573262183687 -2.9999999979138376 13.998749807476997
      vertex -5.420509599527361 -2.01 14.747998166889634
      vertex -5.809573262183687 -2.9999999979138376 13.998654186321751
    endloop
  endfacet
  facet normal -1 0 0
    outer loop
      vertex -5.42264973372221 -2 18.009999999999998
      vertex -5.42264973372221 -1.5 18.009999999999998
      vertex -5.42264973372221 -1.9900000020861626 14.763134495835871
    endloop
  endfacet
  facet normal -1 0 0
    outer loop
      vertex -5.42264973372221 -1.5100000000000002 15.126406430016642
      vertex -5.42264973372221 -1.9900000020861626 14.763134495835871
      vertex -5.42264973372221 -1.5100000000000002 15.133974596215563
    endloop
  endfacet
  facet normal -1 0 0
    outer loop
      vertex -5.42264973372221 -1.5 15.133974596215563
      vertex -5.42264973372221 -1.5100000000000002 15.126406430016642
      vertex -5.42264973372221 -1.5100000000000002 15.133974596215563
    endloop
  endfacet
  facet normal -1 0 0
    outer loop
      vertex -5.42264973372221 -1.5 18.009999999999998
      vertex -5.42264973372221 -1.5100000000000002 15.133974596215563
      vertex -5.42264973372221 -1.9900000020861626 14.763134495835871
    endloop
  endfacet
  facet normal -1 0 0
    outer loop
      vertex -5.42264973372221 -1.5 18.009999999999998
      vertex -5.42264973372221 -1.5 15.133974596215563
      vertex -5.42264973372221 -1.5100000000000002 15.133974596215563
    endloop
  endfacet
  facet normal -0.8660254048763771 -0.49999999810870727 0
    outer loop
      vertex -5.42264973372221 -1.5 18.009999999999998
      vertex -6 -0.5 18.009999999999998
      vertex -5.42264973372221 -1.5 15.133974596215563
    endloop
  endfacet
  facet normal 0 0 1
    outer loop
      vertex -6 -0.5 18.009999999999998
      vertex -3.9500561773977543 0 18.009999999999998
      vertex -6 0 18.009999999999998
    endloop
  endfacet
  facet normal 0 0 1
    outer loop
      vertex -5.42264973372221 -1.5 18.009999999999998
      vertex -3.9500561773977543 -0.6100000000000001 18.009999999999998
      vertex -6 -0.5 18.009999999999998
    endloop
  endfacet
  facet normal 0 0 1
    outer loop
      vertex -3.9500561773977543 -0.6100000000000001 18.009999999999998
      vertex -3.9500561773977543 0 18.009999999999998
      vertex -6 -0.5 18.009999999999998
    endloop
  endfacet
  facet normal 0 0 1
    outer loop
      vertex -5.42264973372221 -1.5 18.009999999999998
      vertex -2.189999997615814 -0.6100000000000001 18.009999999999998
      vertex -3.9500561773977543 -0.6100000000000001 18.009999999999998
    endloop
  endfacet
  facet normal 0.7090958175490232 0 0.7051121340145001
    outer loop
      vertex -3.9500561773977543 -0.6100000000000001 18.009999999999998
      vertex -2.189999997615814 -0.6100000000000001 16.240000002086163
      vertex -3.9500561773977543 0 18.009999999999998
    endloop
  endfacet
  facet normal 0 -0.5664062369248317 -0.8241261886220165
    outer loop
      vertex -6 -5.88573263192787 14.025618726138035
      vertex -6 -5.678630788996129 13.883281572999747
      vertex 6 -5.678630788996129 13.883281572999747
    endloop
  endfacet
  facet normal 0 -0.6087614290087204 -0.7933533402912353
    outer loop
      vertex -6 -5.678630788996129 13.883281572999747
      vertex -6 -5.4792621229607805 13.73030061499346
      vertex 6 -5.4792621229607805 13.73030061499346
    endloop
  endfacet
  facet normal 1.0146880180330432e-17 -0.9832549075639544 -0.18223552549214841
    outer loop
      vertex -5.652329785402627 -3.759095965143339 10.750885432193108
      vertex 5.681832179583667 -3.8029624012688363 10.987567541684403
      vertex -5.681832179583665 -3.802962401268837 10.987567541684404
    endloop
  endfacet
  facet normal 9.942405708711694e-18 -0.9832549075639535 -0.18223552549215316
    outer loop
      vertex -5.684014628097554 -3.804891516477733 10.997976115925244
      vertex -5.681832179583665 -3.802962401268837 10.987567541684404
      vertex 5.681832179583667 -3.8029624012688363 10.987567541684403
    endloop
  endfacet
  facet normal 0 -0.9996573249755573 -0.02617694830787539
    outer loop
      vertex -5.6 -3.7 10
      vertex 5.610390229577799 -3.706578233178046 10.25121258996613
      vertex -5.610390229577798 -3.706578233178046 10.25121258996613
    endloop
  endfacet
  facet normal -1.4486193556339766e-17 -0.9969173337331281 -0.07845909572784289
    outer loop
      vertex -5.610390229577798 -3.706578233178046 10.25121258996613
      vertex 5.620493041959982 -3.725802186194673 10.495476072833997
      vertex -5.62049304195998 -3.7258021861946724 10.495476072833993
    endloop
  endfacet
  facet normal -1.459069798959636e-17 -0.9969173337331286 -0.07845909572783642
    outer loop
      vertex -5.621273418809697 -3.726294902232288 10.501736623684737
      vertex -5.62049304195998 -3.7258021861946724 10.495476072833993
      vertex 5.620493041959982 -3.725802186194673 10.495476072833997
    endloop
  endfacet
  facet normal 0 -0.9914448613738106 -0.13052619222005069
    outer loop
      vertex -5.652329785402627 -3.759095965143339 10.750885432193108
      vertex -5.621273418809697 -3.726294902232288 10.501736623684737
      vertex 5.65232978540263 -3.759095965143339 10.750885432193108
    endloop
  endfacet
  facet normal -8.111344215975851e-17 -0.9238795325112366 -0.38268343236521063
    outer loop
      vertex -5.926711620521184 -4.114981803315516 11.95233588676384
      vertex -5.925096549796192 -4.113267343749779 11.948196815228101
      vertex 5.925096549796194 -4.113267343749781 11.948196815228103
    endloop
  endfacet
  facet normal -8.112588426803868e-17 -0.9238795325112872 -0.3826834323650889
    outer loop
      vertex -5.925096549796192 -4.113267343749779 11.948196815228101
      vertex -5.857208881725871 -4.0188139528134315 11.720166157817442
      vertex 5.925096549796194 -4.113267343749781 11.948196815228103
    endloop
  endfacet
  facet normal 0 -0.972369920397677 -0.23344536385590325
    outer loop
      vertex -5.684014628097554 -3.804891516477733 10.997976115925244
      vertex 5.735250546701135 -3.863556033812472 11.2423314164921
      vertex -5.735250546701134 -3.863556033812472 11.2423314164921
    endloop
  endfacet
  facet normal 0 -0.9588197348681938 -0.2840153447039202
    outer loop
      vertex -5.786685285259988 -3.9349287217832636 11.483281572999747
      vertex -5.783598404364017 -3.931857387682826 11.472912922844795
      vertex 5.783598404364019 -3.931857387682826 11.472912922844795
    endloop
  endfacet
  facet normal 0 -0.9588197348681917 -0.2840153447039272
    outer loop
      vertex -5.783598404364017 -3.931857387682826 11.472912922844795
      vertex -5.735250546701134 -3.863556033812472 11.2423314164921
      vertex 5.783598404364019 -3.931857387682826 11.472912922844795
    endloop
  endfacet
  facet normal 0 -0.94264149109218 -0.33380685923376674
    outer loop
      vertex -5.786685285259988 -3.9349287217832636 11.483281572999747
      vertex 5.857208881725873 -4.0188139528134315 11.720166157817442
      vertex -5.857208881725871 -4.0188139528134315 11.720166157817442
    endloop
  endfacet
  facet normal 0 -0.8241261886220137 -0.5664062369248358
    outer loop
      vertex -6 -4.616718427000253 12.821369211003871
      vertex -6 -4.474381273861964 12.614267368072131
      vertex 6 -4.474381273861964 12.614267368072131
    endloop
  endfacet
  facet normal 0 -0.7933533402912366 -0.6087614290087188
    outer loop
      vertex -6 -4.76969938500654 13.02073787703922
      vertex -6 -4.616718427000253 12.821369211003871
      vertex 6 -4.616718427000253 12.821369211003871
    endloop
  endfacet
  facet normal 0 -0.6883545756937534 -0.7253743710122882
    outer loop
      vertex -6 -5.1058874503045715 13.394112549695429
      vertex 6 -5.1058874503045715 13.394112549695429
      vertex -6 -5.28817308947748 13.567095162291492
    endloop
  endfacet
  facet normal 0 -0.7253743710122882 -0.6883545756937534
    outer loop
      vertex -6 -5.1058874503045715 13.394112549695429
      vertex -6 -4.932904837708508 13.21182691052252
      vertex 6 -4.932904837708508 13.21182691052252
    endloop
  endfacet
  facet normal 0 -0.6494480483301822 -0.760405965600032
    outer loop
      vertex -6 -5.4792621229607805 13.73030061499346
      vertex -6 -5.28817308947748 13.567095162291492
      vertex 6 -5.28817308947748 13.567095162291492
    endloop
  endfacet
  facet normal 0 -0.7604059656000306 -0.6494480483301841
    outer loop
      vertex -6 -4.932904837708508 13.21182691052252
      vertex -6 -4.76969938500654 13.02073787703922
      vertex 6 -4.76969938500654 13.02073787703922
    endloop
  endfacet
  facet normal 0 -0.852640164354094 -0.5224985647159458
    outer loop
      vertex -6 -4.343078061834695 12.4
      vertex 6 -4.343078061834695 12.4
      vertex -6 -4.474381273861964 12.614267368072131
    endloop
  endfacet
  facet normal 6.946895279635824e-18 -0.9025852843498603 -0.4305110968082958
    outer loop
      vertex -5.926711620521184 -4.114981803315516 11.95233588676384
      vertex 6 -4.204568311177415 12.140157906386367
      vertex -6 -4.204568311177416 12.14015790638637
    endloop
  endfacet
  facet normal 0 -0.8788171126619652 -0.4771587602596088
    outer loop
      vertex -6 -4.343078061834695 12.4
      vertex -6 -4.223168683895834 12.179154398749825
      vertex 6 -4.223168683895834 12.179154398749825
    endloop
  endfacet
  facet normal 6.0644263834732905e-18 -0.9025852843498618 -0.43051109680829236
    outer loop
      vertex -6 -4.223168683895834 12.179154398749825
      vertex -6 -4.204568311177416 12.14015790638637
      vertex 6 -4.204568311177415 12.140157906386367
    endloop
  endfacet
  facet normal 0 -0.28401534470392686 -0.9588197348681917
    outer loop
      vertex -6 -7.2576685835079005 14.636443966187528
      vertex -6 -7.016718427000253 14.565071278216736
      vertex 6 -7.016718427000253 14.565071278216736
    endloop
  endfacet
  facet normal 0 -0.3338068592337667 -0.9426414910921799
    outer loop
      vertex -6 -7.016718427000253 14.565071278216736
      vertex -6 -6.779833842182558 14.481186047186569
      vertex 6 -6.779833842182558 14.481186047186569
    endloop
  endfacet
  facet normal 0 -0.382683432365091 -0.9238795325112863
    outer loop
      vertex -6 -6.779833842182558 14.481186047186569
      vertex -6 -6.547664113236159 14.385018196684484
      vertex 6 -6.547664113236159 14.385018196684484
    endloop
  endfacet
  facet normal 0 -0.4305110968082981 -0.9025852843498592
    outer loop
      vertex -6 -6.547664113236159 14.385018196684484
      vertex -6 -6.320845601250175 14.276831316104165
      vertex 6 -6.320845601250175 14.276831316104165
    endloop
  endfacet
  facet normal 0 -0.4771587602596088 -0.8788171126619652
    outer loop
      vertex -6 -6.1 14.156921938165304
      vertex 6 -6.1 14.156921938165304
      vertex -6 -6.320845601250175 14.276831316104165
    endloop
  endfacet
  facet normal 0 -0.5224985647159475 -0.8526401643540931
    outer loop
      vertex -6 -6.1 14.156921938165304
      vertex -6 -5.88573263192787 14.025618726138035
      vertex 6 -5.88573263192787 14.025618726138035
    endloop
  endfacet
  facet normal 0 0.23344536385591208 0.9723699203976749
    outer loop
      vertex -6 -7.086200502439237 16.65140368498988
      vertex 6 -7.086200502439237 16.65140368498988
      vertex -6 -6.740030493302859 16.568295618765664
    endloop
  endfacet
  facet normal 0 0.2840153447039271 0.9588197348681918
    outer loop
      vertex -6 -6.740030493302859 16.568295618765664
      vertex 6 -6.740030493302859 16.568295618765664
      vertex -6 -6.398684438250358 16.467184310807042
    endloop
  endfacet
  facet normal 0 0.3338068592337671 0.9426414910921798
    outer loop
      vertex -6 -6.398684438250358 16.467184310807042
      vertex 6 -6.398684438250358 16.467184310807042
      vertex -6 -6.063097943091958 16.34834690018097
    endloop
  endfacet
  facet normal 0 0.3826834323650904 0.9238795325112864
    outer loop
      vertex -6 -6.063097943091958 16.34834690018097
      vertex 6 -6.063097943091958 16.34834690018097
      vertex -6 -5.734190827084559 16.212109111969685
    endloop
  endfacet
  facet normal 0 0.4305110968082928 0.9025852843498616
    outer loop
      vertex -6 -5.734190827084559 16.212109111969685
      vertex 6 -5.734190827084559 16.212109111969685
      vertex -6 -5.412864601771082 16.0588443644809
    endloop
  endfacet
  facet normal 0 0.4771587602596075 0.8788171126619658
    outer loop
      vertex -6 -5.1 15.888972745734183
      vertex -6 -5.412864601771082 16.0588443644809
      vertex 6 -5.412864601771082 16.0588443644809
    endloop
  endfacet
  facet normal 0 0.5224985647159488 0.8526401643540923
    outer loop
      vertex -6 -5.1 15.888972745734183
      vertex 6 -5.1 15.888972745734183
      vertex -6 -4.796454561897816 15.702959862028884
    endloop
  endfacet
  facet normal 0 0.5664062369248328 0.8241261886220156
    outer loop
      vertex -6 -4.796454561897816 15.702959862028884
      vertex 6 -4.796454561897816 15.702959862028884
      vertex -6 -4.503060284411182 15.501315561749642
    endloop
  endfacet
  facet normal 0 0.6883545756937508 0.7253743710122907
    outer loop
      vertex -6 -3.9499118767597645 15.05338481324628
      vertex 6 -3.9499118767597645 15.05338481324628
      vertex -6 -3.6916738879314765 14.808326112068524
    endloop
  endfacet
  facet normal 0 0.6087614290087217 0.7933533402912345
    outer loop
      vertex -6 -4.503060284411182 15.501315561749642
      vertex 6 -4.503060284411182 15.501315561749642
      vertex -6 -4.220621340861106 15.284592537907402
    endloop
  endfacet
  facet normal 0 0.6494480483301842 0.7604059656000306
    outer loop
      vertex -6 -3.9499118767597645 15.05338481324628
      vertex -6 -4.220621340861106 15.284592537907402
      vertex 6 -4.220621340861106 15.284592537907402
    endloop
  endfacet
  facet normal 0 -1 0
    outer loop
      vertex -5.809573262183687 -2.9999999979138376 13.998749807476997
      vertex -5.809573262183687 -2.9999999979138376 13.998654186321751
      vertex 5.809573262183687 -2.9999999979138376 13.998749807476997
    endloop
  endfacet
  facet normal 0 1 0
    outer loop
      vertex -2.2 0 16.240000000000002
      vertex 2.2 0 16.240000000000002
      vertex -6 0 1.9900000000000002
    endloop
  endfacet
  facet normal 0 0.7604059656000316 0.6494480483301829
    outer loop
      vertex -5.985090172824241 -3.4466151867537196 14.550088123240236
      vertex 5.8942270168841935 -3.215407462092598 14.279378659138894
      vertex -5.8942270168841935 -3.215407462092598 14.279378659138894
    endloop
  endfacet
  facet normal 5.964879262022844e-17 0.7253743710122881 0.6883545756937536
    outer loop
      vertex -6 -3.6916738879314765 14.808326112068524
      vertex 5.985090172824241 -3.4466151867537196 14.550088123240236
      vertex -6 -3.4845542961840863 14.590067602728817
    endloop
  endfacet
  facet normal 0 0.7253743710122968 0.6883545756937441
    outer loop
      vertex -5.985090172824241 -3.4466151867537196 14.550088123240236
      vertex -6 -3.4845542961840863 14.590067602728817
      vertex 5.985090172824241 -3.4466151867537196 14.550088123240236
    endloop
  endfacet
  facet normal 0 0.7933533402912347 0.6087614290087214
    outer loop
      vertex -5.8942270168841935 -3.215407462092598 14.279378659138894
      vertex 5.809573262183687 -2.9999999979138376 13.998654186321751
      vertex -5.809573262183687 -2.9999999979138376 13.998654186321751
    endloop
  endfacet
  facet normal 0 -0.6034729741881375 0.7973834519379767
    outer loop
      vertex -5.809573262183687 -2.9999999979138376 13.998749807476997
      vertex 5.809573262183687 -2.9999999979138376 13.998749807476997
      vertex -5.420509599527361 -2.01 14.747998166889634
    endloop
  endfacet
  facet normal 0 -1 0
    outer loop
      vertex -5.422649730810374 -2.01 18.009999999999998
      vertex -5.420509599527361 -2.01 14.747998166889634
      vertex 5.422649730810374 -2.01 18.009999999999998
    endloop
  endfacet
  facet normal 0 0 1
    outer loop
      vertex -5.422649730810374 -2.01 18.009999999999998
      vertex 5.422649730810374 -2 18.009999999999998
      vertex -5.422649730810374 -2 18.009999999999998
    endloop
  endfacet
  facet normal 0 0 1
    outer loop
      vertex -5.42264973372221 -2 18.009999999999998
      vertex -5.422649730810374 -2 18.009999999999998
      vertex 5.42264973372221 -1.5 18.009999999999998
    endloop
  endfacet
  facet normal 0.7090958175490117 -6.700542907394895e-14 0.7051121340145118
    outer loop
      vertex -2.189999997615814 -0.6100000000000001 16.240000002086163
      vertex -2.2 -0.6000000000000001 16.25005650164707
      vertex -3.9500561773977543 0 18.009999999999998
    endloop
  endfacet
  facet normal 0.709095817549023 0 0.7051121340145002
    outer loop
      vertex -2.2 -0.6000000000000001 16.25005650164707
      vertex -2.2 0 16.25005650164707
      vertex -3.9500561773977543 0 18.009999999999998
    endloop
  endfacet
  facet normal 0 1 0
    outer loop
      vertex -3.9500561773977543 -0.6100000000000001 18.009999999999998
      vertex -2.189999997615814 -0.6100000000000001 18.009999999999998
      vertex -2.189999997615814 -0.6100000000000001 16.240000002086163
    endloop
  endfacet
  facet normal 0 0 1
    outer loop
      vertex -5.42264973372221 -2 18.009999999999998
      vertex 5.42264973372221 -1.5 18.009999999999998
      vertex -5.42264973372221 -1.5 18.009999999999998
    endloop
  endfacet
  facet normal 0 0 1
    outer loop
      vertex -5.42264973372221 -1.5 18.009999999999998
      vertex 2.189999997615814 -0.6100000000000001 18.009999999999998
      vertex -2.189999997615814 -0.6100000000000001 18.009999999999998
    endloop
  endfacet
  facet normal 0.7090958175490449 0 0.7051121340144783
    outer loop
      vertex -2.189999997615814 -0.6100000000000001 16.240000002086163
      vertex -2.189999997615814 -0.6000000000000001 16.240000002086163
      vertex -2.2 -0.6000000000000001 16.25005650164707
    endloop
  endfacet
  facet normal 0 1 0
    outer loop
      vertex -2.2 -0.6000000000000001 16.25005650164707
      vertex -2.189999997615814 -0.6000000000000001 16.240000002086163
      vertex -2.2 -0.6000000000000001 16.240000000000002
    endloop
  endfacet
  facet normal -1 0 0
    outer loop
      vertex -2.189999997615814 -0.6000000000000001 17.240000000000002
      vertex -2.189999997615814 -0.6000000000000001 16.240000002086163
      vertex -2.189999997615814 -0.6100000000000001 16.240000002086163
    endloop
  endfacet
  facet normal 1 0 0
    outer loop
      vertex -2.2 -0.6000000000000001 16.25005650164707
      vertex -2.2 -0.6000000000000001 16.240000000000002
      vertex -2.2 0 16.240000000000002
    endloop
  endfacet
  facet normal 1 0 0
    outer loop
      vertex -2.2 -0.6000000000000001 16.25005650164707
      vertex -2.2 0 16.240000000000002
      vertex -2.2 0 16.25005650164707
    endloop
  endfacet
  facet normal -1 0 0
    outer loop
      vertex -2.189999997615814 -0.6100000000000001 18.009999999999998
      vertex -2.189999997615814 -0.6000000000000001 17.240000000000002
      vertex -2.189999997615814 -0.6100000000000001 16.240000002086163
    endloop
  endfacet
  facet normal -1 0 0
    outer loop
      vertex -2.189999997615814 -0.6100000000000001 18.009999999999998
      vertex -2.189999997615814 -0.6000000000000001 18.009999999999998
      vertex -2.189999997615814 -0.6000000000000001 17.240000000000002
    endloop
  endfacet
  facet normal 0 1 0
    outer loop
      vertex -2.2 -0.6000000000000001 16.240000000000002
      vertex -2.189999997615814 -0.6000000000000001 16.240000002086163
      vertex 2.2 -0.6000000000000001 16.240000000000002
    endloop
  endfacet
  facet normal 0 1 0
    outer loop
      vertex -2.189999997615814 -0.6000000000000001 17.240000000000002
      vertex 2.189999997615814 -0.6000000000000001 17.240000000000002
      vertex -2.189999997615814 -0.6000000000000001 16.240000002086163
    endloop
  endfacet
  facet normal 0 0 1
    outer loop
      vertex -2.2 -0.6000000000000001 16.240000000000002
      vertex 2.2 0 16.240000000000002
      vertex -2.2 0 16.240000000000002
    endloop
  endfacet
  facet normal 0 1 0
    outer loop
      vertex -2.189999997615814 -0.6000000000000001 18.009999999999998
      vertex 2.189999997615814 -0.6000000000000001 18.009999999999998
      vertex -2.189999997615814 -0.6000000000000001 17.240000000000002
    endloop
  endfacet
  facet normal 0 0 1
    outer loop
      vertex -2.189999997615814 -0.6100000000000001 18.009999999999998
      vertex 2.189999997615814 -0.6000000000000001 18.009999999999998
      vertex -2.189999997615814 -0.6000000000000001 18.009999999999998
    endloop
  endfacet
  facet normal 0 -0.7933533402912345 -0.6087614290087217
    outer loop
      vertex -6 -13.784592537907402 5.720621340861106
      vertex 6 -13.784592537907402 5.720621340861106
      vertex 6 -14.001315561749642 6.003060284411182
    endloop
  endfacet
  facet normal 0 -0.7604059656000306 -0.6494480483301842
    outer loop
      vertex -6 -13.55338481324628 5.4499118767597645
      vertex 6 -13.55338481324628 5.4499118767597645
      vertex 6 -13.784592537907402 5.720621340861106
    endloop
  endfacet
  facet normal 0 -0.6494480483301854 -0.7604059656000295
    outer loop
      vertex -6 -13.050088123240235 4.94661518675372
      vertex 6 -12.779378659138894 4.715407462092598
      vertex 6 -13.050088123240235 4.94661518675372
    endloop
  endfacet
  facet normal 0 -0.6087614290087217 -0.7933533402912345
    outer loop
      vertex -6 -12.779378659138894 4.715407462092598
      vertex 6 -12.496939715588818 4.498684438250358
      vertex 6 -12.779378659138894 4.715407462092598
    endloop
  endfacet
  facet normal 0 -0.7253743710122883 -0.6883545756937535
    outer loop
      vertex -6 -13.308326112068523 5.1916738879314765
      vertex 6 -13.308326112068523 5.1916738879314765
      vertex 6 -13.55338481324628 5.4499118767597645
    endloop
  endfacet
  facet normal 0 -0.6883545756937521 -0.7253743710122895
    outer loop
      vertex -6 -13.308326112068523 5.1916738879314765
      vertex 6 -13.050088123240235 4.94661518675372
      vertex 6 -13.308326112068523 5.1916738879314765
    endloop
  endfacet
  facet normal 0 -0.43051109680829486 -0.9025852843498607
    outer loop
      vertex -6 -11.587135398228918 3.941155635519099
      vertex 6 -11.265809172915441 3.787890888030314
      vertex 6 -11.587135398228918 3.941155635519099
    endloop
  endfacet
  facet normal 0 -0.3826834323650895 -0.9238795325112868
    outer loop
      vertex -6 -11.265809172915441 3.787890888030314
      vertex 6 -10.93690205690804 3.651653099819028
      vertex 6 -11.265809172915441 3.787890888030314
    endloop
  endfacet
  facet normal 0 -0.33380685923377007 -0.9426414910921787
    outer loop
      vertex -6 -10.93690205690804 3.651653099819028
      vertex 6 -10.601315561749642 3.5328156891929563
      vertex 6 -10.93690205690804 3.651653099819028
    endloop
  endfacet
  facet normal 0 -0.5664062369248328 -0.8241261886220156
    outer loop
      vertex -6 -12.496939715588818 4.498684438250358
      vertex 6 -12.203545438102184 4.297040137971116
      vertex 6 -12.496939715588818 4.498684438250358
    endloop
  endfacet
  facet normal 0 -0.5224985647159488 -0.8526401643540923
    outer loop
      vertex -6 -12.203545438102184 4.297040137971116
      vertex 6 -11.9 4.111027254265817
      vertex 6 -12.203545438102184 4.297040137971116
    endloop
  endfacet
  facet normal 0 -0.4771587602596075 -0.8788171126619658
    outer loop
      vertex -6 -11.9 4.111027254265817
      vertex 6 -11.587135398228918 3.941155635519099
      vertex 6 -11.9 4.111027254265817
    endloop
  endfacet
  facet normal 0 0.522498564715949 0.8526401643540921
    outer loop
      vertex -6 -10.9 5.843078061834695
      vertex 6 -11.11426736807213 5.974381273861964
      vertex 6 -10.9 5.843078061834695
    endloop
  endfacet
  facet normal 0 -0.8526401643540923 -0.5224985647159488
    outer loop
      vertex -6 -14.202959862028884 6.296454561897816
      vertex 6 -14.202959862028884 6.296454561897816
      vertex 6 -14.388972745734183 6.6
    endloop
  endfacet
  facet normal 0 -0.8241261886220156 -0.5664062369248328
    outer loop
      vertex -6 -14.001315561749642 6.003060284411182
      vertex 6 -14.001315561749642 6.003060284411182
      vertex 6 -14.202959862028884 6.296454561897816
    endloop
  endfacet
  facet normal 0 -0.8788165285912599 -0.4771598359824591
    outer loop
      vertex -6 -14.388972745879752 6.600000000268103
      vertex 6 -14.388972745734183 6.6
      vertex 6 -14.388972745879752 6.600000000268103
    endloop
  endfacet
  facet normal 0 -0.49999999996115996 0.866025403806863
    outer loop
      vertex -6 -14.388972745879752 6.600000000268103
      vertex 6 -14.388972745879752 6.600000000268103
      vertex 6 -12.65692193826806 7.600000000189249
    endloop
  endfacet
  facet normal 0 0.8788185458370394 0.477156120670029
    outer loop
      vertex -6 -12.656921938165306 7.6
      vertex 6 -12.65692193826806 7.600000000189249
      vertex 6 -12.656921938165306 7.6
    endloop
  endfacet
  facet normal 0 0.6883545756937534 0.7253743710122882
    outer loop
      vertex -6 -11.71182691052252 6.432904837708508
      vertex 6 -11.894112549695429 6.6058874503045715
      vertex 6 -11.71182691052252 6.432904837708508
    endloop
  endfacet
  facet normal 0 0.7253743710122882 0.6883545756937534
    outer loop
      vertex -6 -11.894112549695429 6.6058874503045715
      vertex 6 -12.067095162291492 6.78817308947748
      vertex 6 -11.894112549695429 6.6058874503045715
    endloop
  endfacet
  facet normal 0 0.760405965600032 0.6494480483301822
    outer loop
      vertex -6 -12.067095162291492 6.78817308947748
      vertex 6 -12.23030061499346 6.9792621229607805
      vertex 6 -12.067095162291492 6.78817308947748
    endloop
  endfacet
  facet normal 0 0.8526401643540931 0.5224985647159475
    outer loop
      vertex -6 -12.525618726138037 7.38573263192787
      vertex 6 -12.656921938165306 7.6
      vertex 6 -12.525618726138037 7.38573263192787
    endloop
  endfacet
  facet normal 0 0.8241261886220131 0.5664062369248366
    outer loop
      vertex -6 -12.383281572999747 7.178630788996129
      vertex 6 -12.525618726138037 7.38573263192787
      vertex 6 -12.383281572999747 7.178630788996129
    endloop
  endfacet
  facet normal 0 0.7933533402912353 0.6087614290087204
    outer loop
      vertex -6 -12.23030061499346 6.9792621229607805
      vertex 6 -12.383281572999747 7.178630788996129
      vertex 6 -12.23030061499346 6.9792621229607805
    endloop
  endfacet
  facet normal 0 0.6494480483301805 0.7604059656000336
    outer loop
      vertex -6 -11.520737877039219 6.26969938500654
      vertex 6 -11.71182691052252 6.432904837708508
      vertex 6 -11.520737877039219 6.26969938500654
    endloop
  endfacet
  facet normal 0 0.6087614290087222 0.793353340291234
    outer loop
      vertex -6 -11.321369211003871 6.116718427000253
      vertex 6 -11.520737877039219 6.26969938500654
      vertex 6 -11.321369211003871 6.116718427000253
    endloop
  endfacet
  facet normal 0 0.5664062369248325 0.8241261886220159
    outer loop
      vertex -6 -11.11426736807213 5.974381273861964
      vertex 6 -11.321369211003871 6.116718427000253
      vertex 6 -11.11426736807213 5.974381273861964
    endloop
  endfacet
  facet normal 0 -0.28401534470392475 -0.9588197348681924
    outer loop
      vertex -6 -10.601315561749642 3.5328156891929563
      vertex 6 -10.259969506697141 3.4317043812343355
      vertex 6 -10.601315561749642 3.5328156891929563
    endloop
  endfacet
  facet normal 0 -0.23344536385590503 -0.9723699203976768
    outer loop
      vertex -6 -10.259969506697141 3.4317043812343355
      vertex 6 -9.913799497560763 3.3485963150101217
      vertex 6 -10.259969506697141 3.4317043812343355
    endloop
  endfacet
  facet normal 0 -0.18223552549214825 -0.9832549075639544
    outer loop
      vertex -6 -9.913799497560763 3.3485963150101217
      vertex 6 -9.56375436227357 3.2837192839530633
      vertex 6 -9.913799497560763 3.3485963150101217
    endloop
  endfacet
  facet normal 0 -0.13052619222004855 -0.9914448613738108
    outer loop
      vertex -6 -9.56375436227357 3.2837192839530633
      vertex 6 -9.210793550220043 3.237251111495742
      vertex 6 -9.56375436227357 3.2837192839530633
    endloop
  endfacet
  facet normal 0 -0.07845909572784675 -0.9969173337331277
    outer loop
      vertex -6 -9.210793550220043 3.237251111495742
      vertex 6 -8.855884502452017 3.209319163668898
      vertex 6 -9.210793550220043 3.237251111495742
    endloop
  endfacet
  facet normal 0 0.4771587602596088 0.8788171126619652
    outer loop
      vertex -6 -10.679154398749825 5.723168683895834
      vertex 6 -10.9 5.843078061834695
      vertex 6 -10.679154398749825 5.723168683895834
    endloop
  endfacet
  facet normal 0 0.43051109680829525 0.9025852843498606
    outer loop
      vertex -6 -10.45233588676384 5.614981803315516
      vertex 6 -10.679154398749825 5.723168683895834
      vertex 6 -10.45233588676384 5.614981803315516
    endloop
  endfacet
  facet normal 0 0.3338068592337667 0.9426414910921799
    outer loop
      vertex -6 -9.983281572999747 5.434928721783264
      vertex 6 -10.220166157817442 5.5188139528134315
      vertex 6 -9.983281572999747 5.434928721783264
    endloop
  endfacet
  facet normal 0 0.382683432365091 0.9238795325112863
    outer loop
      vertex -6 -10.220166157817442 5.5188139528134315
      vertex 6 -10.45233588676384 5.614981803315516
      vertex 6 -10.220166157817442 5.5188139528134315
    endloop
  endfacet
  facet normal 0 0.28401534470392686 0.9588197348681917
    outer loop
      vertex -6 -9.7423314164921 5.363556033812472
      vertex 6 -9.983281572999747 5.434928721783264
      vertex 6 -9.7423314164921 5.363556033812472
    endloop
  endfacet
  facet normal 0 0.23344536385590328 0.9723699203976772
    outer loop
      vertex -6 -9.497976115925244 5.304891516477733
      vertex 6 -9.7423314164921 5.363556033812472
      vertex 6 -9.497976115925244 5.304891516477733
    endloop
  endfacet
  facet normal 0 0.18223552549214858 0.9832549075639543
    outer loop
      vertex -6 -9.250885432193108 5.259095965143339
      vertex 6 -9.497976115925244 5.304891516477733
      vertex 6 -9.250885432193108 5.259095965143339
    endloop
  endfacet
  facet normal 0 0.13052619222005069 0.9914448613738105
    outer loop
      vertex -6 -9.001736623684737 5.226294902232288
      vertex 6 -9.250885432193108 5.259095965143339
      vertex 6 -9.001736623684737 5.226294902232288
    endloop
  endfacet
  facet normal 0 -0.026176948307873104 -0.9996573249755574
    outer loop
      vertex -6 -8.855884502452017 3.209319163668898
      vertex 6 -8.5 3.2
      vertex 6 -8.855884502452017 3.209319163668898
    endloop
  endfacet
  facet normal 0 0.026176948307873104 -0.9996573249755574
    outer loop
      vertex -6 -8.5 3.2
      vertex 6 -8.144115497547983 3.209319163668898
      vertex 6 -8.5 3.2
    endloop
  endfacet
  facet normal 0 0.07845909572784654 -0.9969173337331277
    outer loop
      vertex -6 -8.144115497547983 3.209319163668898
      vertex 6 -7.7892064497799565 3.237251111495742
      vertex 6 -8.144115497547983 3.209319163668898
    endloop
  endfacet
  facet normal 0 0.13052619222004921 -0.9914448613738108
    outer loop
      vertex -6 -7.7892064497799565 3.237251111495742
      vertex 6 -7.43624563772643 3.2837192839530633
      vertex 6 -7.7892064497799565 3.237251111495742
    endloop
  endfacet
  facet normal 0 0.18223552549214783 -0.9832549075639546
    outer loop
      vertex -6 -7.43624563772643 3.2837192839530633
      vertex 6 -7.086200502439237 3.3485963150101217
      vertex 6 -7.43624563772643 3.2837192839530633
    endloop
  endfacet
  facet normal 0 0.07845909572784274 0.9969173337331282
    outer loop
      vertex -6 -8.75121258996613 5.206578233178046
      vertex 6 -9.001736623684737 5.226294902232288
      vertex 6 -8.75121258996613 5.206578233178046
    endloop
  endfacet
  facet normal 0 0.026176948307875387 0.9996573249755571
    outer loop
      vertex -6 -8.5 5.2
      vertex 6 -8.75121258996613 5.206578233178046
      vertex 6 -8.5 5.2
    endloop
  endfacet
  facet normal 0 -0.026176948307875387 0.9996573249755571
    outer loop
      vertex -6 -8.24878741003387 5.206578233178046
      vertex 6 -8.5 5.2
      vertex 6 -8.24878741003387 5.206578233178046
    endloop
  endfacet
  facet normal 0 -0.07845909572784274 0.9969173337331282
    outer loop
      vertex -6 -7.998263376315263 5.226294902232288
      vertex 6 -8.24878741003387 5.206578233178046
      vertex 6 -7.998263376315263 5.226294902232288
    endloop
  endfacet
  facet normal 0 -0.13052619222005069 0.9914448613738105
    outer loop
      vertex -6 -7.749114567806892 5.259095965143339
      vertex 6 -7.998263376315263 5.226294902232288
      vertex 6 -7.749114567806892 5.259095965143339
    endloop
  endfacet
  facet normal 0 -0.18223552549214797 0.9832549075639545
    outer loop
      vertex -6 -7.502023884074755 5.304891516477733
      vertex 6 -7.749114567806892 5.259095965143339
      vertex 6 -7.502023884074755 5.304891516477733
    endloop
  endfacet
  facet normal 0 -0.2334453638559041 0.972369920397677
    outer loop
      vertex -6 -7.2576685835079005 5.363556033812472
      vertex 6 -7.502023884074755 5.304891516477733
      vertex 6 -7.2576685835079005 5.363556033812472
    endloop
  endfacet
  facet normal 1 0 0
    outer loop
      vertex 6 -13.784592537907402 5.720621340861106
      vertex 6 -13.55338481324628 5.4499118767597645
      vertex 6 -14.388972745879752 6.600000000268103
    endloop
  endfacet
  facet normal 1 0 0
    outer loop
      vertex 6 -13.308326112068523 5.1916738879314765
      vertex 6 -14.388972745879752 6.600000000268103
      vertex 6 -13.55338481324628 5.4499118767597645
    endloop
  endfacet
  facet normal 1 0 0
    outer loop
      vertex 6 -13.308326112068523 5.1916738879314765
      vertex 6 -13.050088123240235 4.94661518675372
      vertex 6 -14.388972745879752 6.600000000268103
    endloop
  endfacet
  facet normal 1 0 0
    outer loop
      vertex 6 -12.779378659138894 4.715407462092598
      vertex 6 -14.388972745879752 6.600000000268103
      vertex 6 -13.050088123240235 4.94661518675372
    endloop
  endfacet
  facet normal 1 0 0
    outer loop
      vertex 6 -12.779378659138894 4.715407462092598
      vertex 6 -12.496939715588818 4.498684438250358
      vertex 6 -12.656921938165306 7.6
    endloop
  endfacet
  facet normal 1 0 0
    outer loop
      vertex 6 -11.587135398228918 3.941155635519099
      vertex 6 -11.71182691052252 6.432904837708508
      vertex 6 -11.9 4.111027254265817
    endloop
  endfacet
  facet normal 1 0 0
    outer loop
      vertex 6 -12.496939715588818 4.498684438250358
      vertex 6 -12.203545438102184 4.297040137971116
      vertex 6 -12.383281572999747 7.178630788996129
    endloop
  endfacet
  facet normal 1 0 0
    outer loop
      vertex 6 -12.203545438102184 4.297040137971116
      vertex 6 -11.9 4.111027254265817
      vertex 6 -12.067095162291492 6.78817308947748
    endloop
  endfacet
  facet normal 1 0 0
    outer loop
      vertex 6 -11.9 4.111027254265817
      vertex 6 -11.894112549695429 6.6058874503045715
      vertex 6 -12.067095162291492 6.78817308947748
    endloop
  endfacet
  facet normal 1 0 0
    outer loop
      vertex 6 -11.9 4.111027254265817
      vertex 6 -11.71182691052252 6.432904837708508
      vertex 6 -11.894112549695429 6.6058874503045715
    endloop
  endfacet
  facet normal 1 0 0
    outer loop
      vertex 6 -11.587135398228918 3.941155635519099
      vertex 6 -11.265809172915441 3.787890888030314
      vertex 6 -11.520737877039219 6.26969938500654
    endloop
  endfacet
  facet normal 1 0 0
    outer loop
      vertex 6 -11.265809172915441 3.787890888030314
      vertex 6 -10.93690205690804 3.651653099819028
      vertex 6 -11.11426736807213 5.974381273861964
    endloop
  endfacet
  facet normal 1 0 0
    outer loop
      vertex 6 -11.265809172915441 3.787890888030314
      vertex 6 -11.321369211003871 6.116718427000253
      vertex 6 -11.520737877039219 6.26969938500654
    endloop
  endfacet
  facet normal 1 0 0
    outer loop
      vertex 6 -11.587135398228918 3.941155635519099
      vertex 6 -11.520737877039219 6.26969938500654
      vertex 6 -11.71182691052252 6.432904837708508
    endloop
  endfacet
  facet normal 1 0 0
    outer loop
      vertex 6 -11.265809172915441 3.787890888030314
      vertex 6 -11.11426736807213 5.974381273861964
      vertex 6 -11.321369211003871 6.116718427000253
    endloop
  endfacet
  facet normal 1 0 0
    outer loop
      vertex 6 -10.93690205690804 3.651653099819028
      vertex 6 -10.9 5.843078061834695
      vertex 6 -11.11426736807213 5.974381273861964
    endloop
  endfacet
  facet normal 1 0 0
    outer loop
      vertex 6 -10.93690205690804 3.651653099819028
      vertex 6 -10.679154398749825 5.723168683895834
      vertex 6 -10.9 5.843078061834695
    endloop
  endfacet
  facet normal 1 0 0
    outer loop
      vertex 6 -14.001315561749642 6.003060284411182
      vertex 6 -14.388972745879752 6.600000000268103
      vertex 6 -14.202959862028884 6.296454561897816
    endloop
  endfacet
  facet normal 1 0 0
    outer loop
      vertex 6 -13.784592537907402 5.720621340861106
      vertex 6 -14.388972745879752 6.600000000268103
      vertex 6 -14.001315561749642 6.003060284411182
    endloop
  endfacet
  facet normal 1 0 0
    outer loop
      vertex 6 -14.202959862028884 6.296454561897816
      vertex 6 -14.388972745879752 6.600000000268103
      vertex 6 -14.388972745734183 6.6
    endloop
  endfacet
  facet normal 1 0 0
    outer loop
      vertex 6 -12.779378659138894 4.715407462092598
      vertex 6 -12.656921938165306 7.6
      vertex 6 -14.388972745879752 6.600000000268103
    endloop
  endfacet
  facet normal 1 0 0
    outer loop
      vertex 6 -14.388972745879752 6.600000000268103
      vertex 6 -12.656921938165306 7.6
      vertex 6 -12.65692193826806 7.600000000189249
    endloop
  endfacet
  facet normal 1 0 0
    outer loop
      vertex 6 -12.496939715588818 4.498684438250358
      vertex 6 -12.525618726138037 7.38573263192787
      vertex 6 -12.656921938165306 7.6
    endloop
  endfacet
  facet normal 1 0 0
    outer loop
      vertex 6 -12.496939715588818 4.498684438250358
      vertex 6 -12.383281572999747 7.178630788996129
      vertex 6 -12.525618726138037 7.38573263192787
    endloop
  endfacet
  facet normal 1 0 0
    outer loop
      vertex 6 -12.203545438102184 4.297040137971116
      vertex 6 -12.23030061499346 6.9792621229607805
      vertex 6 -12.383281572999747 7.178630788996129
    endloop
  endfacet
  facet normal 1 0 0
    outer loop
      vertex 6 -12.203545438102184 4.297040137971116
      vertex 6 -12.067095162291492 6.78817308947748
      vertex 6 -12.23030061499346 6.9792621229607805
    endloop
  endfacet
  facet normal 1 0 0
    outer loop
      vertex 6 -9.56375436227357 3.2837192839530633
      vertex 6 -9.210793550220043 3.237251111495742
      vertex 6 -9.497976115925244 5.304891516477733
    endloop
  endfacet
  facet normal 1 0 0
    outer loop
      vertex 6 -9.210793550220043 3.237251111495742
      vertex 6 -8.855884502452017 3.209319163668898
      vertex 6 -9.001736623684737 5.226294902232288
    endloop
  endfacet
  facet normal 1 0 0
    outer loop
      vertex 6 -10.93690205690804 3.651653099819028
      vertex 6 -10.601315561749642 3.5328156891929563
      vertex 6 -10.679154398749825 5.723168683895834
    endloop
  endfacet
  facet normal 1 0 0
    outer loop
      vertex 6 -10.601315561749642 3.5328156891929563
      vertex 6 -10.259969506697141 3.4317043812343355
      vertex 6 -10.45233588676384 5.614981803315516
    endloop
  endfacet
  facet normal 1 0 0
    outer loop
      vertex 6 -10.601315561749642 3.5328156891929563
      vertex 6 -10.45233588676384 5.614981803315516
      vertex 6 -10.679154398749825 5.723168683895834
    endloop
  endfacet
  facet normal 1 0 0
    outer loop
      vertex 6 -10.259969506697141 3.4317043812343355
      vertex 6 -9.913799497560763 3.3485963150101217
      vertex 6 -9.983281572999747 5.434928721783264
    endloop
  endfacet
  facet normal 1 0 0
    outer loop
      vertex 6 -10.259969506697141 3.4317043812343355
      vertex 6 -10.220166157817442 5.5188139528134315
      vertex 6 -10.45233588676384 5.614981803315516
    endloop
  endfacet
  facet normal 1 0 0
    outer loop
      vertex 6 -10.259969506697141 3.4317043812343355
      vertex 6 -9.983281572999747 5.434928721783264
      vertex 6 -10.220166157817442 5.5188139528134315
    endloop
  endfacet
  facet normal 1 0 0
    outer loop
      vertex 6 -9.913799497560763 3.3485963150101217
      vertex 6 -9.56375436227357 3.2837192839530633
      vertex 6 -9.7423314164921 5.363556033812472
    endloop
  endfacet
  facet normal 1 0 0
    outer loop
      vertex 6 -9.913799497560763 3.3485963150101217
      vertex 6 -9.7423314164921 5.363556033812472
      vertex 6 -9.983281572999747 5.434928721783264
    endloop
  endfacet
  facet normal 1 0 0
    outer loop
      vertex 6 -9.56375436227357 3.2837192839530633
      vertex 6 -9.497976115925244 5.304891516477733
      vertex 6 -9.7423314164921 5.363556033812472
    endloop
  endfacet
  facet normal 1 0 0
    outer loop
      vertex 6 -9.210793550220043 3.237251111495742
      vertex 6 -9.250885432193108 5.259095965143339
      vertex 6 -9.497976115925244 5.304891516477733
    endloop
  endfacet
  facet normal 1 0 0
    outer loop
      vertex 6 -9.210793550220043 3.237251111495742
      vertex 6 -9.001736623684737 5.226294902232288
      vertex 6 -9.250885432193108 5.259095965143339
    endloop
  endfacet
  facet normal 1 0 0
    outer loop
      vertex 6 -8.855884502452017 3.209319163668898
      vertex 6 -8.5 3.2
      vertex 6 -8.75121258996613 5.206578233178046
    endloop
  endfacet
  facet normal 1 0 0
    outer loop
      vertex 6 -8.5 3.2
      vertex 6 -8.144115497547983 3.209319163668898
      vertex 6 -8.24878741003387 5.206578233178046
    endloop
  endfacet
  facet normal 1 0 0
    outer loop
      vertex 6 -8.144115497547983 3.209319163668898
      vertex 6 -7.7892064497799565 3.237251111495742
      vertex 6 -8.24878741003387 5.206578233178046
    endloop
  endfacet
  facet normal 1 0 0
    outer loop
      vertex 6 -7.998263376315263 5.226294902232288
      vertex 6 -7.7892064497799565 3.237251111495742
      vertex 6 -7.43624563772643 3.2837192839530633
    endloop
  endfacet
  facet normal 1 0 0
    outer loop
      vertex 6 -7.43624563772643 3.2837192839530633
      vertex 6 -7.086200502439237 3.3485963150101217
      vertex 6 -7.502023884074755 5.304891516477733
    endloop
  endfacet
  facet normal 1 0 0
    outer loop
      vertex 6 -8.855884502452017 3.209319163668898
      vertex 6 -8.75121258996613 5.206578233178046
      vertex 6 -9.001736623684737 5.226294902232288
    endloop
  endfacet
  facet normal 1 0 0
    outer loop
      vertex 6 -8.5 3.2
      vertex 6 -8.5 5.2
      vertex 6 -8.75121258996613 5.206578233178046
    endloop
  endfacet
  facet normal 1 0 0
    outer loop
      vertex 6 -8.5 3.2
      vertex 6 -8.24878741003387 5.206578233178046
      vertex 6 -8.5 5.2
    endloop
  endfacet
  facet normal 1 0 0
    outer loop
      vertex 6 -8.24878741003387 5.206578233178046
      vertex 6 -7.7892064497799565 3.237251111495742
      vertex 6 -7.998263376315263 5.226294902232288
    endloop
  endfacet
  facet normal 1 0 0
    outer loop
      vertex 6 -7.998263376315263 5.226294902232288
      vertex 6 -7.43624563772643 3.2837192839530633
      vertex 6 -7.749114567806892 5.259095965143339
    endloop
  endfacet
  facet normal 1 0 0
    outer loop
      vertex 6 -7.43624563772643 3.2837192839530633
      vertex 6 -7.502023884074755 5.304891516477733
      vertex 6 -7.749114567806892 5.259095965143339
    endloop
  endfacet
  facet normal 1 0 0
    outer loop
      vertex 6 -7.086200502439237 3.3485963150101217
      vertex 6 -7.2576685835079005 5.363556033812472
      vertex 6 -7.502023884074755 5.304891516477733
    endloop
  endfacet
  facet normal 0 -0.8788165285912599 0.4771598359824591
    outer loop
      vertex -6 -14.388972745734183 13.4
      vertex 6 -14.388972745879752 13.399999999731897
      vertex 6 -14.388972745734183 13.4
    endloop
  endfacet
  facet normal 0 -0.8526401643540923 0.5224985647159488
    outer loop
      vertex -6 -14.388972745734183 13.4
      vertex 6 -14.388972745734183 13.4
      vertex 6 -14.202959862028884 13.703545438102184
    endloop
  endfacet
  facet normal 0 -0.8241261886220156 0.5664062369248328
    outer loop
      vertex -6 -14.202959862028884 13.703545438102184
      vertex 6 -14.202959862028884 13.703545438102184
      vertex 6 -14.001315561749642 13.996939715588818
    endloop
  endfacet
  facet normal 0 -0.49999999996115996 -0.866025403806863
    outer loop
      vertex -6 -12.65692193826806 12.39999999981075
      vertex 6 -12.65692193826806 12.39999999981075
      vertex 6 -14.388972745879752 13.399999999731897
    endloop
  endfacet
  facet normal 0 0.8788185458370394 -0.477156120670029
    outer loop
      vertex -6 -12.65692193826806 12.39999999981075
      vertex 6 -12.656921938165306 12.4
      vertex 6 -12.65692193826806 12.39999999981075
    endloop
  endfacet
  facet normal 0 0.852640164354094 -0.5224985647159458
    outer loop
      vertex -6 -12.656921938165306 12.4
      vertex 6 -12.525618726138037 12.614267368072131
      vertex 6 -12.656921938165306 12.4
    endloop
  endfacet
  facet normal 0 0.8241261886220119 -0.5664062369248382
    outer loop
      vertex -6 -12.525618726138037 12.614267368072131
      vertex 6 -12.383281572999747 12.821369211003871
      vertex 6 -12.525618726138037 12.614267368072131
    endloop
  endfacet
  facet normal 0 0.7933533402912366 -0.6087614290087188
    outer loop
      vertex -6 -12.383281572999747 12.821369211003871
      vertex 6 -12.23030061499346 13.02073787703922
      vertex 6 -12.383281572999747 12.821369211003871
    endloop
  endfacet
  facet normal 0 0.7604059656000306 -0.6494480483301841
    outer loop
      vertex -6 -12.23030061499346 13.02073787703922
      vertex 6 -12.067095162291492 13.21182691052252
      vertex 6 -12.23030061499346 13.02073787703922
    endloop
  endfacet
  facet normal 0 0.7253743710122882 -0.6883545756937534
    outer loop
      vertex -6 -12.067095162291492 13.21182691052252
      vertex 6 -11.894112549695429 13.394112549695429
      vertex 6 -12.067095162291492 13.21182691052252
    endloop
  endfacet
  facet normal 0 0.6883545756937534 -0.7253743710122882
    outer loop
      vertex -6 -11.894112549695429 13.394112549695429
      vertex 6 -11.71182691052252 13.567095162291492
      vertex 6 -11.894112549695429 13.394112549695429
    endloop
  endfacet
  facet normal 0 0.6494480483301805 -0.7604059656000336
    outer loop
      vertex -6 -11.71182691052252 13.567095162291492
      vertex 6 -11.520737877039219 13.73030061499346
      vertex 6 -11.71182691052252 13.567095162291492
    endloop
  endfacet
  facet normal 0 0.6087614290087222 -0.793353340291234
    outer loop
      vertex -6 -11.520737877039219 13.73030061499346
      vertex 6 -11.321369211003871 13.883281572999747
      vertex 6 -11.520737877039219 13.73030061499346
    endloop
  endfacet
  facet normal 0 0.56640623692483 -0.8241261886220176
    outer loop
      vertex -6 -11.321369211003871 13.883281572999747
      vertex 6 -11.11426736807213 14.025618726138035
      vertex 6 -11.321369211003871 13.883281572999747
    endloop
  endfacet
  facet normal 0 -0.7933533402912345 0.6087614290087217
    outer loop
      vertex -6 -14.001315561749642 13.996939715588818
      vertex 6 -14.001315561749642 13.996939715588818
      vertex 6 -13.784592537907402 14.279378659138894
    endloop
  endfacet
  facet normal 0 -0.7604059656000315 0.6494480483301829
    outer loop
      vertex -6 -13.784592537907402 14.279378659138894
      vertex 6 -13.784592537907402 14.279378659138894
      vertex 6 -13.55338481324628 14.550088123240236
    endloop
  endfacet
  facet normal 0 -0.7253743710122883 0.6883545756937535
    outer loop
      vertex -6 -13.55338481324628 14.550088123240236
      vertex 6 -13.55338481324628 14.550088123240236
      vertex 6 -13.308326112068523 14.808326112068524
    endloop
  endfacet
  facet normal 0 -0.6883545756937508 0.7253743710122907
    outer loop
      vertex -6 -13.050088123240235 15.05338481324628
      vertex 6 -13.308326112068523 14.808326112068524
      vertex 6 -13.050088123240235 15.05338481324628
    endloop
  endfacet
  facet normal 0 -0.6494480483301854 0.7604059656000295
    outer loop
      vertex -6 -12.779378659138894 15.284592537907402
      vertex 6 -13.050088123240235 15.05338481324628
      vertex 6 -12.779378659138894 15.284592537907402
    endloop
  endfacet
  facet normal 0 -0.6087614290087217 0.7933533402912345
    outer loop
      vertex -6 -12.496939715588818 15.501315561749642
      vertex 6 -12.779378659138894 15.284592537907402
      vertex 6 -12.496939715588818 15.501315561749642
    endloop
  endfacet
  facet normal 0 -0.5664062369248328 0.8241261886220156
    outer loop
      vertex -6 -12.203545438102184 15.702959862028884
      vertex 6 -12.496939715588818 15.501315561749642
      vertex 6 -12.203545438102184 15.702959862028884
    endloop
  endfacet
  facet normal 0 -0.5224985647159488 0.8526401643540923
    outer loop
      vertex -6 -11.9 15.888972745734183
      vertex 6 -12.203545438102184 15.702959862028884
      vertex 6 -11.9 15.888972745734183
    endloop
  endfacet
  facet normal 0 -0.4771587602596075 0.8788171126619658
    outer loop
      vertex -6 -11.587135398228918 16.0588443644809
      vertex 6 -11.9 15.888972745734183
      vertex 6 -11.587135398228918 16.0588443644809
    endloop
  endfacet
  facet normal 0 0.522498564715949 -0.8526401643540921
    outer loop
      vertex -6 -11.11426736807213 14.025618726138035
      vertex 6 -10.9 14.156921938165304
      vertex 6 -11.11426736807213 14.025618726138035
    endloop
  endfacet
  facet normal 0 0.4771587602596088 -0.8788171126619652
    outer loop
      vertex -6 -10.9 14.156921938165304
      vertex 6 -10.679154398749825 14.276831316104165
      vertex 6 -10.9 14.156921938165304
    endloop
  endfacet
  facet normal 0 -0.4305110968082928 0.9025852843498616
    outer loop
      vertex -6 -11.265809172915441 16.212109111969685
      vertex 6 -11.587135398228918 16.0588443644809
      vertex 6 -11.265809172915441 16.212109111969685
    endloop
  endfacet
  facet normal 0 -0.3826834323650895 0.9238795325112868
    outer loop
      vertex -6 -10.93690205690804 16.34834690018097
      vertex 6 -11.265809172915441 16.212109111969685
      vertex 6 -10.93690205690804 16.34834690018097
    endloop
  endfacet
  facet normal 0 0.4305110968082981 -0.9025852843498592
    outer loop
      vertex -6 -10.679154398749825 14.276831316104165
      vertex 6 -10.45233588676384 14.385018196684484
      vertex 6 -10.679154398749825 14.276831316104165
    endloop
  endfacet
  facet normal 0 0.382683432365091 -0.9238795325112863
    outer loop
      vertex -6 -10.45233588676384 14.385018196684484
      vertex 6 -10.220166157817442 14.481186047186569
      vertex 6 -10.45233588676384 14.385018196684484
    endloop
  endfacet
  facet normal 0 0.3338068592337667 -0.9426414910921799
    outer loop
      vertex -6 -10.220166157817442 14.481186047186569
      vertex 6 -9.983281572999747 14.565071278216736
      vertex 6 -10.220166157817442 14.481186047186569
    endloop
  endfacet
  facet normal 0 0.28401534470392686 -0.9588197348681917
    outer loop
      vertex -6 -9.983281572999747 14.565071278216736
      vertex 6 -9.7423314164921 14.636443966187528
      vertex 6 -9.983281572999747 14.565071278216736
    endloop
  endfacet
  facet normal 0 0.23344536385590328 -0.9723699203976772
    outer loop
      vertex -6 -9.7423314164921 14.636443966187528
      vertex 6 -9.497976115925244 14.695108483522267
      vertex 6 -9.7423314164921 14.636443966187528
    endloop
  endfacet
  facet normal 0 0.18223552549215202 -0.9832549075639537
    outer loop
      vertex -6 -9.497976115925244 14.695108483522267
      vertex 6 -9.250885432193108 14.740904034856662
      vertex 6 -9.497976115925244 14.695108483522267
    endloop
  endfacet
  facet normal 0 0.13052619222004722 -0.9914448613738109
    outer loop
      vertex -6 -9.250885432193108 14.740904034856662
      vertex 6 -9.001736623684737 14.773705097767712
      vertex 6 -9.250885432193108 14.740904034856662
    endloop
  endfacet
  facet normal 0 -0.33380685923376785 0.9426414910921794
    outer loop
      vertex -6 -10.601315561749642 16.467184310807042
      vertex 6 -10.93690205690804 16.34834690018097
      vertex 6 -10.601315561749642 16.467184310807042
    endloop
  endfacet
  facet normal 0 -0.2840153447039271 0.9588197348681918
    outer loop
      vertex -6 -10.259969506697141 16.568295618765664
      vertex 6 -10.601315561749642 16.467184310807042
      vertex 6 -10.259969506697141 16.568295618765664
    endloop
  endfacet
  facet normal 0 -0.23344536385591208 0.9723699203976749
    outer loop
      vertex -6 -9.913799497560763 16.65140368498988
      vertex 6 -10.259969506697141 16.568295618765664
      vertex 6 -9.913799497560763 16.65140368498988
    endloop
  endfacet
  facet normal 0 -0.18223552549214825 0.9832549075639544
    outer loop
      vertex -6 -9.56375436227357 16.71628071604694
      vertex 6 -9.913799497560763 16.65140368498988
      vertex 6 -9.56375436227357 16.71628071604694
    endloop
  endfacet
  facet normal 0 -0.13052619222004608 0.991444861373811
    outer loop
      vertex -6 -9.210793550220043 16.76274888850426
      vertex 6 -9.56375436227357 16.71628071604694
      vertex 6 -9.210793550220043 16.76274888850426
    endloop
  endfacet
  facet normal 0 0.07845909572784274 -0.9969173337331282
    outer loop
      vertex -6 -9.001736623684737 14.773705097767712
      vertex 6 -8.75121258996613 14.793421766821954
      vertex 6 -9.001736623684737 14.773705097767712
    endloop
  endfacet
  facet normal 0 0.02617694830787892 -0.9996573249755571
    outer loop
      vertex -6 -8.75121258996613 14.793421766821954
      vertex 6 -8.5 14.8
      vertex 6 -8.75121258996613 14.793421766821954
    endloop
  endfacet
  facet normal 0 -0.02617694830787892 -0.9996573249755571
    outer loop
      vertex -6 -8.5 14.8
      vertex 6 -8.24878741003387 14.793421766821954
      vertex 6 -8.5 14.8
    endloop
  endfacet
  facet normal 0 -0.07845909572784274 -0.9969173337331282
    outer loop
      vertex -6 -8.24878741003387 14.793421766821954
      vertex 6 -7.998263376315263 14.773705097767712
      vertex 6 -8.24878741003387 14.793421766821954
    endloop
  endfacet
  facet normal 0 -0.13052619222004722 -0.9914448613738109
    outer loop
      vertex -6 -7.998263376315263 14.773705097767712
      vertex 6 -7.749114567806892 14.740904034856662
      vertex 6 -7.998263376315263 14.773705097767712
    endloop
  endfacet
  facet normal 0 -0.1822355254921514 -0.983254907563954
    outer loop
      vertex -6 -7.749114567806892 14.740904034856662
      vertex 6 -7.502023884074755 14.695108483522267
      vertex 6 -7.749114567806892 14.740904034856662
    endloop
  endfacet
  facet normal 0 -0.2334453638559041 -0.972369920397677
    outer loop
      vertex -6 -7.502023884074755 14.695108483522267
      vertex 6 -7.2576685835079005 14.636443966187528
      vertex 6 -7.502023884074755 14.695108483522267
    endloop
  endfacet
  facet normal 0 -0.07845909572784426 0.996917333733128
    outer loop
      vertex -6 -8.855884502452017 16.790680836331102
      vertex 6 -9.210793550220043 16.76274888850426
      vertex 6 -8.855884502452017 16.790680836331102
    endloop
  endfacet
  facet normal 0 -0.02617694830787559 0.9996573249755571
    outer loop
      vertex -6 -8.5 16.8
      vertex 6 -8.855884502452017 16.790680836331102
      vertex 6 -8.5 16.8
    endloop
  endfacet
  facet normal 0 0.02617694830787559 0.9996573249755571
    outer loop
      vertex -6 -8.144115497547983 16.790680836331102
      vertex 6 -8.5 16.8
      vertex 6 -8.144115497547983 16.790680836331102
    endloop
  endfacet
  facet normal 0 0.07845909572784407 0.996917333733128
    outer loop
      vertex -6 -7.7892064497799565 16.76274888850426
      vertex 6 -8.144115497547983 16.790680836331102
      vertex 6 -7.7892064497799565 16.76274888850426
    endloop
  endfacet
  facet normal 0 0.13052619222004674 0.991444861373811
    outer loop
      vertex -6 -7.43624563772643 16.71628071604694
      vertex 6 -7.7892064497799565 16.76274888850426
      vertex 6 -7.43624563772643 16.71628071604694
    endloop
  endfacet
  facet normal 0 0.18223552549214783 0.9832549075639546
    outer loop
      vertex -6 -7.086200502439237 16.65140368498988
      vertex 6 -7.43624563772643 16.71628071604694
      vertex 6 -7.086200502439237 16.65140368498988
    endloop
  endfacet
  facet normal 1 0 0
    outer loop
      vertex 6 -14.388972745734183 13.4
      vertex 6 -14.388972745879752 13.399999999731897
      vertex 6 -12.65692193826806 12.39999999981075
    endloop
  endfacet
  facet normal 1 0 0
    outer loop
      vertex 6 -14.388972745734183 13.4
      vertex 6 -12.65692193826806 12.39999999981075
      vertex 6 -14.202959862028884 13.703545438102184
    endloop
  endfacet
  facet normal 1 0 0
    outer loop
      vertex 6 -12.65692193826806 12.39999999981075
      vertex 6 -14.001315561749642 13.996939715588818
      vertex 6 -14.202959862028884 13.703545438102184
    endloop
  endfacet
  facet normal 1 0 0
    outer loop
      vertex 6 -12.65692193826806 12.39999999981075
      vertex 6 -13.784592537907402 14.279378659138894
      vertex 6 -14.001315561749642 13.996939715588818
    endloop
  endfacet
  facet normal 1 0 0
    outer loop
      vertex 6 -12.65692193826806 12.39999999981075
      vertex 6 -13.55338481324628 14.550088123240236
      vertex 6 -13.784592537907402 14.279378659138894
    endloop
  endfacet
  facet normal 1 0 0
    outer loop
      vertex 6 -12.65692193826806 12.39999999981075
      vertex 6 -13.308326112068523 14.808326112068524
      vertex 6 -13.55338481324628 14.550088123240236
    endloop
  endfacet
  facet normal 1 0 0
    outer loop
      vertex 6 -12.656921938165306 12.4
      vertex 6 -12.779378659138894 15.284592537907402
      vertex 6 -12.65692193826806 12.39999999981075
    endloop
  endfacet
  facet normal 1 0 0
    outer loop
      vertex 6 -12.656921938165306 12.4
      vertex 6 -12.525618726138037 12.614267368072131
      vertex 6 -12.779378659138894 15.284592537907402
    endloop
  endfacet
  facet normal 1 0 0
    outer loop
      vertex 6 -12.525618726138037 12.614267368072131
      vertex 6 -12.383281572999747 12.821369211003871
      vertex 6 -12.779378659138894 15.284592537907402
    endloop
  endfacet
  facet normal 1 0 0
    outer loop
      vertex 6 -12.383281572999747 12.821369211003871
      vertex 6 -12.23030061499346 13.02073787703922
      vertex 6 -12.496939715588818 15.501315561749642
    endloop
  endfacet
  facet normal 1 0 0
    outer loop
      vertex 6 -12.23030061499346 13.02073787703922
      vertex 6 -12.067095162291492 13.21182691052252
      vertex 6 -12.496939715588818 15.501315561749642
    endloop
  endfacet
  facet normal 1 0 0
    outer loop
      vertex 6 -12.65692193826806 12.39999999981075
      vertex 6 -13.050088123240235 15.05338481324628
      vertex 6 -13.308326112068523 14.808326112068524
    endloop
  endfacet
  facet normal 1 0 0
    outer loop
      vertex 6 -12.65692193826806 12.39999999981075
      vertex 6 -12.779378659138894 15.284592537907402
      vertex 6 -13.050088123240235 15.05338481324628
    endloop
  endfacet
  facet normal 1 0 0
    outer loop
      vertex 6 -12.383281572999747 12.821369211003871
      vertex 6 -12.496939715588818 15.501315561749642
      vertex 6 -12.779378659138894 15.284592537907402
    endloop
  endfacet
  facet normal 1 0 0
    outer loop
      vertex 6 -12.067095162291492 13.21182691052252
      vertex 6 -12.203545438102184 15.702959862028884
      vertex 6 -12.496939715588818 15.501315561749642
    endloop
  endfacet
  facet normal 1 0 0
    outer loop
      vertex 6 -12.067095162291492 13.21182691052252
      vertex 6 -11.894112549695429 13.394112549695429
      vertex 6 -12.203545438102184 15.702959862028884
    endloop
  endfacet
  facet normal 1 0 0
    outer loop
      vertex 6 -11.894112549695429 13.394112549695429
      vertex 6 -11.71182691052252 13.567095162291492
      vertex 6 -11.9 15.888972745734183
    endloop
  endfacet
  facet normal 1 0 0
    outer loop
      vertex 6 -11.71182691052252 13.567095162291492
      vertex 6 -11.520737877039219 13.73030061499346
      vertex 6 -11.9 15.888972745734183
    endloop
  endfacet
  facet normal 1 0 0
    outer loop
      vertex 6 -11.894112549695429 13.394112549695429
      vertex 6 -11.9 15.888972745734183
      vertex 6 -12.203545438102184 15.702959862028884
    endloop
  endfacet
  facet normal 1 0 0
    outer loop
      vertex 6 -11.520737877039219 13.73030061499346
      vertex 6 -11.321369211003871 13.883281572999747
      vertex 6 -11.587135398228918 16.0588443644809
    endloop
  endfacet
  facet normal 1 0 0
    outer loop
      vertex 6 -11.321369211003871 13.883281572999747
      vertex 6 -11.11426736807213 14.025618726138035
      vertex 6 -11.587135398228918 16.0588443644809
    endloop
  endfacet
  facet normal 1 0 0
    outer loop
      vertex 6 -11.265809172915441 16.212109111969685
      vertex 6 -11.11426736807213 14.025618726138035
      vertex 6 -10.9 14.156921938165304
    endloop
  endfacet
  facet normal 1 0 0
    outer loop
      vertex 6 -10.9 14.156921938165304
      vertex 6 -10.679154398749825 14.276831316104165
      vertex 6 -10.93690205690804 16.34834690018097
    endloop
  endfacet
  facet normal 1 0 0
    outer loop
      vertex 6 -11.520737877039219 13.73030061499346
      vertex 6 -11.587135398228918 16.0588443644809
      vertex 6 -11.9 15.888972745734183
    endloop
  endfacet
  facet normal 1 0 0
    outer loop
      vertex 6 -11.587135398228918 16.0588443644809
      vertex 6 -11.11426736807213 14.025618726138035
      vertex 6 -11.265809172915441 16.212109111969685
    endloop
  endfacet
  facet normal 1 0 0
    outer loop
      vertex 6 -11.265809172915441 16.212109111969685
      vertex 6 -10.9 14.156921938165304
      vertex 6 -10.93690205690804 16.34834690018097
    endloop
  endfacet
  facet normal 1 0 0
    outer loop
      vertex 6 -10.679154398749825 14.276831316104165
      vertex 6 -10.45233588676384 14.385018196684484
      vertex 6 -10.93690205690804 16.34834690018097
    endloop
  endfacet
  facet normal 1 0 0
    outer loop
      vertex 6 -10.45233588676384 14.385018196684484
      vertex 6 -10.220166157817442 14.481186047186569
      vertex 6 -10.601315561749642 16.467184310807042
    endloop
  endfacet
  facet normal 1 0 0
    outer loop
      vertex 6 -10.45233588676384 14.385018196684484
      vertex 6 -10.601315561749642 16.467184310807042
      vertex 6 -10.93690205690804 16.34834690018097
    endloop
  endfacet
  facet normal 1 0 0
    outer loop
      vertex 6 -10.220166157817442 14.481186047186569
      vertex 6 -10.259969506697141 16.568295618765664
      vertex 6 -10.601315561749642 16.467184310807042
    endloop
  endfacet
  facet normal 1 0 0
    outer loop
      vertex 6 -10.220166157817442 14.481186047186569
      vertex 6 -9.983281572999747 14.565071278216736
      vertex 6 -10.259969506697141 16.568295618765664
    endloop
  endfacet
  facet normal 1 0 0
    outer loop
      vertex 6 -9.983281572999747 14.565071278216736
      vertex 6 -9.7423314164921 14.636443966187528
      vertex 6 -10.259969506697141 16.568295618765664
    endloop
  endfacet
  facet normal 1 0 0
    outer loop
      vertex 6 -9.7423314164921 14.636443966187528
      vertex 6 -9.913799497560763 16.65140368498988
      vertex 6 -10.259969506697141 16.568295618765664
    endloop
  endfacet
  facet normal 1 0 0
    outer loop
      vertex 6 -9.7423314164921 14.636443966187528
      vertex 6 -9.497976115925244 14.695108483522267
      vertex 6 -9.913799497560763 16.65140368498988
    endloop
  endfacet
  facet normal 1 0 0
    outer loop
      vertex 6 -9.56375436227357 16.71628071604694
      vertex 6 -9.497976115925244 14.695108483522267
      vertex 6 -9.250885432193108 14.740904034856662
    endloop
  endfacet
  facet normal 1 0 0
    outer loop
      vertex 6 -9.56375436227357 16.71628071604694
      vertex 6 -9.250885432193108 14.740904034856662
      vertex 6 -9.001736623684737 14.773705097767712
    endloop
  endfacet
  facet normal 1 0 0
    outer loop
      vertex 6 -9.913799497560763 16.65140368498988
      vertex 6 -9.497976115925244 14.695108483522267
      vertex 6 -9.56375436227357 16.71628071604694
    endloop
  endfacet
  facet normal 1 0 0
    outer loop
      vertex 6 -9.56375436227357 16.71628071604694
      vertex 6 -9.001736623684737 14.773705097767712
      vertex 6 -9.210793550220043 16.76274888850426
    endloop
  endfacet
  facet normal 1 0 0
    outer loop
      vertex 6 -9.001736623684737 14.773705097767712
      vertex 6 -8.75121258996613 14.793421766821954
      vertex 6 -9.210793550220043 16.76274888850426
    endloop
  endfacet
  facet normal 1 0 0
    outer loop
      vertex 6 -8.75121258996613 14.793421766821954
      vertex 6 -8.5 14.8
      vertex 6 -8.5 16.8
    endloop
  endfacet
  facet normal 1 0 0
    outer loop
      vertex 6 -8.5 14.8
      vertex 6 -8.24878741003387 14.793421766821954
      vertex 6 -8.5 16.8
    endloop
  endfacet
  facet normal 1 0 0
    outer loop
      vertex 6 -8.24878741003387 14.793421766821954
      vertex 6 -7.998263376315263 14.773705097767712
      vertex 6 -8.144115497547983 16.790680836331102
    endloop
  endfacet
  facet normal 1 0 0
    outer loop
      vertex 6 -7.998263376315263 14.773705097767712
      vertex 6 -7.749114567806892 14.740904034856662
      vertex 6 -7.7892064497799565 16.76274888850426
    endloop
  endfacet
  facet normal 1 0 0
    outer loop
      vertex 6 -7.749114567806892 14.740904034856662
      vertex 6 -7.502023884074755 14.695108483522267
      vertex 6 -7.7892064497799565 16.76274888850426
    endloop
  endfacet
  facet normal 1 0 0
    outer loop
      vertex 6 -7.2576685835079005 14.636443966187528
      vertex 6 -7.43624563772643 16.71628071604694
      vertex 6 -7.502023884074755 14.695108483522267
    endloop
  endfacet
  facet normal 1 0 0
    outer loop
      vertex 6 -7.2576685835079005 14.636443966187528
      vertex 6 -7.086200502439237 16.65140368498988
      vertex 6 -7.43624563772643 16.71628071604694
    endloop
  endfacet
  facet normal 1 0 0
    outer loop
      vertex 6 -8.75121258996613 14.793421766821954
      vertex 6 -8.855884502452017 16.790680836331102
      vertex 6 -9.210793550220043 16.76274888850426
    endloop
  endfacet
  facet normal 1 0 0
    outer loop
      vertex 6 -8.75121258996613 14.793421766821954
      vertex 6 -8.5 16.8
      vertex 6 -8.855884502452017 16.790680836331102
    endloop
  endfacet
  facet normal 1 0 0
    outer loop
      vertex 6 -8.24878741003387 14.793421766821954
      vertex 6 -8.144115497547983 16.790680836331102
      vertex 6 -8.5 16.8
    endloop
  endfacet
  facet normal 1 0 0
    outer loop
      vertex 6 -7.998263376315263 14.773705097767712
      vertex 6 -7.7892064497799565 16.76274888850426
      vertex 6 -8.144115497547983 16.790680836331102
    endloop
  endfacet
  facet normal 1 0 0
    outer loop
      vertex 6 -7.502023884074755 14.695108483522267
      vertex 6 -7.43624563772643 16.71628071604694
      vertex 6 -7.7892064497799565 16.76274888850426
    endloop
  endfacet
  facet normal 0 0.23344536385590503 -0.9723699203976768
    outer loop
      vertex -6 -7.086200502439237 3.3485963150101217
      vertex 6 -6.740030493302859 3.4317043812343355
      vertex 6 -7.086200502439237 3.3485963150101217
    endloop
  endfacet
  facet normal 0 0.28401534470392475 -0.9588197348681924
    outer loop
      vertex -6 -6.740030493302859 3.4317043812343355
      vertex 6 -6.398684438250358 3.5328156891929563
      vertex 6 -6.740030493302859 3.4317043812343355
    endloop
  endfacet
  facet normal 0 0.3338068592337693 -0.942641491092179
    outer loop
      vertex -6 -6.398684438250358 3.5328156891929563
      vertex 6 -6.063097943091958 3.651653099819028
      vertex 6 -6.398684438250358 3.5328156891929563
    endloop
  endfacet
  facet normal 0 0.3826834323650904 -0.9238795325112864
    outer loop
      vertex -6 -6.063097943091958 3.651653099819028
      vertex 6 -5.734190827084559 3.787890888030314
      vertex 6 -6.063097943091958 3.651653099819028
    endloop
  endfacet
  facet normal 0 0.43051109680829486 -0.9025852843498607
    outer loop
      vertex -6 -5.734190827084559 3.787890888030314
      vertex 6 -5.412864601771082 3.941155635519099
      vertex 6 -5.734190827084559 3.787890888030314
    endloop
  endfacet
  facet normal 0 -0.28401534470392686 0.9588197348681917
    outer loop
      vertex -6 -7.016718427000253 5.434928721783264
      vertex 6 -7.2576685835079005 5.363556033812472
      vertex 6 -7.016718427000253 5.434928721783264
    endloop
  endfacet
  facet normal 0 -0.3338068592337667 0.9426414910921799
    outer loop
      vertex -6 -6.779833842182558 5.5188139528134315
      vertex 6 -7.016718427000253 5.434928721783264
      vertex 6 -6.779833842182558 5.5188139528134315
    endloop
  endfacet
  facet normal 0 -0.382683432365091 0.9238795325112863
    outer loop
      vertex -6 -6.547664113236159 5.614981803315516
      vertex 6 -6.779833842182558 5.5188139528134315
      vertex 6 -6.547664113236159 5.614981803315516
    endloop
  endfacet
  facet normal 0 -0.43051109680829525 0.9025852843498606
    outer loop
      vertex -6 -6.320845601250175 5.723168683895834
      vertex 6 -6.547664113236159 5.614981803315516
      vertex 6 -6.320845601250175 5.723168683895834
    endloop
  endfacet
  facet normal 0 -0.4771587602596088 0.8788171126619652
    outer loop
      vertex -6 -6.1 5.843078061834695
      vertex 6 -6.320845601250175 5.723168683895834
      vertex 6 -6.1 5.843078061834695
    endloop
  endfacet
  facet normal 0 -0.5224985647159475 0.8526401643540931
    outer loop
      vertex -6 -5.88573263192787 5.974381273861964
      vertex 6 -6.1 5.843078061834695
      vertex 6 -5.88573263192787 5.974381273861964
    endloop
  endfacet
  facet normal 0 0.4771587602596075 -0.8788171126619658
    outer loop
      vertex -6 -5.412864601771082 3.941155635519099
      vertex 6 -5.1 4.111027254265817
      vertex 6 -5.412864601771082 3.941155635519099
    endloop
  endfacet
  facet normal 0 0.5224985647159488 -0.8526401643540923
    outer loop
      vertex -6 -5.1 4.111027254265817
      vertex 6 -4.796454561897816 4.297040137971116
      vertex 6 -5.1 4.111027254265817
    endloop
  endfacet
  facet normal 0 0.5664062369248328 -0.8241261886220156
    outer loop
      vertex -6 -4.796454561897816 4.297040137971116
      vertex 6 -4.503060284411182 4.498684438250358
      vertex 6 -4.796454561897816 4.297040137971116
    endloop
  endfacet
  facet normal 0 0.6087614290087217 -0.7933533402912345
    outer loop
      vertex -6 -4.503060284411182 4.498684438250358
      vertex 6 -4.220621340861106 4.715407462092598
      vertex 6 -4.503060284411182 4.498684438250358
    endloop
  endfacet
  facet normal 0 0.6494480483301842 -0.7604059656000306
    outer loop
      vertex -6 -4.220621340861106 4.715407462092598
      vertex 6 -3.9499118767597645 4.94661518675372
      vertex 6 -4.220621340861106 4.715407462092598
    endloop
  endfacet
  facet normal 0 0.6883545756937521 -0.7253743710122895
    outer loop
      vertex -6 -3.9499118767597645 4.94661518675372
      vertex 6 -3.6916738879314765 5.1916738879314765
      vertex 6 -3.9499118767597645 4.94661518675372
    endloop
  endfacet
  facet normal 0 -0.5664062369248342 0.8241261886220148
    outer loop
      vertex -6 -5.678630788996129 6.116718427000253
      vertex 6 -5.88573263192787 5.974381273861964
      vertex 6 -5.678630788996129 6.116718427000253
    endloop
  endfacet
  facet normal 0 -0.6087614290087204 0.7933533402912353
    outer loop
      vertex -6 -5.4792621229607805 6.26969938500654
      vertex 6 -5.678630788996129 6.116718427000253
      vertex 6 -5.4792621229607805 6.26969938500654
    endloop
  endfacet
  facet normal 0 -0.6494480483301822 0.760405965600032
    outer loop
      vertex -6 -5.28817308947748 6.432904837708508
      vertex 6 -5.4792621229607805 6.26969938500654
      vertex 6 -5.28817308947748 6.432904837708508
    endloop
  endfacet
  facet normal 0 -0.6883545756937534 0.7253743710122882
    outer loop
      vertex -6 -5.1058874503045715 6.6058874503045715
      vertex 6 -5.28817308947748 6.432904837708508
      vertex 6 -5.1058874503045715 6.6058874503045715
    endloop
  endfacet
  facet normal 0 -0.7253743710122882 0.6883545756937534
    outer loop
      vertex -6 -4.932904837708508 6.78817308947748
      vertex 6 -5.1058874503045715 6.6058874503045715
      vertex 6 -4.932904837708508 6.78817308947748
    endloop
  endfacet
  facet normal 0 -0.760405965600032 0.6494480483301822
    outer loop
      vertex -6 -4.76969938500654 6.9792621229607805
      vertex 6 -4.932904837708508 6.78817308947748
      vertex 6 -4.76969938500654 6.9792621229607805
    endloop
  endfacet
  facet normal 0 -0.7933533402912353 0.6087614290087204
    outer loop
      vertex -6 -4.616718427000253 7.178630788996129
      vertex 6 -4.76969938500654 6.9792621229607805
      vertex 6 -4.616718427000253 7.178630788996129
    endloop
  endfacet
  facet normal 0 -0.8241261886220148 0.5664062369248342
    outer loop
      vertex -6 -4.474381273861964 7.38573263192787
      vertex 6 -4.616718427000253 7.178630788996129
      vertex 6 -4.474381273861964 7.38573263192787
    endloop
  endfacet
  facet normal 0 -0.8526401643540931 0.5224985647159475
    outer loop
      vertex -6 -4.343078061834695 7.6
      vertex 6 -4.474381273861964 7.38573263192787
      vertex 6 -4.343078061834695 7.6
    endloop
  endfacet
  facet normal 0 -0.8788171126619652 0.4771587602596088
    outer loop
      vertex -6 -4.223168683895834 7.820845601250175
      vertex 6 -4.343078061834695 7.6
      vertex 6 -4.223168683895834 7.820845601250175
    endloop
  endfacet
  facet normal 4.4169368883989376e-17 -0.9025852843498605 0.43051109680829547
    outer loop
      vertex -6 -4.204568311177416 7.85984209361363
      vertex 6 -4.223168683895834 7.820845601250175
      vertex 6 -4.204568311177413 7.859842093613636
    endloop
  endfacet
  facet normal 4.4169368883989567e-17 -0.9025852843498606 0.4305110968082952
    outer loop
      vertex -6 -4.204568311177416 7.85984209361363
      vertex 6 -4.204568311177413 7.859842093613636
      vertex 5.926711620521187 -4.114981803315516 8.04766411323616
    endloop
  endfacet
  facet normal 0 -0.9238795325112872 0.38268343236508884
    outer loop
      vertex -5.925096549796192 -4.113267343749779 8.051803184771899
      vertex 5.925096549796194 -4.113267343749779 8.051803184771899
      vertex 5.857208881725873 -4.0188139528134315 8.279833842182558
    endloop
  endfacet
  facet normal 0 -0.9238795325112367 0.38268343236521063
    outer loop
      vertex -5.925096549796192 -4.113267343749779 8.051803184771899
      vertex 5.926711620521187 -4.114981803315516 8.04766411323616
      vertex 5.925096549796194 -4.113267343749779 8.051803184771899
    endloop
  endfacet
  facet normal 0 -0.94264149109218 0.33380685923376674
    outer loop
      vertex -5.857208881725871 -4.0188139528134315 8.279833842182558
      vertex 5.857208881725873 -4.0188139528134315 8.279833842182558
      vertex 5.78668528525999 -3.9349287217832636 8.516718427000253
    endloop
  endfacet
  facet normal 3.68111224773986e-17 -0.9588197348681922 0.2840153447039255
    outer loop
      vertex -5.783598404364017 -3.931857387682826 8.527087077155205
      vertex 5.783598404364019 -3.9318573876828258 8.527087077155205
      vertex 5.7352505467011365 -3.863556033812472 8.7576685835079
    endloop
  endfacet
  facet normal 3.681112247739823e-17 -0.9588197348681825 0.2840153447039579
    outer loop
      vertex -5.783598404364017 -3.931857387682826 8.527087077155205
      vertex 5.78668528525999 -3.9349287217832636 8.516718427000253
      vertex 5.783598404364019 -3.9318573876828258 8.527087077155205
    endloop
  endfacet
  facet normal 0 -0.9723699203976772 0.23344536385590328
    outer loop
      vertex -5.735250546701134 -3.863556033812472 8.7576685835079
      vertex 5.7352505467011365 -3.863556033812472 8.7576685835079
      vertex 5.684014628097556 -3.804891516477733 9.002023884074756
    endloop
  endfacet
  facet normal 0 -0.9914448613738106 0.13052619222005069
    outer loop
      vertex -5.652329785402627 -3.759095965143339 9.249114567806892
      vertex 5.652329785402628 -3.759095965143339 9.249114567806892
      vertex 5.621273418809698 -3.726294902232288 9.498263376315263
    endloop
  endfacet
  facet normal 1.2398498696543077e-17 -0.9969173337331269 0.07845909572785856
    outer loop
      vertex -5.62049304195998 -3.7258021861946724 9.504523927166007
      vertex 5.621273418809698 -3.726294902232288 9.498263376315263
      vertex 5.620493041959982 -3.7258021861946724 9.504523927166005
    endloop
  endfacet
  facet normal 1.2398498696540512e-17 -0.9969173337331281 0.07845909572784232
    outer loop
      vertex -5.62049304195998 -3.7258021861946724 9.504523927166007
      vertex 5.620493041959982 -3.7258021861946724 9.504523927166005
      vertex 5.610390229577801 -3.706578233178046 9.74878741003387
    endloop
  endfacet
  facet normal 0 -0.9996573249755573 0.026176948307875387
    outer loop
      vertex -5.610390229577798 -3.706578233178046 9.74878741003387
      vertex 5.610390229577801 -3.706578233178046 9.74878741003387
      vertex 5.600000000000001 -3.7 10
    endloop
  endfacet
  facet normal 9.938481929947065e-18 -0.9832549075639516 0.18223552549216362
    outer loop
      vertex -5.681832179583665 -3.802962401268837 9.012432458315596
      vertex 5.684014628097556 -3.804891516477733 9.002023884074756
      vertex 5.681832179583667 -3.8029624012688363 9.012432458315597
    endloop
  endfacet
  facet normal 9.938481929949633e-18 -0.9832549075639544 0.18223552549214792
    outer loop
      vertex -5.681832179583665 -3.802962401268837 9.012432458315596
      vertex 5.681832179583667 -3.8029624012688363 9.012432458315597
      vertex 5.652329785402628 -3.759095965143339 9.249114567806892
    endloop
  endfacet
  facet normal 0 0 -1
    outer loop
      vertex -5.422649730810374 -2 1.9900000000000002
      vertex 5.422649730810374 -2 1.9900000000000002
      vertex 5.422649730810374 -2.01 1.9900000000000002
    endloop
  endfacet
  facet normal 0 0 -1
    outer loop
      vertex -5.422649730810374 -2 1.9900000000000002
      vertex 5.42264973372221 -1.5 1.9900000000000002
      vertex 5.422649730810374 -2 1.9900000000000002
    endloop
  endfacet
  facet normal 0 -1 0
    outer loop
      vertex -5.422649730810374 -2.01 1.9900000000000002
      vertex 5.422649730810374 -2.01 1.9900000000000002
      vertex 5.420509599527361 -2.01 5.252001833110367
    endloop
  endfacet
  facet normal 1.4431159504893949e-18 0.7253743710122895 -0.6883545756937521
    outer loop
      vertex -5.985090172824241 -3.4466151867537196 5.4499118767597645
      vertex 6 -3.4845542961840863 5.409932397271184
      vertex 6 -3.6916738879314765 5.1916738879314765
    endloop
  endfacet
  facet normal 0 0.7253743710122893 -0.6883545756937521
    outer loop
      vertex -5.985090172824241 -3.4466151867537196 5.4499118767597645
      vertex 5.985090172824241 -3.4466151867537196 5.4499118767597645
      vertex 6 -3.4845542961840863 5.409932397271184
    endloop
  endfacet
  facet normal 0 0.7604059656000306 -0.6494480483301842
    outer loop
      vertex -5.8942270168841935 -3.215407462092598 5.720621340861106
      vertex 5.8942270168841935 -3.215407462092598 5.720621340861106
      vertex 5.985090172824241 -3.4466151867537196 5.4499118767597645
    endloop
  endfacet
  facet normal 0 0.7933533402912347 -0.6087614290087214
    outer loop
      vertex -5.809573262183687 -2.9999999979138376 6.001345813678249
      vertex 5.809573262183687 -2.9999999979138376 6.001345813678249
      vertex 5.8942270168841935 -3.215407462092598 5.720621340861106
    endloop
  endfacet
  facet normal 0 -0.6034729741881371 -0.797383451937977
    outer loop
      vertex -5.809573262183687 -2.9999999979138376 6.001250192523003
      vertex 5.420509599527361 -2.01 5.252001833110367
      vertex 5.809573262183687 -2.9999999979138376 6.001250192523003
    endloop
  endfacet
  facet normal 0 0 -1
    outer loop
      vertex -5.42264973372221 -1.5 1.9900000000000002
      vertex 6 -0.5 1.9900000000000002
      vertex 5.42264973372221 -1.5 1.9900000000000002
    endloop
  endfacet
  facet normal 0 0 -1
    outer loop
      vertex -6 -0.5 1.9900000000000002
      vertex 6 0 1.9900000000000002
      vertex 6 -0.5 1.9900000000000002
    endloop
  endfacet
  facet normal 0 -1 0
    outer loop
      vertex -5.809573262183687 -2.9999999979138376 6.001250192523003
      vertex 5.809573262183687 -2.9999999979138376 6.001250192523003
      vertex 5.809573262183687 -2.9999999979138376 6.001345813678249
    endloop
  endfacet
  facet normal 0 1 0
    outer loop
      vertex 6 0 18.009999999999998
      vertex 6 0 1.9900000000000002
      vertex -6 0 1.9900000000000002
    endloop
  endfacet
  facet normal 1 0 0
    outer loop
      vertex 6 -7.086200502439237 3.3485963150101217
      vertex 6 -6.740030493302859 3.4317043812343355
      vertex 6 -7.2576685835079005 5.363556033812472
    endloop
  endfacet
  facet normal 1 0 0
    outer loop
      vertex 6 -6.740030493302859 3.4317043812343355
      vertex 6 -7.016718427000253 5.434928721783264
      vertex 6 -7.2576685835079005 5.363556033812472
    endloop
  endfacet
  facet normal 1 0 0
    outer loop
      vertex 6 -6.740030493302859 3.4317043812343355
      vertex 6 -6.779833842182558 5.5188139528134315
      vertex 6 -7.016718427000253 5.434928721783264
    endloop
  endfacet
  facet normal 1 0 0
    outer loop
      vertex 6 -6.740030493302859 3.4317043812343355
      vertex 6 -6.398684438250358 3.5328156891929563
      vertex 6 -6.779833842182558 5.5188139528134315
    endloop
  endfacet
  facet normal 1 0 0
    outer loop
      vertex 6 -6.398684438250358 3.5328156891929563
      vertex 6 -6.063097943091958 3.651653099819028
      vertex 6 -6.547664113236159 5.614981803315516
    endloop
  endfacet
  facet normal 1 0 0
    outer loop
      vertex 6 -6.398684438250358 3.5328156891929563
      vertex 6 -6.547664113236159 5.614981803315516
      vertex 6 -6.779833842182558 5.5188139528134315
    endloop
  endfacet
  facet normal 1 0 0
    outer loop
      vertex 6 -6.547664113236159 5.614981803315516
      vertex 6 -6.063097943091958 3.651653099819028
      vertex 6 -6.320845601250175 5.723168683895834
    endloop
  endfacet
  facet normal 1 0 0
    outer loop
      vertex 6 -6.063097943091958 3.651653099819028
      vertex 6 -5.734190827084559 3.787890888030314
      vertex 6 -6.1 5.843078061834695
    endloop
  endfacet
  facet normal 1 0 0
    outer loop
      vertex 6 -5.734190827084559 3.787890888030314
      vertex 6 -5.412864601771082 3.941155635519099
      vertex 6 -5.88573263192787 5.974381273861964
    endloop
  endfacet
  facet normal 1 0 0
    outer loop
      vertex 6 -6.063097943091958 3.651653099819028
      vertex 6 -6.1 5.843078061834695
      vertex 6 -6.320845601250175 5.723168683895834
    endloop
  endfacet
  facet normal 1 0 0
    outer loop
      vertex 6 -5.734190827084559 3.787890888030314
      vertex 6 -5.88573263192787 5.974381273861964
      vertex 6 -6.1 5.843078061834695
    endloop
  endfacet
  facet normal 1 0 0
    outer loop
      vertex 6 -5.412864601771082 3.941155635519099
      vertex 6 -5.678630788996129 6.116718427000253
      vertex 6 -5.88573263192787 5.974381273861964
    endloop
  endfacet
  facet normal 1 0 0
    outer loop
      vertex 6 -5.412864601771082 3.941155635519099
      vertex 6 -5.4792621229607805 6.26969938500654
      vertex 6 -5.678630788996129 6.116718427000253
    endloop
  endfacet
  facet normal 1 0 0
    outer loop
      vertex 6 -5.412864601771082 3.941155635519099
      vertex 6 -5.1 4.111027254265817
      vertex 6 -5.4792621229607805 6.26969938500654
    endloop
  endfacet
  facet normal 1 0 0
    outer loop
      vertex 6 -5.1 4.111027254265817
      vertex 6 -4.796454561897816 4.297040137971116
      vertex 6 -5.1058874503045715 6.6058874503045715
    endloop
  endfacet
  facet normal 1 0 0
    outer loop
      vertex 6 -5.1 4.111027254265817
      vertex 6 -5.28817308947748 6.432904837708508
      vertex 6 -5.4792621229607805 6.26969938500654
    endloop
  endfacet
  facet normal 1 0 0
    outer loop
      vertex 6 -5.1 4.111027254265817
      vertex 6 -5.1058874503045715 6.6058874503045715
      vertex 6 -5.28817308947748 6.432904837708508
    endloop
  endfacet
  facet normal 1 0 0
    outer loop
      vertex 6 -4.796454561897816 4.297040137971116
      vertex 6 -4.503060284411182 4.498684438250358
      vertex 6 -4.932904837708508 6.78817308947748
    endloop
  endfacet
  facet normal 1 0 0
    outer loop
      vertex 6 -4.796454561897816 4.297040137971116
      vertex 6 -4.932904837708508 6.78817308947748
      vertex 6 -5.1058874503045715 6.6058874503045715
    endloop
  endfacet
  facet normal 1 0 0
    outer loop
      vertex 6 -4.503060284411182 4.498684438250358
      vertex 6 -4.220621340861106 4.715407462092598
      vertex 6 -4.616718427000253 7.178630788996129
    endloop
  endfacet
  facet normal 1 0 0
    outer loop
      vertex 6 -4.220621340861106 4.715407462092598
      vertex 6 -3.9499118767597645 4.94661518675372
      vertex 6 -4.223168683895834 7.820845601250175
    endloop
  endfacet
  facet normal 1 0 0
    outer loop
      vertex 6 -4.932904837708508 6.78817308947748
      vertex 6 -4.503060284411182 4.498684438250358
      vertex 6 -4.76969938500654 6.9792621229607805
    endloop
  endfacet
  facet normal 1 0 0
    outer loop
      vertex 6 -4.76969938500654 6.9792621229607805
      vertex 6 -4.503060284411182 4.498684438250358
      vertex 6 -4.616718427000253 7.178630788996129
    endloop
  endfacet
  facet normal 1 0 0
    outer loop
      vertex 6 -4.220621340861106 4.715407462092598
      vertex 6 -4.474381273861964 7.38573263192787
      vertex 6 -4.616718427000253 7.178630788996129
    endloop
  endfacet
  facet normal 1 0 0
    outer loop
      vertex 6 -4.220621340861106 4.715407462092598
      vertex 6 -4.343078061834695 7.6
      vertex 6 -4.474381273861964 7.38573263192787
    endloop
  endfacet
  facet normal 1 0 0
    outer loop
      vertex 6 -4.220621340861106 4.715407462092598
      vertex 6 -4.223168683895834 7.820845601250175
      vertex 6 -4.343078061834695 7.6
    endloop
  endfacet
  facet normal 1 0 0
    outer loop
      vertex 6 -3.9499118767597645 4.94661518675372
      vertex 6 -4.204568311177413 7.859842093613636
      vertex 6 -4.223168683895834 7.820845601250175
    endloop
  endfacet
  facet normal 1 0 0
    outer loop
      vertex 6 -3.9499118767597645 4.94661518675372
      vertex 6 -3.6916738879314765 5.1916738879314765
      vertex 6 -4.204568311177413 7.859842093613636
    endloop
  endfacet
  facet normal 1 0 0
    outer loop
      vertex 6 -3.6916738879314765 5.1916738879314765
      vertex 6 -3.4845542961840863 7.859842093613637
      vertex 6 -4.204568311177413 7.859842093613636
    endloop
  endfacet
  facet normal 0.9315910880512807 -4.484078477927549e-16 0.36350797056382517
    outer loop
      vertex 6 -4.204568311177413 7.859842093613636
      vertex 6 -3.4845542961840863 7.859842093613637
      vertex 5.926711620521187 -4.114981803315516 8.04766411323616
    endloop
  endfacet
  facet normal 0.931591088051279 1.151308163605987e-15 0.36350797056382983
    outer loop
      vertex 5.926711620521187 -4.114981803315516 8.04766411323616
      vertex 6 -3.4845542961840863 7.859842093613637
      vertex 5.925096549796194 -3.2939571711808955 8.051803184771899
    endloop
  endfacet
  facet normal 0.958427482458253 9.852180282532369e-17 0.285336224249104
    outer loop
      vertex 5.857208881725873 -4.0188139528134315 8.279833842182558
      vertex 5.783598404364019 -2.9339051356701784 8.527087077155205
      vertex 5.78668528525999 -3.9349287217832636 8.516718427000253
    endloop
  endfacet
  facet normal 0.9315910880512016 0 0.36350797056402806
    outer loop
      vertex 5.926711620521187 -4.114981803315516 8.04766411323616
      vertex 5.925096549796194 -3.2939571711808955 8.051803184771899
      vertex 5.925096549796194 -4.113267343749779 8.051803184771899
    endloop
  endfacet
  facet normal 0.9584274824582516 0 0.28533622424910887
    outer loop
      vertex 5.925096549796194 -4.113267343749779 8.051803184771899
      vertex 5.925096549796194 -3.2939571711808955 8.051803184771899
      vertex 5.857208881725873 -4.0188139528134315 8.279833842182558
    endloop
  endfacet
  facet normal 0.9584274824582504 0 0.28533622424911337
    outer loop
      vertex 5.78668528525999 -3.9349287217832636 8.516718427000253
      vertex 5.783598404364019 -2.9339051356701784 8.527087077155205
      vertex 5.783598404364019 -3.9318573876828258 8.527087077155205
    endloop
  endfacet
  facet normal 0 0 -1
    outer loop
      vertex 5.42264973372221 -2 1.9900000000000002
      vertex 5.422649730810374 -2 1.9900000000000002
      vertex 5.42264973372221 -1.5 1.9900000000000002
    endloop
  endfacet
  facet normal 1 0 0
    outer loop
      vertex 5.42264973372221 -2 1.9900000000000002
      vertex 5.42264973372221 -1.5 1.9900000000000002
      vertex 5.42264973372221 -1.9900000020861626 5.236865504164128
    endloop
  endfacet
  facet normal 0.9307082643964942 0.36576239088247625 0
    outer loop
      vertex 5.809573262183687 -2.9999999979138376 6.001250192523003
      vertex 5.420509599527361 -2.01 5.252001833110367
      vertex 5.809573262183687 -2.9999999979138376 6.001345813678249
    endloop
  endfacet
  facet normal 0.866025404876377 -0.4999999981087072 0
    outer loop
      vertex 5.42264973372221 -1.5 1.9900000000000002
      vertex 6 -0.5 1.9900000000000002
      vertex 5.42264973372221 -1.5 4.866025403784438
    endloop
  endfacet
  facet normal 1 0 0
    outer loop
      vertex 5.42264973372221 -1.5 1.9900000000000002
      vertex 5.42264973372221 -1.5 4.866025403784438
      vertex 5.42264973372221 -1.5100000000000002 4.866025403784438
    endloop
  endfacet
  facet normal 1 0 0
    outer loop
      vertex 5.42264973372221 -1.5 1.9900000000000002
      vertex 5.42264973372221 -1.5100000000000002 4.866025403784438
      vertex 5.42264973372221 -1.9900000020861626 5.236865504164128
    endloop
  endfacet
  facet normal 1 0 0
    outer loop
      vertex 5.42264973372221 -1.5100000000000002 4.866025403784438
      vertex 5.42264973372221 -1.5100000000000002 4.873593569983358
      vertex 5.42264973372221 -1.9900000020861626 5.236865504164128
    endloop
  endfacet
  facet normal 1 0 0
    outer loop
      vertex 5.42264973372221 -1.5100000000000002 4.873593569983358
      vertex 5.42264973372221 -1.5100000000000002 4.866025403784438
      vertex 5.42264973372221 -1.5 4.866025403784438
    endloop
  endfacet
  facet normal 1 0 0
    outer loop
      vertex 6 -3.6916738879314765 5.1916738879314765
      vertex 6 -3.4845542961840863 5.409932397271184
      vertex 6 -3.4845542961840863 7.859842093613637
    endloop
  endfacet
  facet normal 0.9307082643964962 0.3657623908824711 0
    outer loop
      vertex 6 -3.4845542961840863 5.409932397271184
      vertex 5.985090172824241 -3.4466151867537196 5.4499118767597645
      vertex 6 -3.4845542961840863 7.859842093613637
    endloop
  endfacet
  facet normal 0.9307082643964941 0.36576239088247703 1.0669302919515333e-16
    outer loop
      vertex 5.985090172824241 -3.4466151867537196 5.4499118767597645
      vertex 5.8942270168841935 -3.215407462092598 5.720621340861106
      vertex 6 -3.4845542961840863 7.859842093613637
    endloop
  endfacet
  facet normal 0.9307082643964932 0.3657623908824792 -4.2871442775576913e-16
    outer loop
      vertex 5.8942270168841935 -3.215407462092598 5.720621340861106
      vertex 5.809573262183687 -2.9999999979138376 6.001345813678249
      vertex 5.681832179583667 -2.6749537814563498 9.012432458315597
    endloop
  endfacet
  facet normal 0.9307082643964943 0.36576239088247625 0
    outer loop
      vertex 5.8942270168841935 -3.215407462092598 5.720621340861106
      vertex 5.925096549796194 -3.2939571711808955 8.051803184771899
      vertex 6 -3.4845542961840863 7.859842093613637
    endloop
  endfacet
  facet normal 0.930708264396494 0.3657623908824769 2.578283527486659e-17
    outer loop
      vertex 5.8942270168841935 -3.215407462092598 5.720621340861106
      vertex 5.783598404364019 -2.9339051356701784 8.527087077155205
      vertex 5.925096549796194 -3.2939571711808955 8.051803184771899
    endloop
  endfacet
  facet normal 0.9307082643964941 0.3657623908824765 8.755060973569384e-17
    outer loop
      vertex 5.8942270168841935 -3.215407462092598 5.720621340861106
      vertex 5.681832179583667 -2.6749537814563498 9.012432458315597
      vertex 5.783598404364019 -2.9339051356701784 8.527087077155205
    endloop
  endfacet
  facet normal 0.9307082643964942 0.36576239088247625 -7.210038440394409e-17
    outer loop
      vertex 5.809573262183687 -2.9999999979138376 6.001345813678249
      vertex 5.420509599527361 -2.01 5.252001833110367
      vertex 5.681832179583667 -2.6749537814563498 9.012432458315597
    endloop
  endfacet
  facet normal 0.9307082643964941 0.36576239088247664 2.1193676307266864e-17
    outer loop
      vertex 5.681832179583667 -2.6749537814563498 9.012432458315597
      vertex 5.420509599527361 -2.01 5.252001833110367
      vertex 5.620493041959982 -2.518872008861909 9.504523927166005
    endloop
  endfacet
  facet normal 1 0 0
    outer loop
      vertex 5.422649730810374 -2 18.009999999999998
      vertex 5.422649730810374 -2.01 1.9900000000000002
      vertex 5.422649730810374 -2 1.9900000000000002
    endloop
  endfacet
  facet normal 0 -1 0
    outer loop
      vertex 5.42264973372221 -2 18.009999999999998
      vertex 5.422649730810374 -2 1.9900000000000002
      vertex 5.42264973372221 -2 1.9900000000000002
    endloop
  endfacet
  facet normal 1 0 0
    outer loop
      vertex 5.42264973372221 -2 1.9900000000000002
      vertex 5.42264973372221 -1.9900000020861626 5.236865504164128
      vertex 5.42264973372221 -1.9900000020861626 14.763134495835871
    endloop
  endfacet
  facet normal 0.9584274824582522 -6.469352479980651e-16 0.28533622424910704
    outer loop
      vertex 5.857208881725873 -4.0188139528134315 8.279833842182558
      vertex 5.925096549796194 -3.2939571711808955 8.051803184771899
      vertex 5.783598404364019 -2.9339051356701784 8.527087077155205
    endloop
  endfacet
  facet normal 0.9787168453273553 0 0.2052153421956309
    outer loop
      vertex 5.783598404364019 -3.9318573876828258 8.527087077155205
      vertex 5.783598404364019 -2.9339051356701784 8.527087077155205
      vertex 5.7352505467011365 -3.863556033812472 8.7576685835079
    endloop
  endfacet
  facet normal 0.9787168453273531 -5.238313446136843e-16 0.20521534219564022
    outer loop
      vertex 5.7352505467011365 -3.863556033812472 8.7576685835079
      vertex 5.681832179583667 -2.6749537814563498 9.012432458315597
      vertex 5.684014628097556 -3.804891516477733 9.002023884074756
    endloop
  endfacet
  facet normal 0.9787168453273546 8.407414292220595e-16 0.20521534219563414
    outer loop
      vertex 5.7352505467011365 -3.863556033812472 8.7576685835079
      vertex 5.783598404364019 -2.9339051356701784 8.527087077155205
      vertex 5.681832179583667 -2.6749537814563498 9.012432458315597
    endloop
  endfacet
  facet normal 0.99232057973704 0 0.1236926312693875
    outer loop
      vertex 5.621273418809698 -3.726294902232288 9.498263376315263
      vertex 5.620493041959982 -2.518872008861909 9.504523927166005
      vertex 5.620493041959982 -3.7258021861946724 9.504523927166005
    endloop
  endfacet
  facet normal 0.9991457583873011 0 0.041324974248808384
    outer loop
      vertex 5.620493041959982 -3.7258021861946724 9.504523927166005
      vertex 5.620493041959982 -2.518872008861909 9.504523927166005
      vertex 5.610390229577801 -3.706578233178046 9.74878741003387
    endloop
  endfacet
  facet normal 0.9991457583873008 0 0.04132497424881605
    outer loop
      vertex 5.610390229577801 -3.706578233178046 9.74878741003387
      vertex 5.600000000000001 -2.466726014658513 10
      vertex 5.600000000000001 -3.7 10
    endloop
  endfacet
  facet normal 0.9991457583873011 7.834244700078237e-16 0.0413249742488122
    outer loop
      vertex 5.610390229577801 -3.706578233178046 9.74878741003387
      vertex 5.620493041959982 -2.518872008861909 9.504523927166005
      vertex 5.600000000000001 -2.466726014658513 10
    endloop
  endfacet
  facet normal 0.9787168453273648 0 0.20521534219558543
    outer loop
      vertex 5.681832179583667 -3.8029624012688363 9.012432458315597
      vertex 5.684014628097556 -3.804891516477733 9.002023884074756
      vertex 5.681832179583667 -2.6749537814563498 9.012432458315597
    endloop
  endfacet
  facet normal 0.9923205797370442 0 0.12369263126935283
    outer loop
      vertex 5.681832179583667 -3.8029624012688363 9.012432458315597
      vertex 5.681832179583667 -2.6749537814563498 9.012432458315597
      vertex 5.652329785402628 -3.759095965143339 9.249114567806892
    endloop
  endfacet
  facet normal 0.9923205797370457 2.311027041294454e-16 0.12369263126934363
    outer loop
      vertex 5.621273418809698 -3.726294902232288 9.498263376315263
      vertex 5.652329785402628 -3.759095965143339 9.249114567806892
      vertex 5.620493041959982 -2.518872008861909 9.504523927166005
    endloop
  endfacet
  facet normal 0.9923205797370448 -8.751270970553686e-16 0.12369263126934889
    outer loop
      vertex 5.652329785402628 -3.759095965143339 9.249114567806892
      vertex 5.681832179583667 -2.6749537814563498 9.012432458315597
      vertex 5.620493041959982 -2.518872008861909 9.504523927166005
    endloop
  endfacet
  facet normal 0.9307082643964939 0.36576239088247725 9.880252416803887e-17
    outer loop
      vertex 5.620493041959982 -2.518872008861909 9.504523927166005
      vertex 5.420509599527361 -2.01 5.252001833110367
      vertex 5.600000000000001 -2.466726014658513 10
    endloop
  endfacet
  facet normal 0 -1 0
    outer loop
      vertex 5.422649730810374 -2.01 18.009999999999998
      vertex 5.420509599527361 -2.01 5.252001833110367
      vertex 5.422649730810374 -2.01 1.9900000000000002
    endloop
  endfacet
  facet normal 0.8660254048763771 -0.49999999810870727 0
    outer loop
      vertex 6 -0.5 1.9900000000000002
      vertex 5.42264973372221 -1.5 15.133974596215563
      vertex 5.42264973372221 -1.5 4.866025403784438
    endloop
  endfacet
  facet normal 1 0 0
    outer loop
      vertex 6 -0.5 18.009999999999998
      vertex 6 -0.5 1.9900000000000002
      vertex 6 0 1.9900000000000002
    endloop
  endfacet
  facet normal 1 0 0
    outer loop
      vertex 5.42264973372221 -1.5100000000000002 4.873593569983358
      vertex 5.42264973372221 -1.5 15.133974596215563
      vertex 5.42264973372221 -1.9900000020861626 5.236865504164128
    endloop
  endfacet
  facet normal 1 0 0
    outer loop
      vertex 5.42264973372221 -1.5100000000000002 4.873593569983358
      vertex 5.42264973372221 -1.5 4.866025403784438
      vertex 5.42264973372221 -1.5 15.133974596215563
    endloop
  endfacet
  facet normal 0 -0.5664062369248317 -0.8241261886220165
    outer loop
      vertex -6 -5.88573263192787 14.025618726138035
      vertex 6 -5.678630788996129 13.883281572999747
      vertex 6 -5.88573263192787 14.025618726138035
    endloop
  endfacet
  facet normal 0 -0.6494480483301822 -0.760405965600032
    outer loop
      vertex -6 -5.4792621229607805 13.73030061499346
      vertex 6 -5.28817308947748 13.567095162291492
      vertex 6 -5.4792621229607805 13.73030061499346
    endloop
  endfacet
  facet normal 0 -0.6087614290087204 -0.7933533402912353
    outer loop
      vertex -6 -5.678630788996129 13.883281572999747
      vertex 6 -5.4792621229607805 13.73030061499346
      vertex 6 -5.678630788996129 13.883281572999747
    endloop
  endfacet
  facet normal 0 -0.9996573249755573 -0.026176948307875383
    outer loop
      vertex -5.6 -3.7 10
      vertex 5.600000000000001 -3.7 10
      vertex 5.610390229577799 -3.706578233178046 10.25121258996613
    endloop
  endfacet
  facet normal 0 -0.9969173337331281 -0.07845909572784356
    outer loop
      vertex -5.610390229577798 -3.706578233178046 10.25121258996613
      vertex 5.610390229577799 -3.706578233178046 10.25121258996613
      vertex 5.620493041959982 -3.725802186194673 10.495476072833997
    endloop
  endfacet
  facet normal 0 -0.9969173337331307 -0.0784590957278104
    outer loop
      vertex -5.621273418809697 -3.726294902232288 10.501736623684737
      vertex 5.620493041959982 -3.725802186194673 10.495476072833997
      vertex 5.621273418809698 -3.726294902232288 10.501736623684737
    endloop
  endfacet
  facet normal 0 -0.9914448613738106 -0.13052619222005069
    outer loop
      vertex -5.621273418809697 -3.726294902232288 10.501736623684737
      vertex 5.621273418809698 -3.726294902232288 10.501736623684737
      vertex 5.65232978540263 -3.759095965143339 10.750885432193108
    endloop
  endfacet
  facet normal 0 -0.9832549075639545 -0.18223552549214794
    outer loop
      vertex -5.652329785402627 -3.759095965143339 10.750885432193108
      vertex 5.65232978540263 -3.759095965143339 10.750885432193108
      vertex 5.681832179583667 -3.8029624012688363 10.987567541684403
    endloop
  endfacet
  facet normal 0 -0.9832549075639516 -0.18223552549216365
    outer loop
      vertex -5.684014628097554 -3.804891516477733 10.997976115925244
      vertex 5.681832179583667 -3.8029624012688363 10.987567541684403
      vertex 5.684014628097556 -3.804891516477733 10.997976115925244
    endloop
  endfacet
  facet normal 0 -0.9238795325112857 -0.3826834323650924
    outer loop
      vertex -5.857208881725871 -4.0188139528134315 11.720166157817442
      vertex 5.857208881725873 -4.0188139528134315 11.720166157817442
      vertex 5.925096549796194 -4.113267343749781 11.948196815228103
    endloop
  endfacet
  facet normal 0 -0.9238795325113188 -0.38268343236501245
    outer loop
      vertex -5.926711620521184 -4.114981803315516 11.95233588676384
      vertex 5.925096549796194 -4.113267343749781 11.948196815228103
      vertex 5.926711620521186 -4.114981803315516 11.95233588676384
    endloop
  endfacet
  facet normal 0 -0.9723699203976771 -0.23344536385590325
    outer loop
      vertex -5.684014628097554 -3.804891516477733 10.997976115925244
      vertex 5.684014628097556 -3.804891516477733 10.997976115925244
      vertex 5.735250546701135 -3.863556033812472 11.2423314164921
    endloop
  endfacet
  facet normal 0 -0.9588197348681918 -0.2840153447039272
    outer loop
      vertex -5.735250546701134 -3.863556033812472 11.2423314164921
      vertex 5.735250546701135 -3.863556033812472 11.2423314164921
      vertex 5.783598404364019 -3.931857387682826 11.472912922844795
    endloop
  endfacet
  facet normal 0 -0.9588197348681939 -0.28401534470392026
    outer loop
      vertex -5.786685285259988 -3.9349287217832636 11.483281572999747
      vertex 5.783598404364019 -3.931857387682826 11.472912922844795
      vertex 5.78668528525999 -3.9349287217832636 11.483281572999747
    endloop
  endfacet
  facet normal 0 -0.9426414910921799 -0.3338068592337667
    outer loop
      vertex -5.786685285259988 -3.9349287217832636 11.483281572999747
      vertex 5.78668528525999 -3.9349287217832636 11.483281572999747
      vertex 5.857208881725873 -4.0188139528134315 11.720166157817442
    endloop
  endfacet
  facet normal 0 -0.8241261886220137 -0.5664062369248358
    outer loop
      vertex -6 -4.616718427000253 12.821369211003871
      vertex 6 -4.474381273861964 12.614267368072131
      vertex 6 -4.616718427000253 12.821369211003871
    endloop
  endfacet
  facet normal 0 -0.7933533402912366 -0.6087614290087188
    outer loop
      vertex -6 -4.76969938500654 13.02073787703922
      vertex 6 -4.616718427000253 12.821369211003871
      vertex 6 -4.76969938500654 13.02073787703922
    endloop
  endfacet
  facet normal 0 -0.7253743710122882 -0.6883545756937534
    outer loop
      vertex -6 -5.1058874503045715 13.394112549695429
      vertex 6 -4.932904837708508 13.21182691052252
      vertex 6 -5.1058874503045715 13.394112549695429
    endloop
  endfacet
  facet normal 0 -0.6883545756937534 -0.7253743710122882
    outer loop
      vertex -6 -5.28817308947748 13.567095162291492
      vertex 6 -5.1058874503045715 13.394112549695429
      vertex 6 -5.28817308947748 13.567095162291492
    endloop
  endfacet
  facet normal 0 -0.7604059656000306 -0.6494480483301841
    outer loop
      vertex -6 -4.932904837708508 13.21182691052252
      vertex 6 -4.76969938500654 13.02073787703922
      vertex 6 -4.932904837708508 13.21182691052252
    endloop
  endfacet
  facet normal 0 -0.8788171126619652 -0.4771587602596088
    outer loop
      vertex -6 -4.343078061834695 12.4
      vertex 6 -4.223168683895834 12.179154398749825
      vertex 6 -4.343078061834695 12.4
    endloop
  endfacet
  facet normal 0 -0.9025852843498612 -0.4305110968082939
    outer loop
      vertex -6 -4.223168683895834 12.179154398749825
      vertex 6 -4.204568311177415 12.140157906386367
      vertex 6 -4.223168683895834 12.179154398749825
    endloop
  endfacet
  facet normal 0 -0.9025852843498604 -0.43051109680829547
    outer loop
      vertex -5.926711620521184 -4.114981803315516 11.95233588676384
      vertex 5.926711620521186 -4.114981803315516 11.95233588676384
      vertex 6 -4.204568311177415 12.140157906386367
    endloop
  endfacet
  facet normal 0 -0.852640164354094 -0.5224985647159458
    outer loop
      vertex -6 -4.474381273861964 12.614267368072131
      vertex 6 -4.343078061834695 12.4
      vertex 6 -4.474381273861964 12.614267368072131
    endloop
  endfacet
  facet normal 0 -0.28401534470392686 -0.9588197348681917
    outer loop
      vertex -6 -7.2576685835079005 14.636443966187528
      vertex 6 -7.016718427000253 14.565071278216736
      vertex 6 -7.2576685835079005 14.636443966187528
    endloop
  endfacet
  facet normal 0 -0.3338068592337667 -0.9426414910921799
    outer loop
      vertex -6 -7.016718427000253 14.565071278216736
      vertex 6 -6.779833842182558 14.481186047186569
      vertex 6 -7.016718427000253 14.565071278216736
    endloop
  endfacet
  facet normal 0 -0.382683432365091 -0.9238795325112863
    outer loop
      vertex -6 -6.779833842182558 14.481186047186569
      vertex 6 -6.547664113236159 14.385018196684484
      vertex 6 -6.779833842182558 14.481186047186569
    endloop
  endfacet
  facet normal 0 -0.4305110968082981 -0.9025852843498592
    outer loop
      vertex -6 -6.547664113236159 14.385018196684484
      vertex 6 -6.320845601250175 14.276831316104165
      vertex 6 -6.547664113236159 14.385018196684484
    endloop
  endfacet
  facet normal 0 -0.4771587602596088 -0.8788171126619652
    outer loop
      vertex -6 -6.320845601250175 14.276831316104165
      vertex 6 -6.1 14.156921938165304
      vertex 6 -6.320845601250175 14.276831316104165
    endloop
  endfacet
  facet normal 0 -0.5224985647159475 -0.8526401643540931
    outer loop
      vertex -6 -6.1 14.156921938165304
      vertex 6 -5.88573263192787 14.025618726138035
      vertex 6 -6.1 14.156921938165304
    endloop
  endfacet
  facet normal 0 0.23344536385591208 0.9723699203976749
    outer loop
      vertex -6 -6.740030493302859 16.568295618765664
      vertex 6 -7.086200502439237 16.65140368498988
      vertex 6 -6.740030493302859 16.568295618765664
    endloop
  endfacet
  facet normal 0 0.2840153447039271 0.9588197348681918
    outer loop
      vertex -6 -6.398684438250358 16.467184310807042
      vertex 6 -6.740030493302859 16.568295618765664
      vertex 6 -6.398684438250358 16.467184310807042
    endloop
  endfacet
  facet normal 0 0.3338068592337671 0.9426414910921798
    outer loop
      vertex -6 -6.063097943091958 16.34834690018097
      vertex 6 -6.398684438250358 16.467184310807042
      vertex 6 -6.063097943091958 16.34834690018097
    endloop
  endfacet
  facet normal 0 0.3826834323650904 0.9238795325112864
    outer loop
      vertex -6 -5.734190827084559 16.212109111969685
      vertex 6 -6.063097943091958 16.34834690018097
      vertex 6 -5.734190827084559 16.212109111969685
    endloop
  endfacet
  facet normal 0 0.4305110968082928 0.9025852843498616
    outer loop
      vertex -6 -5.412864601771082 16.0588443644809
      vertex 6 -5.734190827084559 16.212109111969685
      vertex 6 -5.412864601771082 16.0588443644809
    endloop
  endfacet
  facet normal 0 0.4771587602596075 0.8788171126619658
    outer loop
      vertex -6 -5.1 15.888972745734183
      vertex 6 -5.412864601771082 16.0588443644809
      vertex 6 -5.1 15.888972745734183
    endloop
  endfacet
  facet normal 0 0.5224985647159488 0.8526401643540923
    outer loop
      vertex -6 -4.796454561897816 15.702959862028884
      vertex 6 -5.1 15.888972745734183
      vertex 6 -4.796454561897816 15.702959862028884
    endloop
  endfacet
  facet normal 0 0.5664062369248328 0.8241261886220156
    outer loop
      vertex -6 -4.503060284411182 15.501315561749642
      vertex 6 -4.796454561897816 15.702959862028884
      vertex 6 -4.503060284411182 15.501315561749642
    endloop
  endfacet
  facet normal 0 0.7253743710122895 0.6883545756937521
    outer loop
      vertex -6 -3.6916738879314765 14.808326112068524
      vertex 6 -3.6916738879314765 14.808326112068524
      vertex 5.985090172824241 -3.4466151867537196 14.550088123240236
    endloop
  endfacet
  facet normal 0 0.6883545756937508 0.7253743710122907
    outer loop
      vertex -6 -3.6916738879314765 14.808326112068524
      vertex 6 -3.9499118767597645 15.05338481324628
      vertex 6 -3.6916738879314765 14.808326112068524
    endloop
  endfacet
  facet normal 0 0.6087614290087217 0.7933533402912345
    outer loop
      vertex -6 -4.220621340861106 15.284592537907402
      vertex 6 -4.503060284411182 15.501315561749642
      vertex 6 -4.220621340861106 15.284592537907402
    endloop
  endfacet
  facet normal 0 0.6494480483301842 0.7604059656000306
    outer loop
      vertex -6 -3.9499118767597645 15.05338481324628
      vertex 6 -4.220621340861106 15.284592537907402
      vertex 6 -3.9499118767597645 15.05338481324628
    endloop
  endfacet
  facet normal 0 1 0
    outer loop
      vertex 2.2 0 16.240000000000002
      vertex 3.9500561773977543 0 18.009999999999998
      vertex -6 0 1.9900000000000002
    endloop
  endfacet
  facet normal 0 1 0
    outer loop
      vertex 3.9500561773977543 0 18.009999999999998
      vertex 6 0 18.009999999999998
      vertex -6 0 1.9900000000000002
    endloop
  endfacet
  facet normal 0 -1 0
    outer loop
      vertex -5.809573262183687 -2.9999999979138376 13.998654186321751
      vertex 5.809573262183687 -2.9999999979138376 13.998654186321751
      vertex 5.809573262183687 -2.9999999979138376 13.998749807476997
    endloop
  endfacet
  facet normal 0 0 1
    outer loop
      vertex -5.42264973372221 -1.5 18.009999999999998
      vertex 3.9500561773977543 -0.6100000000000001 18.009999999999998
      vertex 2.189999997615814 -0.6100000000000001 18.009999999999998
    endloop
  endfacet
  facet normal 0 1 0
    outer loop
      vertex -2.189999997615814 -0.6000000000000001 16.240000002086163
      vertex 2.189999997615814 -0.6000000000000001 16.240000002086163
      vertex 2.2 -0.6000000000000001 16.240000000000002
    endloop
  endfacet
  facet normal 0 1 0
    outer loop
      vertex -2.189999997615814 -0.6000000000000001 16.240000002086163
      vertex 2.189999997615814 -0.6000000000000001 17.240000000000002
      vertex 2.189999997615814 -0.6000000000000001 16.240000002086163
    endloop
  endfacet
  facet normal 0 0 1
    outer loop
      vertex -2.2 -0.6000000000000001 16.240000000000002
      vertex 2.2 -0.6000000000000001 16.240000000000002
      vertex 2.2 0 16.240000000000002
    endloop
  endfacet
  facet normal 0 1 0
    outer loop
      vertex -2.189999997615814 -0.6000000000000001 17.240000000000002
      vertex 2.189999997615814 -0.6000000000000001 18.009999999999998
      vertex 2.189999997615814 -0.6000000000000001 17.240000000000002
    endloop
  endfacet
  facet normal 0 0 1
    outer loop
      vertex -2.189999997615814 -0.6100000000000001 18.009999999999998
      vertex 2.189999997615814 -0.6100000000000001 18.009999999999998
      vertex 2.189999997615814 -0.6000000000000001 18.009999999999998
    endloop
  endfacet
  facet normal 0 0.7604059656000315 0.6494480483301828
    outer loop
      vertex -5.985090172824241 -3.4466151867537196 14.550088123240236
      vertex 5.985090172824241 -3.4466151867537196 14.550088123240236
      vertex 5.8942270168841935 -3.215407462092598 14.279378659138894
    endloop
  endfacet
  facet normal 0 0.7933533402912346 0.6087614290087213
    outer loop
      vertex -5.8942270168841935 -3.215407462092598 14.279378659138894
      vertex 5.8942270168841935 -3.215407462092598 14.279378659138894
      vertex 5.809573262183687 -2.9999999979138376 13.998654186321751
    endloop
  endfacet
  facet normal 0 -0.6034729741881376 0.7973834519379767
    outer loop
      vertex 5.809573262183687 -2.9999999979138376 13.998749807476997
      vertex 5.420509599527361 -2.01 14.747998166889634
      vertex -5.420509599527361 -2.01 14.747998166889634
    endloop
  endfacet
  facet normal 0 -1 0
    outer loop
      vertex 5.422649730810374 -2.01 18.009999999999998
      vertex -5.420509599527361 -2.01 14.747998166889634
      vertex 5.420509599527361 -2.01 14.747998166889634
    endloop
  endfacet
  facet normal 0 0 1
    outer loop
      vertex -5.422649730810374 -2.01 18.009999999999998
      vertex 5.422649730810374 -2.01 18.009999999999998
      vertex 5.422649730810374 -2 18.009999999999998
    endloop
  endfacet
  facet normal 0 0 1
    outer loop
      vertex -5.422649730810374 -2 18.009999999999998
      vertex 5.422649730810374 -2 18.009999999999998
      vertex 5.42264973372221 -1.5 18.009999999999998
    endloop
  endfacet
  facet normal 0 0 1
    outer loop
      vertex -5.42264973372221 -1.5 18.009999999999998
      vertex 5.42264973372221 -1.5 18.009999999999998
      vertex 6 -0.5 18.009999999999998
    endloop
  endfacet
  facet normal 0 1 0
    outer loop
      vertex 2.2 -0.6000000000000001 16.25005650164707
      vertex 2.2 -0.6000000000000001 16.240000000000002
      vertex 2.189999997615814 -0.6000000000000001 16.240000002086163
    endloop
  endfacet
  facet normal 1 0 0
    outer loop
      vertex 2.189999997615814 -0.6000000000000001 17.240000000000002
      vertex 2.189999997615814 -0.6100000000000001 16.240000002086163
      vertex 2.189999997615814 -0.6000000000000001 16.240000002086163
    endloop
  endfacet
  facet normal -1 0 0
    outer loop
      vertex 2.2 -0.6000000000000001 16.25005650164707
      vertex 2.2 0 16.25005650164707
      vertex 2.2 -0.6000000000000001 16.240000000000002
    endloop
  endfacet
  facet normal -1 0 0
    outer loop
      vertex 2.2 -0.6000000000000001 16.240000000000002
      vertex 2.2 0 16.25005650164707
      vertex 2.2 0 16.240000000000002
    endloop
  endfacet
  facet normal 0 0 1
    outer loop
      vertex -5.42264973372221 -1.5 18.009999999999998
      vertex 6 -0.5 18.009999999999998
      vertex 3.9500561773977543 -0.6100000000000001 18.009999999999998
    endloop
  endfacet
  facet normal 1 0 0
    outer loop
      vertex 2.189999997615814 -0.6100000000000001 18.009999999999998
      vertex 2.189999997615814 -0.6100000000000001 16.240000002086163
      vertex 2.189999997615814 -0.6000000000000001 17.240000000000002
    endloop
  endfacet
  facet normal 1 0 0
    outer loop
      vertex 2.189999997615814 -0.6100000000000001 18.009999999999998
      vertex 2.189999997615814 -0.6000000000000001 17.240000000000002
      vertex 2.189999997615814 -0.6000000000000001 18.009999999999998
    endloop
  endfacet
  facet normal -0.7090958175490232 0 0.7051121340145001
    outer loop
      vertex 2.189999997615814 -0.6100000000000001 16.240000002086163
      vertex 3.9500561773977543 -0.6100000000000001 18.009999999999998
      vertex 2.189999997615814 -0.6000000000000001 16.240000002086163
    endloop
  endfacet
  facet normal -0.7090958175490449 -7.705997966794196e-12 0.7051121340144783
    outer loop
      vertex 2.2 -0.6000000000000001 16.25005650164707
      vertex 2.189999997615814 -0.6000000000000001 16.240000002086163
      vertex 3.9500561773977543 -0.6100000000000001 18.009999999999998
    endloop
  endfacet
  facet normal -0.709095817549023 0 0.7051121340145002
    outer loop
      vertex 2.2 -0.6000000000000001 16.25005650164707
      vertex 3.9500561773977543 0 18.009999999999998
      vertex 2.2 0 16.25005650164707
    endloop
  endfacet
  facet normal 0 1 0
    outer loop
      vertex 2.2 0 16.25005650164707
      vertex 3.9500561773977543 0 18.009999999999998
      vertex 2.2 0 16.240000000000002
    endloop
  endfacet
  facet normal 0 1 0
    outer loop
      vertex 2.189999997615814 -0.6100000000000001 18.009999999999998
      vertex 3.9500561773977543 -0.6100000000000001 18.009999999999998
      vertex 2.189999997615814 -0.6100000000000001 16.240000002086163
    endloop
  endfacet
  facet normal 0.9584274824582507 5.148077681132006e-15 -0.2853362242491119
    outer loop
      vertex 5.78668528525999 -3.9349287217832636 11.483281572999747
      vertex 5.783598404364019 -3.931857387682826 11.472912922844795
      vertex 5.925096549796194 -3.2939571711808955 11.948196815228103
    endloop
  endfacet
  facet normal 0.958427482458253 -8.712236567385854e-16 -0.28533622424910426
    outer loop
      vertex 5.78668528525999 -3.9349287217832636 11.483281572999747
      vertex 5.925096549796194 -3.2939571711808955 11.948196815228103
      vertex 5.857208881725873 -4.0188139528134315 11.720166157817442
    endloop
  endfacet
  facet normal 0.9584274824582523 0 -0.2853362242491069
    outer loop
      vertex 5.925096549796194 -4.113267343749781 11.948196815228103
      vertex 5.857208881725873 -4.0188139528134315 11.720166157817442
      vertex 5.925096549796194 -3.2939571711808955 11.948196815228103
    endloop
  endfacet
  facet normal 1 0 0
    outer loop
      vertex 6 -4.76969938500654 13.02073787703922
      vertex 6 -4.616718427000253 12.821369211003871
      vertex 6 -4.796454561897816 15.702959862028884
    endloop
  endfacet
  facet normal 1 0 0
    outer loop
      vertex 6 -4.932904837708508 13.21182691052252
      vertex 6 -4.76969938500654 13.02073787703922
      vertex 6 -4.796454561897816 15.702959862028884
    endloop
  endfacet
  facet normal 1 0 0
    outer loop
      vertex 6 -4.616718427000253 12.821369211003871
      vertex 6 -4.474381273861964 12.614267368072131
      vertex 6 -4.503060284411182 15.501315561749642
    endloop
  endfacet
  facet normal 0.9315910880512801 -8.962504532932758e-16 -0.3635079705638271
    outer loop
      vertex 5.926711620521186 -4.114981803315516 11.95233588676384
      vertex 6 -3.4845542961840863 12.140157906386365
      vertex 6 -4.204568311177415 12.140157906386367
    endloop
  endfacet
  facet normal 0.9315910880512837 -4.0313146924088755e-15 -0.3635079705638179
    outer loop
      vertex 5.926711620521186 -4.114981803315516 11.95233588676384
      vertex 5.925096549796194 -4.113267343749781 11.948196815228103
      vertex 6 -3.4845542961840863 12.140157906386365
    endloop
  endfacet
  facet normal 0.9315910880512791 0 -0.36350797056382933
    outer loop
      vertex 5.925096549796194 -4.113267343749781 11.948196815228103
      vertex 5.925096549796194 -3.2939571711808955 11.948196815228103
      vertex 6 -3.4845542961840863 12.140157906386365
    endloop
  endfacet
  facet normal 1 0 0
    outer loop
      vertex 6 -4.223168683895834 12.179154398749825
      vertex 6 -4.204568311177415 12.140157906386367
      vertex 6 -3.4845542961840863 14.590067602728817
    endloop
  endfacet
  facet normal 1 0 0
    outer loop
      vertex 6 -4.204568311177415 12.140157906386367
      vertex 6 -3.4845542961840863 12.140157906386365
      vertex 6 -3.4845542961840863 14.590067602728817
    endloop
  endfacet
  facet normal 1 0 0
    outer loop
      vertex 6 -4.343078061834695 12.4
      vertex 6 -4.223168683895834 12.179154398749825
      vertex 6 -4.220621340861106 15.284592537907402
    endloop
  endfacet
  facet normal 1 0 0
    outer loop
      vertex 6 -4.343078061834695 12.4
      vertex 6 -4.503060284411182 15.501315561749642
      vertex 6 -4.474381273861964 12.614267368072131
    endloop
  endfacet
  facet normal 1 0 0
    outer loop
      vertex 6 -7.2576685835079005 14.636443966187528
      vertex 6 -7.016718427000253 14.565071278216736
      vertex 6 -7.086200502439237 16.65140368498988
    endloop
  endfacet
  facet normal 1 0 0
    outer loop
      vertex 6 -7.016718427000253 14.565071278216736
      vertex 6 -6.779833842182558 14.481186047186569
      vertex 6 -6.740030493302859 16.568295618765664
    endloop
  endfacet
  facet normal 1 0 0
    outer loop
      vertex 6 -7.016718427000253 14.565071278216736
      vertex 6 -6.740030493302859 16.568295618765664
      vertex 6 -7.086200502439237 16.65140368498988
    endloop
  endfacet
  facet normal 1 0 0
    outer loop
      vertex 6 -6.779833842182558 14.481186047186569
      vertex 6 -6.547664113236159 14.385018196684484
      vertex 6 -6.740030493302859 16.568295618765664
    endloop
  endfacet
  facet normal 1 0 0
    outer loop
      vertex 6 -6.547664113236159 14.385018196684484
      vertex 6 -6.320845601250175 14.276831316104165
      vertex 6 -6.398684438250358 16.467184310807042
    endloop
  endfacet
  facet normal 1 0 0
    outer loop
      vertex 6 -6.547664113236159 14.385018196684484
      vertex 6 -6.398684438250358 16.467184310807042
      vertex 6 -6.740030493302859 16.568295618765664
    endloop
  endfacet
  facet normal 1 0 0
    outer loop
      vertex 6 -6.1 14.156921938165304
      vertex 6 -6.063097943091958 16.34834690018097
      vertex 6 -6.320845601250175 14.276831316104165
    endloop
  endfacet
  facet normal 1 0 0
    outer loop
      vertex 6 -6.1 14.156921938165304
      vertex 6 -5.88573263192787 14.025618726138035
      vertex 6 -6.063097943091958 16.34834690018097
    endloop
  endfacet
  facet normal 1 0 0
    outer loop
      vertex 6 -5.88573263192787 14.025618726138035
      vertex 6 -5.678630788996129 13.883281572999747
      vertex 6 -5.734190827084559 16.212109111969685
    endloop
  endfacet
  facet normal 1 0 0
    outer loop
      vertex 6 -5.678630788996129 13.883281572999747
      vertex 6 -5.4792621229607805 13.73030061499346
      vertex 6 -5.734190827084559 16.212109111969685
    endloop
  endfacet
  facet normal 1 0 0
    outer loop
      vertex 6 -6.398684438250358 16.467184310807042
      vertex 6 -6.320845601250175 14.276831316104165
      vertex 6 -6.063097943091958 16.34834690018097
    endloop
  endfacet
  facet normal 1 0 0
    outer loop
      vertex 6 -5.88573263192787 14.025618726138035
      vertex 6 -5.734190827084559 16.212109111969685
      vertex 6 -6.063097943091958 16.34834690018097
    endloop
  endfacet
  facet normal 1 0 0
    outer loop
      vertex 6 -5.4792621229607805 13.73030061499346
      vertex 6 -5.412864601771082 16.0588443644809
      vertex 6 -5.734190827084559 16.212109111969685
    endloop
  endfacet
  facet normal 1 0 0
    outer loop
      vertex 6 -5.4792621229607805 13.73030061499346
      vertex 6 -5.28817308947748 13.567095162291492
      vertex 6 -5.412864601771082 16.0588443644809
    endloop
  endfacet
  facet normal 1 0 0
    outer loop
      vertex 6 -5.1058874503045715 13.394112549695429
      vertex 6 -4.932904837708508 13.21182691052252
      vertex 6 -5.1 15.888972745734183
    endloop
  endfacet
  facet normal 1 0 0
    outer loop
      vertex 6 -5.1058874503045715 13.394112549695429
      vertex 6 -5.1 15.888972745734183
      vertex 6 -5.28817308947748 13.567095162291492
    endloop
  endfacet
  facet normal 1 0 0
    outer loop
      vertex 6 -4.932904837708508 13.21182691052252
      vertex 6 -4.796454561897816 15.702959862028884
      vertex 6 -5.1 15.888972745734183
    endloop
  endfacet
  facet normal 1 0 0
    outer loop
      vertex 6 -4.796454561897816 15.702959862028884
      vertex 6 -4.616718427000253 12.821369211003871
      vertex 6 -4.503060284411182 15.501315561749642
    endloop
  endfacet
  facet normal 1 0 0
    outer loop
      vertex 6 -5.28817308947748 13.567095162291492
      vertex 6 -5.1 15.888972745734183
      vertex 6 -5.412864601771082 16.0588443644809
    endloop
  endfacet
  facet normal 1 0 0
    outer loop
      vertex 6 -4.343078061834695 12.4
      vertex 6 -4.220621340861106 15.284592537907402
      vertex 6 -4.503060284411182 15.501315561749642
    endloop
  endfacet
  facet normal 1 0 0
    outer loop
      vertex 6 -4.223168683895834 12.179154398749825
      vertex 6 -3.4845542961840863 14.590067602728817
      vertex 6 -4.220621340861106 15.284592537907402
    endloop
  endfacet
  facet normal 1 0 0
    outer loop
      vertex 6 -3.9499118767597645 15.05338481324628
      vertex 6 -4.220621340861106 15.284592537907402
      vertex 6 -3.4845542961840863 14.590067602728817
    endloop
  endfacet
  facet normal 1 0 0
    outer loop
      vertex 6 -3.9499118767597645 15.05338481324628
      vertex 6 -3.4845542961840863 14.590067602728817
      vertex 6 -3.6916738879314765 14.808326112068524
    endloop
  endfacet
  facet normal 0.9991457583873012 -1.3000456978074596e-15 -0.04132497424880903
    outer loop
      vertex 5.600000000000001 -3.7 10
      vertex 5.620493041959982 -2.518872008861909 10.495476072833997
      vertex 5.610390229577799 -3.706578233178046 10.25121258996613
    endloop
  endfacet
  facet normal 0.9991457583873009 0 -0.04132497424881534
    outer loop
      vertex 5.610390229577799 -3.706578233178046 10.25121258996613
      vertex 5.620493041959982 -2.518872008861909 10.495476072833997
      vertex 5.620493041959982 -3.725802186194673 10.495476072833997
    endloop
  endfacet
  facet normal 0.999145758387301 0 -0.041324974248812124
    outer loop
      vertex 5.600000000000001 -3.7 10
      vertex 5.600000000000001 -2.466726014658513 10
      vertex 5.620493041959982 -2.518872008861909 10.495476072833997
    endloop
  endfacet
  facet normal 0.992320579737036 3.347646242573433e-14 -0.12369263126941947
    outer loop
      vertex 5.621273418809698 -3.726294902232288 10.501736623684737
      vertex 5.620493041959982 -3.725802186194673 10.495476072833997
      vertex 5.681832179583667 -2.6749537814563498 10.987567541684403
    endloop
  endfacet
  facet normal 0.9923205797370448 1.096488887898653e-15 -0.12369263126935047
    outer loop
      vertex 5.621273418809698 -3.726294902232288 10.501736623684737
      vertex 5.681832179583667 -2.6749537814563498 10.987567541684403
      vertex 5.65232978540263 -3.759095965143339 10.750885432193108
    endloop
  endfacet
  facet normal 0.9923205797370453 0 -0.12369263126934553
    outer loop
      vertex 5.65232978540263 -3.759095965143339 10.750885432193108
      vertex 5.681832179583667 -2.6749537814563498 10.987567541684403
      vertex 5.681832179583667 -3.8029624012688363 10.987567541684403
    endloop
  endfacet
  facet normal 0.992320579737045 0 -0.12369263126934907
    outer loop
      vertex 5.620493041959982 -3.725802186194673 10.495476072833997
      vertex 5.620493041959982 -2.518872008861909 10.495476072833997
      vertex 5.681832179583667 -2.6749537814563498 10.987567541684403
    endloop
  endfacet
  facet normal 0.9787168453273637 -2.5959617690942918e-14 -0.20521534219559
    outer loop
      vertex 5.681832179583667 -3.8029624012688363 10.987567541684403
      vertex 5.783598404364019 -2.9339051356701784 11.472912922844795
      vertex 5.684014628097556 -3.804891516477733 10.997976115925244
    endloop
  endfacet
  facet normal 0.9787168453273546 -1.1709372224584954e-15 -0.20521534219563356
    outer loop
      vertex 5.684014628097556 -3.804891516477733 10.997976115925244
      vertex 5.783598404364019 -2.9339051356701784 11.472912922844795
      vertex 5.735250546701135 -3.863556033812472 11.2423314164921
    endloop
  endfacet
  facet normal 0.9787168453273536 0 -0.2052153421956381
    outer loop
      vertex 5.783598404364019 -3.931857387682826 11.472912922844795
      vertex 5.735250546701135 -3.863556033812472 11.2423314164921
      vertex 5.783598404364019 -2.9339051356701784 11.472912922844795
    endloop
  endfacet
  facet normal 0.9584274824582526 0 -0.28533622424910554
    outer loop
      vertex 5.783598404364019 -3.931857387682826 11.472912922844795
      vertex 5.783598404364019 -2.9339051356701784 11.472912922844795
      vertex 5.925096549796194 -3.2939571711808955 11.948196815228103
    endloop
  endfacet
  facet normal 0.9787168453273545 0 -0.20521534219563453
    outer loop
      vertex 5.681832179583667 -3.8029624012688363 10.987567541684403
      vertex 5.681832179583667 -2.6749537814563498 10.987567541684403
      vertex 5.783598404364019 -2.9339051356701784 11.472912922844795
    endloop
  endfacet
  facet normal 0.9307082643964943 0.3657623908824764 0
    outer loop
      vertex 5.600000000000001 -2.466726014658513 10
      vertex 5.420509599527361 -2.01 5.252001833110367
      vertex 5.420509599527361 -2.01 14.747998166889634
    endloop
  endfacet
  facet normal 0.9307082643964939 0.36576239088247725 -9.880252416803869e-17
    outer loop
      vertex 5.600000000000001 -2.466726014658513 10
      vertex 5.420509599527361 -2.01 14.747998166889634
      vertex 5.620493041959982 -2.518872008861909 10.495476072833997
    endloop
  endfacet
  facet normal 1 0 0
    outer loop
      vertex 5.42264973372221 -2 18.009999999999998
      vertex 5.42264973372221 -2 1.9900000000000002
      vertex 5.42264973372221 -1.9900000020861626 14.763134495835871
    endloop
  endfacet
  facet normal 1 0 0
    outer loop
      vertex 5.42264973372221 -1.9900000020861626 5.236865504164128
      vertex 5.42264973372221 -1.5100000000000002 15.126406430016642
      vertex 5.42264973372221 -1.9900000020861626 14.763134495835871
    endloop
  endfacet
  facet normal 0.9307082643964942 0.3657623908824763 0
    outer loop
      vertex 5.925096549796194 -3.2939571711808955 11.948196815228103
      vertex 6 -3.4845542961840863 14.590067602728817
      vertex 6 -3.4845542961840863 12.140157906386365
    endloop
  endfacet
  facet normal 0.9307082643964939 0.36576239088247714 1.4711162209826415e-16
    outer loop
      vertex 5.925096549796194 -3.2939571711808955 11.948196815228103
      vertex 5.783598404364019 -2.9339051356701784 11.472912922844795
      vertex 5.809573262183687 -2.9999999979138376 13.998654186321751
    endloop
  endfacet
  facet normal 0.9307082643964938 0.3657623908824774 9.680976050492639e-17
    outer loop
      vertex 5.925096549796194 -3.2939571711808955 11.948196815228103
      vertex 5.809573262183687 -2.9999999979138376 13.998654186321751
      vertex 6 -3.4845542961840863 14.590067602728817
    endloop
  endfacet
  facet normal 0.9307082643964941 0.36576239088247664 -1.7661396922722407e-17
    outer loop
      vertex 5.620493041959982 -2.518872008861909 10.495476072833997
      vertex 5.420509599527361 -2.01 14.747998166889634
      vertex 5.681832179583667 -2.6749537814563498 10.987567541684403
    endloop
  endfacet
  facet normal 0 -1 0
    outer loop
      vertex 5.422649730810374 -2.01 18.009999999999998
      vertex 5.420509599527361 -2.01 14.747998166889634
      vertex 5.420509599527361 -2.01 5.252001833110367
    endloop
  endfacet
  facet normal 1 0 0
    outer loop
      vertex 5.422649730810374 -2.01 18.009999999999998
      vertex 5.422649730810374 -2.01 1.9900000000000002
      vertex 5.422649730810374 -2 18.009999999999998
    endloop
  endfacet
  facet normal 0 -1 0
    outer loop
      vertex 5.42264973372221 -2 18.009999999999998
      vertex 5.422649730810374 -2 18.009999999999998
      vertex 5.422649730810374 -2 1.9900000000000002
    endloop
  endfacet
  facet normal 0.9307082643964941 0.3657623908824766 0
    outer loop
      vertex 5.783598404364019 -2.9339051356701784 11.472912922844795
      vertex 5.681832179583667 -2.6749537814563498 10.987567541684403
      vertex 5.420509599527361 -2.01 14.747998166889634
    endloop
  endfacet
  facet normal 0.9307082643964942 0.36576239088247614 1.1649827306037793e-16
    outer loop
      vertex 5.783598404364019 -2.9339051356701784 11.472912922844795
      vertex 5.420509599527361 -2.01 14.747998166889634
      vertex 5.809573262183687 -2.9999999979138376 13.998654186321751
    endloop
  endfacet
  facet normal 1 0 0
    outer loop
      vertex 5.42264973372221 -1.9900000020861626 5.236865504164128
      vertex 5.42264973372221 -1.5 15.133974596215563
      vertex 5.42264973372221 -1.5100000000000002 15.126406430016642
    endloop
  endfacet
  facet normal 0.8660254048763771 -0.49999999810870727 0
    outer loop
      vertex 5.42264973372221 -1.5 18.009999999999998
      vertex 5.42264973372221 -1.5 15.133974596215563
      vertex 6 -0.5 1.9900000000000002
    endloop
  endfacet
  facet normal 0.8660254048763769 -0.4999999981087072 0
    outer loop
      vertex 5.42264973372221 -1.5 18.009999999999998
      vertex 6 -0.5 1.9900000000000002
      vertex 6 -0.5 18.009999999999998
    endloop
  endfacet
  facet normal 1 0 0
    outer loop
      vertex 6 -0.5 18.009999999999998
      vertex 6 0 1.9900000000000002
      vertex 6 0 18.009999999999998
    endloop
  endfacet
  facet normal -0.709095817549023 0 0.7051121340145003
    outer loop
      vertex 2.2 -0.6000000000000001 16.25005650164707
      vertex 3.9500561773977543 -0.6100000000000001 18.009999999999998
      vertex 3.9500561773977543 0 18.009999999999998
    endloop
  endfacet
  facet normal 0.9307082643965172 0.36576239088241763 -5.895790973995785e-14
    outer loop
      vertex 5.985090172824241 -3.4466151867537196 14.550088123240236
      vertex 6 -3.4845542961840863 14.590067602728817
      vertex 5.8942270168841935 -3.215407462092598 14.279378659138894
    endloop
  endfacet
  facet normal 0.9307082643965018 0.36576239088245704 -1.870524091879193e-14
    outer loop
      vertex 6 -3.4845542961840863 14.590067602728817
      vertex 5.809573262183687 -2.9999999979138376 13.998654186321751
      vertex 5.8942270168841935 -3.215407462092598 14.279378659138894
    endloop
  endfacet
  facet normal -4.794798422719644e-14 0.725374371012288 0.6883545756937535
    outer loop
      vertex 6 -3.6916738879314765 14.808326112068524
      vertex 6 -3.4845542961840863 14.590067602728817
      vertex 5.985090172824241 -3.4466151867537196 14.550088123240236
    endloop
  endfacet
  facet normal 0.9307082643964942 0.36576239088247625 0
    outer loop
      vertex 5.809573262183687 -2.9999999979138376 13.998749807476997
      vertex 5.809573262183687 -2.9999999979138376 13.998654186321751
      vertex 5.420509599527361 -2.01 14.747998166889634
    endloop
  endfacet
  facet normal 1 0 0
    outer loop
      vertex 5.42264973372221 -2 18.009999999999998
      vertex 5.42264973372221 -1.9900000020861626 14.763134495835871
      vertex 5.42264973372221 -1.5100000000000002 15.126406430016642
    endloop
  endfacet
  facet normal 0 0 1
    outer loop
      vertex 5.42264973372221 -2 18.009999999999998
      vertex 5.42264973372221 -1.5 18.009999999999998
      vertex 5.422649730810374 -2 18.009999999999998
    endloop
  endfacet
  facet normal 1 0 0
    outer loop
      vertex 5.42264973372221 -1.5100000000000002 15.126406430016642
      vertex 5.42264973372221 -1.5 15.133974596215563
      vertex 5.42264973372221 -1.5100000000000002 15.133974596215563
    endloop
  endfacet
  facet normal 0 0 1
    outer loop
      vertex 3.9500561773977543 -0.6100000000000001 18.009999999999998
      vertex 6 0 18.009999999999998
      vertex 3.9500561773977543 0 18.009999999999998
    endloop
  endfacet
  facet normal 1 0 0
    outer loop
      vertex 5.42264973372221 -2 18.009999999999998
      vertex 5.42264973372221 -1.5100000000000002 15.126406430016642
      vertex 5.42264973372221 -1.5100000000000002 15.133974596215563
    endloop
  endfacet
  facet normal 1 0 0
    outer loop
      vertex 5.42264973372221 -1.5 18.009999999999998
      vertex 5.42264973372221 -1.5100000000000002 15.133974596215563
      vertex 5.42264973372221 -1.5 15.133974596215563
    endloop
  endfacet
  facet normal 1 0 0
    outer loop
      vertex 5.42264973372221 -2 18.009999999999998
      vertex 5.42264973372221 -1.5100000000000002 15.133974596215563
      vertex 5.42264973372221 -1.5 18.009999999999998
    endloop
  endfacet
  facet normal 0 0 1
    outer loop
      vertex 3.9500561773977543 -0.6100000000000001 18.009999999999998
      vertex 6 -0.5 18.009999999999998
      vertex 6 0 18.009999999999998
    endloop
  endfacet
endsolid OpenSCAD_Model
