solid OpenSCAD_Model
  facet normal 0 0 -1
    outer loop
      vertex -5.1916738879314765 -13.308326112068523 0
      vertex -7.600000000189249 -12.65692193826806 0
      vertex -4.94661518675372 -13.050088123240235 0
    endloop
  endfacet
  facet normal 0 0 -1
    outer loop
      vertex -4.715407462092598 -12.779378659138894 0
      vertex -7.178630788996129 -12.383281572999747 0
      vertex -4.498684438250358 -12.496939715588818 0
    endloop
  endfacet
  facet normal 0 0 -1
    outer loop
      vertex -4.715407462092598 -12.779378659138894 0
      vertex -4.94661518675372 -13.050088123240235 0
      vertex -7.600000000189249 -12.65692193826806 0
    endloop
  endfacet
  facet normal 0 0 -1
    outer loop
      vertex -3.941155635519099 -11.587135398228918 0
      vertex -4.111027254265817 -11.9 0
      vertex -6.26969938500654 -11.520737877039219 0
    endloop
  endfacet
  facet normal 0 0 -1
    outer loop
      vertex -4.498684438250358 -12.496939715588818 0
      vertex -6.78817308947748 -12.067095162291492 0
      vertex -4.297040137971116 -12.203545438102184 0
    endloop
  endfacet
  facet normal 0 0 -1
    outer loop
      vertex -4.297040137971116 -12.203545438102184 0
      vertex -6.6058874503045715 -11.894112549695429 0
      vertex -4.111027254265817 -11.9 0
    endloop
  endfacet
  facet normal 0 0 -1
    outer loop
      vertex -4.297040137971116 -12.203545438102184 0
      vertex -6.78817308947748 -12.067095162291492 0
      vertex -6.6058874503045715 -11.894112549695429 0
    endloop
  endfacet
  facet normal 0 0 -1
    outer loop
      vertex -4.111027254265817 -11.9 0
      vertex -6.6058874503045715 -11.894112549695429 0
      vertex -6.432904837708508 -11.71182691052252 0
    endloop
  endfacet
  facet normal 0 0 -1
    outer loop
      vertex -4.111027254265817 -11.9 0
      vertex -6.432904837708508 -11.71182691052252 0
      vertex -6.26969938500654 -11.520737877039219 0
    endloop
  endfacet
  facet normal 0 0 -1
    outer loop
      vertex -3.787890888030314 -11.265809172915441 0
      vertex -5.843078061834695 -10.9 0
      vertex -3.651653099819028 -10.93690205690804 0
    endloop
  endfacet
  facet normal 0 0 -1
    outer loop
      vertex -3.941155635519099 -11.587135398228918 0
      vertex -5.974381273861964 -11.11426736807213 0
      vertex -3.787890888030314 -11.265809172915441 0
    endloop
  endfacet
  facet normal 0 0 -1
    outer loop
      vertex -3.651653099819028 -10.93690205690804 0
      vertex -5.614981803315516 -10.45233588676384 0
      vertex -3.5328156891929563 -10.601315561749642 0
    endloop
  endfacet
  facet normal 0 0 -1
    outer loop
      vertex -3.941155635519099 -11.587135398228918 0
      vertex -6.26969938500654 -11.520737877039219 0
      vertex -6.116718427000253 -11.321369211003871 0
    endloop
  endfacet
  facet normal 0 0 -1
    outer loop
      vertex -3.941155635519099 -11.587135398228918 0
      vertex -6.116718427000253 -11.321369211003871 0
      vertex -5.974381273861964 -11.11426736807213 0
    endloop
  endfacet
  facet normal 0 0 -1
    outer loop
      vertex -3.787890888030314 -11.265809172915441 0
      vertex -5.974381273861964 -11.11426736807213 0
      vertex -5.843078061834695 -10.9 0
    endloop
  endfacet
  facet normal 0 0 -1
    outer loop
      vertex -3.651653099819028 -10.93690205690804 0
      vertex -5.843078061834695 -10.9 0
      vertex -5.723168683895834 -10.679154398749825 0
    endloop
  endfacet
  facet normal 0 0 -1
    outer loop
      vertex -3.651653099819028 -10.93690205690804 0
      vertex -5.723168683895834 -10.679154398749825 0
      vertex -5.614981803315516 -10.45233588676384 0
    endloop
  endfacet
  facet normal 0 0 -1
    outer loop
      vertex -5.720621340861106 -13.784592537907402 0
      vertex -6.003060284411182 -14.001315561749642 0
      vertex -7.600000000189249 -12.65692193826806 0
    endloop
  endfacet
  facet normal 0 0 -1
    outer loop
      vertex -6.6 -14.388972745734183 0
      vertex -6.600000000268103 -14.388972745879752 0
      vertex -7.600000000189249 -12.65692193826806 0
    endloop
  endfacet
  facet normal 0 0 -1
    outer loop
      vertex -6.296454561897816 -14.202959862028884 0
      vertex -6.6 -14.388972745734183 0
      vertex -7.600000000189249 -12.65692193826806 0
    endloop
  endfacet
  facet normal 0 0 -1
    outer loop
      vertex -6.003060284411182 -14.001315561749642 0
      vertex -6.296454561897816 -14.202959862028884 0
      vertex -7.600000000189249 -12.65692193826806 0
    endloop
  endfacet
  facet normal 0 0 -1
    outer loop
      vertex -5.720621340861106 -13.784592537907402 0
      vertex -7.600000000189249 -12.65692193826806 0
      vertex -5.4499118767597645 -13.55338481324628 0
    endloop
  endfacet
  facet normal 0 0 -1
    outer loop
      vertex -5.1916738879314765 -13.308326112068523 0
      vertex -5.4499118767597645 -13.55338481324628 0
      vertex -7.600000000189249 -12.65692193826806 0
    endloop
  endfacet
  facet normal 0 0 -1
    outer loop
      vertex -4.715407462092598 -12.779378659138894 0
      vertex -7.38573263192787 -12.525618726138037 0
      vertex -7.178630788996129 -12.383281572999747 0
    endloop
  endfacet
  facet normal 0 0 -1
    outer loop
      vertex -4.715407462092598 -12.779378659138894 0
      vertex -7.6 -12.656921938165306 0
      vertex -7.38573263192787 -12.525618726138037 0
    endloop
  endfacet
  facet normal 0 0 -1
    outer loop
      vertex -4.715407462092598 -12.779378659138894 0
      vertex -7.600000000189249 -12.65692193826806 0
      vertex -7.6 -12.656921938165306 0
    endloop
  endfacet
  facet normal 0 0 -1
    outer loop
      vertex -4.498684438250358 -12.496939715588818 0
      vertex -7.178630788996129 -12.383281572999747 0
      vertex -6.9792621229607805 -12.23030061499346 0
    endloop
  endfacet
  facet normal 0 0 -1
    outer loop
      vertex -4.498684438250358 -12.496939715588818 0
      vertex -6.9792621229607805 -12.23030061499346 0
      vertex -6.78817308947748 -12.067095162291492 0
    endloop
  endfacet
  facet normal 0 0 -1
    outer loop
      vertex -3.3485963150101217 -9.913799497560763 0
      vertex -5.304891516477733 -9.497976115925244 0
      vertex -3.2837192839530633 -9.56375436227357 0
    endloop
  endfacet
  facet normal 0 0 -1
    outer loop
      vertex -3.2837192839530633 -9.56375436227357 0
      vertex -5.226294902232288 -9.001736623684737 0
      vertex -3.237251111495742 -9.210793550220043 0
    endloop
  endfacet
  facet normal 0 0 -1
    outer loop
      vertex -3.237251111495742 -9.210793550220043 0
      vertex -5.206578233178046 -8.75121258996613 0
      vertex -3.209319163668898 -8.855884502452017 0
    endloop
  endfacet
  facet normal 0 0 -1
    outer loop
      vertex -3.209319163668898 -8.855884502452017 0
      vertex -5.206578233178046 -8.75121258996613 0
      vertex -3.2 -8.5 0
    endloop
  endfacet
  facet normal 0 0 -1
    outer loop
      vertex -3.5328156891929563 -10.601315561749642 0
      vertex -5.5188139528134315 -10.220166157817442 0
      vertex -3.4317043812343355 -10.259969506697141 0
    endloop
  endfacet
  facet normal 0 0 -1
    outer loop
      vertex -3.5328156891929563 -10.601315561749642 0
      vertex -5.614981803315516 -10.45233588676384 0
      vertex -5.5188139528134315 -10.220166157817442 0
    endloop
  endfacet
  facet normal 0 0 -1
    outer loop
      vertex -3.4317043812343355 -10.259969506697141 0
      vertex -5.5188139528134315 -10.220166157817442 0
      vertex -5.434928721783264 -9.983281572999747 0
    endloop
  endfacet
  facet normal 0 0 -1
    outer loop
      vertex -3.4317043812343355 -10.259969506697141 0
      vertex -5.363556033812472 -9.7423314164921 0
      vertex -3.3485963150101217 -9.913799497560763 0
    endloop
  endfacet
  facet normal 0 0 -1
    outer loop
      vertex -3.4317043812343355 -10.259969506697141 0
      vertex -5.434928721783264 -9.983281572999747 0
      vertex -5.363556033812472 -9.7423314164921 0
    endloop
  endfacet
  facet normal 0 0 -1
    outer loop
      vertex -3.3485963150101217 -9.913799497560763 0
      vertex -5.363556033812472 -9.7423314164921 0
      vertex -5.304891516477733 -9.497976115925244 0
    endloop
  endfacet
  facet normal 0 0 -1
    outer loop
      vertex -3.2837192839530633 -9.56375436227357 0
      vertex -5.304891516477733 -9.497976115925244 0
      vertex -5.259095965143339 -9.250885432193108 0
    endloop
  endfacet
  facet normal 0 0 -1
    outer loop
      vertex -3.2837192839530633 -9.56375436227357 0
      vertex -5.259095965143339 -9.250885432193108 0
      vertex -5.226294902232288 -9.001736623684737 0
    endloop
  endfacet
  facet normal 0 0 -1
    outer loop
      vertex -3.237251111495742 -9.210793550220043 0
      vertex -5.226294902232288 -9.001736623684737 0
      vertex -5.206578233178046 -8.75121258996613 0
    endloop
  endfacet
  facet normal 0 0 -1
    outer loop
      vertex -3.2 -8.5 0
      vertex -5.206578233178046 -8.24878741003387 0
      vertex -3.209319163668898 -8.144115497547983 0
    endloop
  endfacet
  facet normal 0 0 -1
    outer loop
      vertex -3.209319163668898 -8.144115497547983 0
      vertex -5.226294902232288 -7.998263376315263 0
      vertex -3.237251111495742 -7.7892064497799565 0
    endloop
  endfacet
  facet normal 0 0 -1
    outer loop
      vertex -3.237251111495742 -7.7892064497799565 0
      vertex -5.304891516477733 -7.502023884074755 0
      vertex -3.2837192839530633 -7.43624563772643 0
    endloop
  endfacet
  facet normal 0 0 -1
    outer loop
      vertex -3.2 -8.5 0
      vertex -5.206578233178046 -8.75121258996613 0
      vertex -5.2 -8.5 0
    endloop
  endfacet
  facet normal 0 0 -1
    outer loop
      vertex -3.2 -8.5 0
      vertex -5.2 -8.5 0
      vertex -5.206578233178046 -8.24878741003387 0
    endloop
  endfacet
  facet normal 0 0 -1
    outer loop
      vertex -3.209319163668898 -8.144115497547983 0
      vertex -5.206578233178046 -8.24878741003387 0
      vertex -5.226294902232288 -7.998263376315263 0
    endloop
  endfacet
  facet normal 0 0 -1
    outer loop
      vertex -5.226294902232288 -7.998263376315263 0
      vertex -5.259095965143339 -7.749114567806892 0
      vertex -3.237251111495742 -7.7892064497799565 0
    endloop
  endfacet
  facet normal 0 0 -1
    outer loop
      vertex -3.237251111495742 -7.7892064497799565 0
      vertex -5.259095965143339 -7.749114567806892 0
      vertex -5.304891516477733 -7.502023884074755 0
    endloop
  endfacet
  facet normal 0 0 -1
    outer loop
      vertex -3.2837192839530633 -7.43624563772643 0
      vertex -5.363556033812472 -7.2576685835079005 0
      vertex -3.3485963150101217 -7.086200502439237 0
    endloop
  endfacet
  facet normal 0 0 -1
    outer loop
      vertex -3.2837192839530633 -7.43624563772643 0
      vertex -5.304891516477733 -7.502023884074755 0
      vertex -5.363556033812472 -7.2576685835079005 0
    endloop
  endfacet
  facet normal 0 0 -1
    outer loop
      vertex -3.3485963150101217 -7.086200502439237 0
      vertex -5.434928721783264 -7.016718427000253 0
      vertex -3.4317043812343355 -6.740030493302859 0
    endloop
  endfacet
  facet normal 0 0 -1
    outer loop
      vertex -3.3485963150101217 -7.086200502439237 0
      vertex -5.363556033812472 -7.2576685835079005 0
      vertex -5.434928721783264 -7.016718427000253 0
    endloop
  endfacet
  facet normal 0 0 -1
    outer loop
      vertex -3.4317043812343355 -6.740030493302859 0
      vertex -5.434928721783264 -7.016718427000253 0
      vertex -5.5188139528134315 -6.779833842182558 0
    endloop
  endfacet
  facet normal 0.6087614290087217 -0.7933533402912345 0
    outer loop
      vertex -5.720621340861106 -13.784592537907402 0
      vertex -6.003060284411182 -14.001315561749642 12
      vertex -6.003060284411182 -14.001315561749642 0
    endloop
  endfacet
  facet normal 0.6883545756937535 -0.7253743710122883 0
    outer loop
      vertex -5.1916738879314765 -13.308326112068523 0
      vertex -5.4499118767597645 -13.55338481324628 12
      vertex -5.4499118767597645 -13.55338481324628 0
    endloop
  endfacet
  facet normal 0.6494480483301842 -0.7604059656000306 0
    outer loop
      vertex -5.720621340861106 -13.784592537907402 0
      vertex -5.4499118767597645 -13.55338481324628 0
      vertex -5.720621340861106 -13.784592537907402 12
    endloop
  endfacet
  facet normal 0.7604059656000295 -0.6494480483301854 0
    outer loop
      vertex -4.715407462092598 -12.779378659138894 0
      vertex -4.715407462092598 -12.779378659138894 12
      vertex -4.94661518675372 -13.050088123240235 0
    endloop
  endfacet
  facet normal 0.7933533402912345 -0.6087614290087217 0
    outer loop
      vertex -4.715407462092598 -12.779378659138894 0
      vertex -4.498684438250358 -12.496939715588818 0
      vertex -4.498684438250358 -12.496939715588818 12
    endloop
  endfacet
  facet normal 0.7253743710122895 -0.6883545756937521 0
    outer loop
      vertex -5.1916738879314765 -13.308326112068523 0
      vertex -4.94661518675372 -13.050088123240235 0
      vertex -4.94661518675372 -13.050088123240235 12
    endloop
  endfacet
  facet normal 0.9025852843498607 -0.43051109680829486 0
    outer loop
      vertex -3.941155635519099 -11.587135398228918 0
      vertex -3.787890888030314 -11.265809172915441 0
      vertex -3.787890888030314 -11.265809172915441 12
    endloop
  endfacet
  facet normal 0.9238795325112868 -0.3826834323650895 0
    outer loop
      vertex -3.787890888030314 -11.265809172915441 0
      vertex -3.651653099819028 -10.93690205690804 0
      vertex -3.651653099819028 -10.93690205690804 12
    endloop
  endfacet
  facet normal 0.9426414910921787 -0.33380685923377007 0
    outer loop
      vertex -3.651653099819028 -10.93690205690804 0
      vertex -3.5328156891929563 -10.601315561749642 0
      vertex -3.5328156891929563 -10.601315561749642 12
    endloop
  endfacet
  facet normal 0.8241261886220156 -0.5664062369248328 0
    outer loop
      vertex -4.498684438250358 -12.496939715588818 0
      vertex -4.297040137971116 -12.203545438102184 0
      vertex -4.297040137971116 -12.203545438102184 12
    endloop
  endfacet
  facet normal 0.8526401643540923 -0.5224985647159488 0
    outer loop
      vertex -4.297040137971116 -12.203545438102184 0
      vertex -4.111027254265817 -11.9 0
      vertex -4.111027254265817 -11.9 12
    endloop
  endfacet
  facet normal 0.8788171126619658 -0.4771587602596075 0
    outer loop
      vertex -3.941155635519099 -11.587135398228918 0
      vertex -3.941155635519099 -11.587135398228918 12
      vertex -4.111027254265817 -11.9 0
    endloop
  endfacet
  facet normal -0.8526401643540921 0.522498564715949 0
    outer loop
      vertex -5.974381273861964 -11.11426736807213 0
      vertex -5.974381273861964 -11.11426736807213 12
      vertex -5.843078061834695 -10.9 0
    endloop
  endfacet
  facet normal -0.8788171126619652 0.4771587602596088 0
    outer loop
      vertex -5.723168683895834 -10.679154398749825 0
      vertex -5.843078061834695 -10.9 0
      vertex -5.843078061834695 -10.9 12
    endloop
  endfacet
  facet normal -0.9025852843498606 0.43051109680829525 0
    outer loop
      vertex -5.723168683895834 -10.679154398749825 0
      vertex -5.723168683895834 -10.679154398749825 12
      vertex -5.614981803315516 -10.45233588676384 0
    endloop
  endfacet
  facet normal 0.5664062369248328 -0.8241261886220156 0
    outer loop
      vertex -6.003060284411182 -14.001315561749642 0
      vertex -6.296454561897816 -14.202959862028884 12
      vertex -6.296454561897816 -14.202959862028884 0
    endloop
  endfacet
  facet normal 0.4771598359824591 -0.8788165285912599 0
    outer loop
      vertex -6.6 -14.388972745734183 0
      vertex -6.6 -14.388972745734183 12
      vertex -6.600000000268103 -14.388972745879752 0
    endloop
  endfacet
  facet normal 0.5224985647159488 -0.8526401643540923 0
    outer loop
      vertex -6.296454561897816 -14.202959862028884 0
      vertex -6.6 -14.388972745734183 12
      vertex -6.6 -14.388972745734183 0
    endloop
  endfacet
  facet normal -0.866025403806863 -0.49999999996115996 0
    outer loop
      vertex -6.600000000268103 -14.388972745879752 0
      vertex -7.600000000189249 -12.65692193826806 12
      vertex -7.600000000189249 -12.65692193826806 0
    endloop
  endfacet
  facet normal -0.5664062369248366 0.8241261886220131 0
    outer loop
      vertex -7.178630788996129 -12.383281572999747 0
      vertex -7.38573263192787 -12.525618726138037 0
      vertex -7.38573263192787 -12.525618726138037 12
    endloop
  endfacet
  facet normal -0.477156120670029 0.8788185458370394 0
    outer loop
      vertex -7.6 -12.656921938165306 0
      vertex -7.600000000189249 -12.65692193826806 0
      vertex -7.600000000189249 -12.65692193826806 12
    endloop
  endfacet
  facet normal -0.5224985647159475 0.8526401643540931 0
    outer loop
      vertex -7.38573263192787 -12.525618726138037 0
      vertex -7.6 -12.656921938165306 0
      vertex -7.6 -12.656921938165306 12
    endloop
  endfacet
  facet normal -0.6883545756937534 0.7253743710122882 0
    outer loop
      vertex -6.78817308947748 -12.067095162291492 0
      vertex -6.78817308947748 -12.067095162291492 12
      vertex -6.6058874503045715 -11.894112549695429 0
    endloop
  endfacet
  facet normal -0.6494480483301822 0.760405965600032 0
    outer loop
      vertex -6.9792621229607805 -12.23030061499346 0
      vertex -6.9792621229607805 -12.23030061499346 12
      vertex -6.78817308947748 -12.067095162291492 0
    endloop
  endfacet
  facet normal -0.7604059656000336 0.6494480483301805 0
    outer loop
      vertex -6.432904837708508 -11.71182691052252 0
      vertex -6.432904837708508 -11.71182691052252 12
      vertex -6.26969938500654 -11.520737877039219 0
    endloop
  endfacet
  facet normal -0.7253743710122882 0.6883545756937534 0
    outer loop
      vertex -6.432904837708508 -11.71182691052252 0
      vertex -6.6058874503045715 -11.894112549695429 0
      vertex -6.6058874503045715 -11.894112549695429 12
    endloop
  endfacet
  facet normal -0.6087614290087204 0.7933533402912353 0
    outer loop
      vertex -7.178630788996129 -12.383281572999747 0
      vertex -7.178630788996129 -12.383281572999747 12
      vertex -6.9792621229607805 -12.23030061499346 0
    endloop
  endfacet
  facet normal -0.793353340291234 0.6087614290087222 0
    outer loop
      vertex -6.116718427000253 -11.321369211003871 0
      vertex -6.26969938500654 -11.520737877039219 0
      vertex -6.26969938500654 -11.520737877039219 12
    endloop
  endfacet
  facet normal -0.8241261886220159 0.5664062369248325 0
    outer loop
      vertex -6.116718427000253 -11.321369211003871 0
      vertex -6.116718427000253 -11.321369211003871 12
      vertex -5.974381273861964 -11.11426736807213 0
    endloop
  endfacet
  facet normal 0.9588197348681924 -0.28401534470392475 0
    outer loop
      vertex -3.5328156891929563 -10.601315561749642 0
      vertex -3.4317043812343355 -10.259969506697141 0
      vertex -3.4317043812343355 -10.259969506697141 12
    endloop
  endfacet
  facet normal 0.9723699203976768 -0.23344536385590503 0
    outer loop
      vertex -3.4317043812343355 -10.259969506697141 0
      vertex -3.3485963150101217 -9.913799497560763 0
      vertex -3.3485963150101217 -9.913799497560763 12
    endloop
  endfacet
  facet normal 0.9832549075639544 -0.18223552549214825 0
    outer loop
      vertex -3.3485963150101217 -9.913799497560763 0
      vertex -3.2837192839530633 -9.56375436227357 0
      vertex -3.2837192839530633 -9.56375436227357 12
    endloop
  endfacet
  facet normal 0.9914448613738108 -0.13052619222004855 0
    outer loop
      vertex -3.2837192839530633 -9.56375436227357 0
      vertex -3.237251111495742 -9.210793550220043 0
      vertex -3.237251111495742 -9.210793550220043 12
    endloop
  endfacet
  facet normal 0.9969173337331277 -0.07845909572784675 0
    outer loop
      vertex -3.237251111495742 -9.210793550220043 0
      vertex -3.209319163668898 -8.855884502452017 0
      vertex -3.209319163668898 -8.855884502452017 12
    endloop
  endfacet
  facet normal 0.9996573249755574 -0.026176948307873104 0
    outer loop
      vertex -3.209319163668898 -8.855884502452017 0
      vertex -3.2 -8.5 0
      vertex -3.2 -8.5 12
    endloop
  endfacet
  facet normal -0.9426414910921799 0.3338068592337667 0
    outer loop
      vertex -5.5188139528134315 -10.220166157817442 0
      vertex -5.5188139528134315 -10.220166157817442 12
      vertex -5.434928721783264 -9.983281572999747 0
    endloop
  endfacet
  facet normal -0.9238795325112863 0.382683432365091 0
    outer loop
      vertex -5.614981803315516 -10.45233588676384 0
      vertex -5.614981803315516 -10.45233588676384 12
      vertex -5.5188139528134315 -10.220166157817442 0
    endloop
  endfacet
  facet normal -0.9588197348681917 0.28401534470392686 0
    outer loop
      vertex -5.434928721783264 -9.983281572999747 0
      vertex -5.434928721783264 -9.983281572999747 12
      vertex -5.363556033812472 -9.7423314164921 0
    endloop
  endfacet
  facet normal -0.9723699203976772 0.23344536385590328 0
    outer loop
      vertex -5.363556033812472 -9.7423314164921 0
      vertex -5.363556033812472 -9.7423314164921 12
      vertex -5.304891516477733 -9.497976115925244 0
    endloop
  endfacet
  facet normal -0.9832549075639543 0.18223552549214858 0
    outer loop
      vertex -5.304891516477733 -9.497976115925244 0
      vertex -5.304891516477733 -9.497976115925244 12
      vertex -5.259095965143339 -9.250885432193108 0
    endloop
  endfacet
  facet normal -0.9914448613738105 0.13052619222005069 0
    outer loop
      vertex -5.259095965143339 -9.250885432193108 0
      vertex -5.259095965143339 -9.250885432193108 12
      vertex -5.226294902232288 -9.001736623684737 0
    endloop
  endfacet
  facet normal -0.9969173337331282 0.07845909572784274 0
    outer loop
      vertex -5.226294902232288 -9.001736623684737 0
      vertex -5.226294902232288 -9.001736623684737 12
      vertex -5.206578233178046 -8.75121258996613 0
    endloop
  endfacet
  facet normal -0.9996573249755571 0.026176948307875387 0
    outer loop
      vertex -5.206578233178046 -8.75121258996613 0
      vertex -5.206578233178046 -8.75121258996613 12
      vertex -5.2 -8.5 0
    endloop
  endfacet
  facet normal 0.9996573249755574 0.026176948307873104 0
    outer loop
      vertex -3.2 -8.5 0
      vertex -3.209319163668898 -8.144115497547983 0
      vertex -3.209319163668898 -8.144115497547983 12
    endloop
  endfacet
  facet normal 0.9969173337331277 0.07845909572784654 0
    outer loop
      vertex -3.209319163668898 -8.144115497547983 0
      vertex -3.237251111495742 -7.7892064497799565 0
      vertex -3.237251111495742 -7.7892064497799565 12
    endloop
  endfacet
  facet normal 0.9914448613738108 0.13052619222004921 0
    outer loop
      vertex -3.237251111495742 -7.7892064497799565 0
      vertex -3.2837192839530633 -7.43624563772643 0
      vertex -3.2837192839530633 -7.43624563772643 12
    endloop
  endfacet
  facet normal 0.9832549075639546 0.18223552549214783 0
    outer loop
      vertex -3.2837192839530633 -7.43624563772643 0
      vertex -3.3485963150101217 -7.086200502439237 0
      vertex -3.3485963150101217 -7.086200502439237 12
    endloop
  endfacet
  facet normal 0.9723699203976768 0.23344536385590503 0
    outer loop
      vertex -3.3485963150101217 -7.086200502439237 0
      vertex -3.4317043812343355 -6.740030493302859 0
      vertex -3.4317043812343355 -6.740030493302859 12
    endloop
  endfacet
  facet normal -0.9996573249755571 -0.026176948307875387 0
    outer loop
      vertex -5.2 -8.5 0
      vertex -5.2 -8.5 12
      vertex -5.206578233178046 -8.24878741003387 0
    endloop
  endfacet
  facet normal -0.9969173337331282 -0.07845909572784274 0
    outer loop
      vertex -5.206578233178046 -8.24878741003387 0
      vertex -5.206578233178046 -8.24878741003387 12
      vertex -5.226294902232288 -7.998263376315263 0
    endloop
  endfacet
  facet normal -0.9914448613738105 -0.13052619222005069 0
    outer loop
      vertex -5.226294902232288 -7.998263376315263 0
      vertex -5.226294902232288 -7.998263376315263 12
      vertex -5.259095965143339 -7.749114567806892 0
    endloop
  endfacet
  facet normal -0.9832549075639545 -0.18223552549214797 0
    outer loop
      vertex -5.259095965143339 -7.749114567806892 0
      vertex -5.259095965143339 -7.749114567806892 12
      vertex -5.304891516477733 -7.502023884074755 0
    endloop
  endfacet
  facet normal -0.972369920397677 -0.2334453638559041 0
    outer loop
      vertex -5.304891516477733 -7.502023884074755 0
      vertex -5.304891516477733 -7.502023884074755 12
      vertex -5.363556033812472 -7.2576685835079005 0
    endloop
  endfacet
  facet normal -0.9588197348681917 -0.28401534470392686 0
    outer loop
      vertex -5.363556033812472 -7.2576685835079005 0
      vertex -5.363556033812472 -7.2576685835079005 12
      vertex -5.434928721783264 -7.016718427000253 0
    endloop
  endfacet
  facet normal -0.9426414910921799 -0.3338068592337667 0
    outer loop
      vertex -5.434928721783264 -7.016718427000253 0
      vertex -5.434928721783264 -7.016718427000253 12
      vertex -5.5188139528134315 -6.779833842182558 0
    endloop
  endfacet
  facet normal -0.9238795325112863 -0.382683432365091 0
    outer loop
      vertex -5.5188139528134315 -6.779833842182558 0
      vertex -5.5188139528134315 -6.779833842182558 12
      vertex -5.614981803315516 -6.547664113236159 0
    endloop
  endfacet
  facet normal 0 0 -1
    outer loop
      vertex -13.4 -14.388972745734183 0
      vertex -13.703545438102184 -14.202959862028884 0
      vertex -13.399999999731897 -14.388972745879752 0
    endloop
  endfacet
  facet normal 0 0 -1
    outer loop
      vertex -13.399999999731897 -14.388972745879752 0
      vertex -13.703545438102184 -14.202959862028884 0
      vertex -13.996939715588818 -14.001315561749642 0
    endloop
  endfacet
  facet normal 0 0 -1
    outer loop
      vertex -13.399999999731897 -14.388972745879752 0
      vertex -13.996939715588818 -14.001315561749642 0
      vertex -14.279378659138894 -13.784592537907402 0
    endloop
  endfacet
  facet normal 0 0 -1
    outer loop
      vertex -13.399999999731897 -14.388972745879752 0
      vertex -12.4 -12.656921938165306 0
      vertex -12.39999999981075 -12.65692193826806 0
    endloop
  endfacet
  facet normal 0 0 -1
    outer loop
      vertex -13.399999999731897 -14.388972745879752 0
      vertex -15.284592537907402 -12.779378659138894 0
      vertex -12.4 -12.656921938165306 0
    endloop
  endfacet
  facet normal 0 0 -1
    outer loop
      vertex -12.4 -12.656921938165306 0
      vertex -15.501315561749642 -12.496939715588818 0
      vertex -12.614267368072131 -12.525618726138037 0
    endloop
  endfacet
  facet normal 0 0 -1
    outer loop
      vertex -12.614267368072131 -12.525618726138037 0
      vertex -15.501315561749642 -12.496939715588818 0
      vertex -12.821369211003871 -12.383281572999747 0
    endloop
  endfacet
  facet normal 0 0 -1
    outer loop
      vertex -12.821369211003871 -12.383281572999747 0
      vertex -15.702959862028884 -12.203545438102184 0
      vertex -13.02073787703922 -12.23030061499346 0
    endloop
  endfacet
  facet normal 0 0 -1
    outer loop
      vertex -13.02073787703922 -12.23030061499346 0
      vertex -15.702959862028884 -12.203545438102184 0
      vertex -13.21182691052252 -12.067095162291492 0
    endloop
  endfacet
  facet normal 0 0 -1
    outer loop
      vertex -13.399999999731897 -14.388972745879752 0
      vertex -14.279378659138894 -13.784592537907402 0
      vertex -14.550088123240236 -13.55338481324628 0
    endloop
  endfacet
  facet normal 0 0 -1
    outer loop
      vertex -13.399999999731897 -14.388972745879752 0
      vertex -14.550088123240236 -13.55338481324628 0
      vertex -14.808326112068524 -13.308326112068523 0
    endloop
  endfacet
  facet normal 0 0 -1
    outer loop
      vertex -13.399999999731897 -14.388972745879752 0
      vertex -14.808326112068524 -13.308326112068523 0
      vertex -15.05338481324628 -13.050088123240235 0
    endloop
  endfacet
  facet normal 0 0 -1
    outer loop
      vertex -13.399999999731897 -14.388972745879752 0
      vertex -15.05338481324628 -13.050088123240235 0
      vertex -15.284592537907402 -12.779378659138894 0
    endloop
  endfacet
  facet normal 0 0 -1
    outer loop
      vertex -12.4 -12.656921938165306 0
      vertex -15.284592537907402 -12.779378659138894 0
      vertex -15.501315561749642 -12.496939715588818 0
    endloop
  endfacet
  facet normal 0 0 -1
    outer loop
      vertex -12.821369211003871 -12.383281572999747 0
      vertex -15.501315561749642 -12.496939715588818 0
      vertex -15.702959862028884 -12.203545438102184 0
    endloop
  endfacet
  facet normal 0 0 -1
    outer loop
      vertex -13.21182691052252 -12.067095162291492 0
      vertex -15.702959862028884 -12.203545438102184 0
      vertex -15.888972745734183 -11.9 0
    endloop
  endfacet
  facet normal 0 0 -1
    outer loop
      vertex -13.21182691052252 -12.067095162291492 0
      vertex -15.888972745734183 -11.9 0
      vertex -13.394112549695429 -11.894112549695429 0
    endloop
  endfacet
  facet normal 0 0 -1
    outer loop
      vertex -13.394112549695429 -11.894112549695429 0
      vertex -15.888972745734183 -11.9 0
      vertex -13.567095162291492 -11.71182691052252 0
    endloop
  endfacet
  facet normal 0 0 -1
    outer loop
      vertex -13.567095162291492 -11.71182691052252 0
      vertex -16.0588443644809 -11.587135398228918 0
      vertex -13.73030061499346 -11.520737877039219 0
    endloop
  endfacet
  facet normal 0 0 -1
    outer loop
      vertex -13.567095162291492 -11.71182691052252 0
      vertex -15.888972745734183 -11.9 0
      vertex -16.0588443644809 -11.587135398228918 0
    endloop
  endfacet
  facet normal 0 0 -1
    outer loop
      vertex -13.73030061499346 -11.520737877039219 0
      vertex -16.212109111969685 -11.265809172915441 0
      vertex -13.883281572999747 -11.321369211003871 0
    endloop
  endfacet
  facet normal 0 0 -1
    outer loop
      vertex -13.883281572999747 -11.321369211003871 0
      vertex -16.212109111969685 -11.265809172915441 0
      vertex -14.025618726138035 -11.11426736807213 0
    endloop
  endfacet
  facet normal 0 0 -1
    outer loop
      vertex -14.025618726138035 -11.11426736807213 0
      vertex -16.34834690018097 -10.93690205690804 0
      vertex -14.156921938165304 -10.9 0
    endloop
  endfacet
  facet normal 0 0 -1
    outer loop
      vertex -14.156921938165304 -10.9 0
      vertex -16.34834690018097 -10.93690205690804 0
      vertex -14.276831316104165 -10.679154398749825 0
    endloop
  endfacet
  facet normal 0 0 -1
    outer loop
      vertex -13.73030061499346 -11.520737877039219 0
      vertex -16.0588443644809 -11.587135398228918 0
      vertex -16.212109111969685 -11.265809172915441 0
    endloop
  endfacet
  facet normal 0 0 -1
    outer loop
      vertex -16.212109111969685 -11.265809172915441 0
      vertex -16.34834690018097 -10.93690205690804 0
      vertex -14.025618726138035 -11.11426736807213 0
    endloop
  endfacet
  facet normal 0 0 -1
    outer loop
      vertex -14.276831316104165 -10.679154398749825 0
      vertex -16.467184310807042 -10.601315561749642 0
      vertex -14.385018196684484 -10.45233588676384 0
    endloop
  endfacet
  facet normal 0 0 -1
    outer loop
      vertex -14.276831316104165 -10.679154398749825 0
      vertex -16.34834690018097 -10.93690205690804 0
      vertex -16.467184310807042 -10.601315561749642 0
    endloop
  endfacet
  facet normal 0 0 -1
    outer loop
      vertex -14.385018196684484 -10.45233588676384 0
      vertex -16.568295618765664 -10.259969506697141 0
      vertex -14.481186047186569 -10.220166157817442 0
    endloop
  endfacet
  facet normal 0 0 -1
    outer loop
      vertex -14.481186047186569 -10.220166157817442 0
      vertex -16.568295618765664 -10.259969506697141 0
      vertex -14.565071278216736 -9.983281572999747 0
    endloop
  endfacet
  facet normal 0 0 -1
    outer loop
      vertex -14.385018196684484 -10.45233588676384 0
      vertex -16.467184310807042 -10.601315561749642 0
      vertex -16.568295618765664 -10.259969506697141 0
    endloop
  endfacet
  facet normal 0 0 -1
    outer loop
      vertex -14.565071278216736 -9.983281572999747 0
      vertex -16.65140368498988 -9.913799497560763 0
      vertex -14.636443966187528 -9.7423314164921 0
    endloop
  endfacet
  facet normal 0 0 -1
    outer loop
      vertex -14.636443966187528 -9.7423314164921 0
      vertex -16.71628071604694 -9.56375436227357 0
      vertex -14.695108483522267 -9.497976115925244 0
    endloop
  endfacet
  facet normal 0 0 -1
    outer loop
      vertex -14.565071278216736 -9.983281572999747 0
      vertex -16.568295618765664 -10.259969506697141 0
      vertex -16.65140368498988 -9.913799497560763 0
    endloop
  endfacet
  facet normal 0 0 -1
    outer loop
      vertex -14.636443966187528 -9.7423314164921 0
      vertex -16.65140368498988 -9.913799497560763 0
      vertex -16.71628071604694 -9.56375436227357 0
    endloop
  endfacet
  facet normal 0 0 -1
    outer loop
      vertex -14.695108483522267 -9.497976115925244 0
      vertex -16.76274888850426 -9.210793550220043 0
      vertex -14.740904034856662 -9.250885432193108 0
    endloop
  endfacet
  facet normal 0 0 -1
    outer loop
      vertex -14.740904034856662 -9.250885432193108 0
      vertex -16.76274888850426 -9.210793550220043 0
      vertex -14.773705097767712 -9.001736623684737 0
    endloop
  endfacet
  facet normal 0 0 -1
    outer loop
      vertex -14.773705097767712 -9.001736623684737 0
      vertex -16.790680836331102 -8.855884502452017 0
      vertex -14.793421766821954 -8.75121258996613 0
    endloop
  endfacet
  facet normal 0 0 -1
    outer loop
      vertex -16.71628071604694 -9.56375436227357 0
      vertex -16.76274888850426 -9.210793550220043 0
      vertex -14.695108483522267 -9.497976115925244 0
    endloop
  endfacet
  facet normal 0 0 -1
    outer loop
      vertex -14.773705097767712 -9.001736623684737 0
      vertex -16.76274888850426 -9.210793550220043 0
      vertex -16.790680836331102 -8.855884502452017 0
    endloop
  endfacet
  facet normal 0 0 -1
    outer loop
      vertex -14.793421766821954 -8.75121258996613 0
      vertex -16.790680836331102 -8.855884502452017 0
      vertex -16.8 -8.5 0
    endloop
  endfacet
  facet normal 0 0 -1
    outer loop
      vertex -14.793421766821954 -8.75121258996613 0
      vertex -16.8 -8.5 0
      vertex -14.8 -8.5 0
    endloop
  endfacet
  facet normal 0 0 -1
    outer loop
      vertex -14.8 -8.5 0
      vertex -16.8 -8.5 0
      vertex -14.793421766821954 -8.24878741003387 0
    endloop
  endfacet
  facet normal 0 0 -1
    outer loop
      vertex -14.793421766821954 -8.24878741003387 0
      vertex -16.76274888850426 -7.7892064497799565 0
      vertex -14.773705097767712 -7.998263376315263 0
    endloop
  endfacet
  facet normal 0 0 -1
    outer loop
      vertex -14.773705097767712 -7.998263376315263 0
      vertex -16.71628071604694 -7.43624563772643 0
      vertex -14.740904034856662 -7.749114567806892 0
    endloop
  endfacet
  facet normal 0 0 -1
    outer loop
      vertex -14.740904034856662 -7.749114567806892 0
      vertex -16.71628071604694 -7.43624563772643 0
      vertex -14.695108483522267 -7.502023884074755 0
    endloop
  endfacet
  facet normal 0 0 -1
    outer loop
      vertex -14.636443966187528 -7.2576685835079005 0
      vertex -14.695108483522267 -7.502023884074755 0
      vertex -16.65140368498988 -7.086200502439237 0
    endloop
  endfacet
  facet normal 0 0 -1
    outer loop
      vertex -14.636443966187528 -7.2576685835079005 0
      vertex -16.568295618765664 -6.740030493302859 0
      vertex -14.565071278216736 -7.016718427000253 0
    endloop
  endfacet
  facet normal 0 0 -1
    outer loop
      vertex -14.565071278216736 -7.016718427000253 0
      vertex -16.568295618765664 -6.740030493302859 0
      vertex -14.481186047186569 -6.779833842182558 0
    endloop
  endfacet
  facet normal 0 0 -1
    outer loop
      vertex -14.636443966187528 -7.2576685835079005 0
      vertex -16.65140368498988 -7.086200502439237 0
      vertex -16.568295618765664 -6.740030493302859 0
    endloop
  endfacet
  facet normal 0 0 -1
    outer loop
      vertex -14.793421766821954 -8.24878741003387 0
      vertex -16.8 -8.5 0
      vertex -16.790680836331102 -8.144115497547983 0
    endloop
  endfacet
  facet normal 0 0 -1
    outer loop
      vertex -14.793421766821954 -8.24878741003387 0
      vertex -16.790680836331102 -8.144115497547983 0
      vertex -16.76274888850426 -7.7892064497799565 0
    endloop
  endfacet
  facet normal 0 0 -1
    outer loop
      vertex -14.773705097767712 -7.998263376315263 0
      vertex -16.76274888850426 -7.7892064497799565 0
      vertex -16.71628071604694 -7.43624563772643 0
    endloop
  endfacet
  facet normal 0 0 -1
    outer loop
      vertex -14.695108483522267 -7.502023884074755 0
      vertex -16.71628071604694 -7.43624563772643 0
      vertex -16.65140368498988 -7.086200502439237 0
    endloop
  endfacet
  facet normal -0.4771598359824591 -0.8788165285912599 0
    outer loop
      vertex -13.4 -14.388972745734183 0
      vertex -13.399999999731897 -14.388972745879752 0
      vertex -13.399999999731897 -14.388972745879752 12
    endloop
  endfacet
  facet normal -0.5224985647159488 -0.8526401643540923 0
    outer loop
      vertex -13.4 -14.388972745734183 0
      vertex -13.703545438102184 -14.202959862028884 12
      vertex -13.703545438102184 -14.202959862028884 0
    endloop
  endfacet
  facet normal -0.5664062369248328 -0.8241261886220156 0
    outer loop
      vertex -13.703545438102184 -14.202959862028884 0
      vertex -13.996939715588818 -14.001315561749642 12
      vertex -13.996939715588818 -14.001315561749642 0
    endloop
  endfacet
  facet normal 0.866025403806863 -0.49999999996115996 0
    outer loop
      vertex -13.399999999731897 -14.388972745879752 0
      vertex -12.39999999981075 -12.65692193826806 0
      vertex -13.399999999731897 -14.388972745879752 12
    endloop
  endfacet
  facet normal 0.477156120670029 0.8788185458370394 0
    outer loop
      vertex -12.4 -12.656921938165306 0
      vertex -12.4 -12.656921938165306 12
      vertex -12.39999999981075 -12.65692193826806 0
    endloop
  endfacet
  facet normal 0.5224985647159458 0.852640164354094 0
    outer loop
      vertex -12.4 -12.656921938165306 0
      vertex -12.614267368072131 -12.525618726138037 0
      vertex -12.614267368072131 -12.525618726138037 12
    endloop
  endfacet
  facet normal 0.5664062369248382 0.8241261886220119 0
    outer loop
      vertex -12.614267368072131 -12.525618726138037 0
      vertex -12.821369211003871 -12.383281572999747 0
      vertex -12.821369211003871 -12.383281572999747 12
    endloop
  endfacet
  facet normal 0.6087614290087188 0.7933533402912366 0
    outer loop
      vertex -12.821369211003871 -12.383281572999747 0
      vertex -13.02073787703922 -12.23030061499346 0
      vertex -13.02073787703922 -12.23030061499346 12
    endloop
  endfacet
  facet normal 0.6494480483301841 0.7604059656000306 0
    outer loop
      vertex -13.02073787703922 -12.23030061499346 0
      vertex -13.21182691052252 -12.067095162291492 0
      vertex -13.21182691052252 -12.067095162291492 12
    endloop
  endfacet
  facet normal 0.6883545756937534 0.7253743710122882 0
    outer loop
      vertex -13.21182691052252 -12.067095162291492 0
      vertex -13.394112549695429 -11.894112549695429 0
      vertex -13.394112549695429 -11.894112549695429 12
    endloop
  endfacet
  facet normal 0.7253743710122882 0.6883545756937534 0
    outer loop
      vertex -13.394112549695429 -11.894112549695429 0
      vertex -13.567095162291492 -11.71182691052252 0
      vertex -13.567095162291492 -11.71182691052252 12
    endloop
  endfacet
  facet normal 0.7604059656000336 0.6494480483301805 0
    outer loop
      vertex -13.567095162291492 -11.71182691052252 0
      vertex -13.73030061499346 -11.520737877039219 0
      vertex -13.73030061499346 -11.520737877039219 12
    endloop
  endfacet
  facet normal 0.793353340291234 0.6087614290087222 0
    outer loop
      vertex -13.73030061499346 -11.520737877039219 0
      vertex -13.883281572999747 -11.321369211003871 0
      vertex -13.883281572999747 -11.321369211003871 12
    endloop
  endfacet
  facet normal 0.8241261886220176 0.56640623692483 0
    outer loop
      vertex -13.883281572999747 -11.321369211003871 0
      vertex -14.025618726138035 -11.11426736807213 0
      vertex -14.025618726138035 -11.11426736807213 12
    endloop
  endfacet
  facet normal -0.6087614290087217 -0.7933533402912345 0
    outer loop
      vertex -13.996939715588818 -14.001315561749642 0
      vertex -14.279378659138894 -13.784592537907402 12
      vertex -14.279378659138894 -13.784592537907402 0
    endloop
  endfacet
  facet normal -0.6494480483301829 -0.7604059656000315 0
    outer loop
      vertex -14.279378659138894 -13.784592537907402 0
      vertex -14.550088123240236 -13.55338481324628 12
      vertex -14.550088123240236 -13.55338481324628 0
    endloop
  endfacet
  facet normal -0.6883545756937535 -0.7253743710122883 0
    outer loop
      vertex -14.550088123240236 -13.55338481324628 0
      vertex -14.808326112068524 -13.308326112068523 12
      vertex -14.808326112068524 -13.308326112068523 0
    endloop
  endfacet
  facet normal -0.7253743710122907 -0.6883545756937508 0
    outer loop
      vertex -14.808326112068524 -13.308326112068523 0
      vertex -14.808326112068524 -13.308326112068523 12
      vertex -15.05338481324628 -13.050088123240235 0
    endloop
  endfacet
  facet normal -0.7604059656000295 -0.6494480483301854 0
    outer loop
      vertex -15.05338481324628 -13.050088123240235 0
      vertex -15.05338481324628 -13.050088123240235 12
      vertex -15.284592537907402 -12.779378659138894 0
    endloop
  endfacet
  facet normal -0.7933533402912345 -0.6087614290087217 0
    outer loop
      vertex -15.284592537907402 -12.779378659138894 0
      vertex -15.284592537907402 -12.779378659138894 12
      vertex -15.501315561749642 -12.496939715588818 0
    endloop
  endfacet
  facet normal -0.8241261886220156 -0.5664062369248328 0
    outer loop
      vertex -15.501315561749642 -12.496939715588818 0
      vertex -15.501315561749642 -12.496939715588818 12
      vertex -15.702959862028884 -12.203545438102184 0
    endloop
  endfacet
  facet normal -0.8526401643540923 -0.5224985647159488 0
    outer loop
      vertex -15.702959862028884 -12.203545438102184 0
      vertex -15.702959862028884 -12.203545438102184 12
      vertex -15.888972745734183 -11.9 0
    endloop
  endfacet
  facet normal -0.8788171126619658 -0.4771587602596075 0
    outer loop
      vertex -15.888972745734183 -11.9 0
      vertex -15.888972745734183 -11.9 12
      vertex -16.0588443644809 -11.587135398228918 0
    endloop
  endfacet
  facet normal 0.8526401643540921 0.522498564715949 0
    outer loop
      vertex -14.025618726138035 -11.11426736807213 0
      vertex -14.156921938165304 -10.9 0
      vertex -14.156921938165304 -10.9 12
    endloop
  endfacet
  facet normal 0.8788171126619652 0.4771587602596088 0
    outer loop
      vertex -14.156921938165304 -10.9 0
      vertex -14.276831316104165 -10.679154398749825 0
      vertex -14.276831316104165 -10.679154398749825 12
    endloop
  endfacet
  facet normal -0.9025852843498616 -0.4305110968082928 0
    outer loop
      vertex -16.0588443644809 -11.587135398228918 0
      vertex -16.0588443644809 -11.587135398228918 12
      vertex -16.212109111969685 -11.265809172915441 0
    endloop
  endfacet
  facet normal -0.9238795325112868 -0.3826834323650895 0
    outer loop
      vertex -16.212109111969685 -11.265809172915441 0
      vertex -16.212109111969685 -11.265809172915441 12
      vertex -16.34834690018097 -10.93690205690804 0
    endloop
  endfacet
  facet normal -0.9426414910921794 -0.33380685923376785 0
    outer loop
      vertex -16.34834690018097 -10.93690205690804 0
      vertex -16.34834690018097 -10.93690205690804 12
      vertex -16.467184310807042 -10.601315561749642 0
    endloop
  endfacet
  facet normal 0.9025852843498592 0.4305110968082981 0
    outer loop
      vertex -14.276831316104165 -10.679154398749825 0
      vertex -14.385018196684484 -10.45233588676384 0
      vertex -14.385018196684484 -10.45233588676384 12
    endloop
  endfacet
  facet normal 0.9238795325112863 0.382683432365091 0
    outer loop
      vertex -14.385018196684484 -10.45233588676384 0
      vertex -14.481186047186569 -10.220166157817442 0
      vertex -14.481186047186569 -10.220166157817442 12
    endloop
  endfacet
  facet normal 0.9426414910921799 0.3338068592337667 0
    outer loop
      vertex -14.481186047186569 -10.220166157817442 0
      vertex -14.565071278216736 -9.983281572999747 0
      vertex -14.565071278216736 -9.983281572999747 12
    endloop
  endfacet
  facet normal 0.9588197348681917 0.28401534470392686 0
    outer loop
      vertex -14.565071278216736 -9.983281572999747 0
      vertex -14.636443966187528 -9.7423314164921 0
      vertex -14.636443966187528 -9.7423314164921 12
    endloop
  endfacet
  facet normal 0.9723699203976772 0.23344536385590328 0
    outer loop
      vertex -14.636443966187528 -9.7423314164921 0
      vertex -14.695108483522267 -9.497976115925244 0
      vertex -14.695108483522267 -9.497976115925244 12
    endloop
  endfacet
  facet normal 0.9832549075639537 0.18223552549215202 0
    outer loop
      vertex -14.695108483522267 -9.497976115925244 0
      vertex -14.740904034856662 -9.250885432193108 0
      vertex -14.740904034856662 -9.250885432193108 12
    endloop
  endfacet
  facet normal 0.9914448613738109 0.13052619222004722 0
    outer loop
      vertex -14.740904034856662 -9.250885432193108 0
      vertex -14.773705097767712 -9.001736623684737 0
      vertex -14.773705097767712 -9.001736623684737 12
    endloop
  endfacet
  facet normal 0.9969173337331282 0.07845909572784274 0
    outer loop
      vertex -14.773705097767712 -9.001736623684737 0
      vertex -14.793421766821954 -8.75121258996613 0
      vertex -14.793421766821954 -8.75121258996613 12
    endloop
  endfacet
  facet normal -0.9588197348681918 -0.2840153447039271 0
    outer loop
      vertex -16.467184310807042 -10.601315561749642 0
      vertex -16.467184310807042 -10.601315561749642 12
      vertex -16.568295618765664 -10.259969506697141 0
    endloop
  endfacet
  facet normal -0.9723699203976749 -0.23344536385591208 0
    outer loop
      vertex -16.568295618765664 -10.259969506697141 0
      vertex -16.568295618765664 -10.259969506697141 12
      vertex -16.65140368498988 -9.913799497560763 0
    endloop
  endfacet
  facet normal -0.9832549075639544 -0.18223552549214825 0
    outer loop
      vertex -16.65140368498988 -9.913799497560763 0
      vertex -16.65140368498988 -9.913799497560763 12
      vertex -16.71628071604694 -9.56375436227357 0
    endloop
  endfacet
  facet normal -0.991444861373811 -0.13052619222004608 0
    outer loop
      vertex -16.71628071604694 -9.56375436227357 0
      vertex -16.71628071604694 -9.56375436227357 12
      vertex -16.76274888850426 -9.210793550220043 0
    endloop
  endfacet
  facet normal -0.996917333733128 -0.07845909572784426 0
    outer loop
      vertex -16.76274888850426 -9.210793550220043 0
      vertex -16.76274888850426 -9.210793550220043 12
      vertex -16.790680836331102 -8.855884502452017 0
    endloop
  endfacet
  facet normal -0.9996573249755571 -0.02617694830787559 0
    outer loop
      vertex -16.790680836331102 -8.855884502452017 0
      vertex -16.790680836331102 -8.855884502452017 12
      vertex -16.8 -8.5 0
    endloop
  endfacet
  facet normal 0.9996573249755571 0.02617694830787892 0
    outer loop
      vertex -14.793421766821954 -8.75121258996613 0
      vertex -14.8 -8.5 0
      vertex -14.8 -8.5 12
    endloop
  endfacet
  facet normal 0.9996573249755571 -0.02617694830787892 0
    outer loop
      vertex -14.8 -8.5 0
      vertex -14.793421766821954 -8.24878741003387 0
      vertex -14.793421766821954 -8.24878741003387 12
    endloop
  endfacet
  facet normal 0.9969173337331282 -0.07845909572784274 0
    outer loop
      vertex -14.793421766821954 -8.24878741003387 0
      vertex -14.773705097767712 -7.998263376315263 0
      vertex -14.773705097767712 -7.998263376315263 12
    endloop
  endfacet
  facet normal 0.9914448613738109 -0.13052619222004722 0
    outer loop
      vertex -14.773705097767712 -7.998263376315263 0
      vertex -14.740904034856662 -7.749114567806892 0
      vertex -14.740904034856662 -7.749114567806892 12
    endloop
  endfacet
  facet normal 0.983254907563954 -0.1822355254921514 0
    outer loop
      vertex -14.740904034856662 -7.749114567806892 0
      vertex -14.695108483522267 -7.502023884074755 0
      vertex -14.695108483522267 -7.502023884074755 12
    endloop
  endfacet
  facet normal 0.972369920397677 -0.2334453638559041 0
    outer loop
      vertex -14.636443966187528 -7.2576685835079005 0
      vertex -14.636443966187528 -7.2576685835079005 12
      vertex -14.695108483522267 -7.502023884074755 0
    endloop
  endfacet
  facet normal 0.9588197348681917 -0.28401534470392686 0
    outer loop
      vertex -14.636443966187528 -7.2576685835079005 0
      vertex -14.565071278216736 -7.016718427000253 0
      vertex -14.565071278216736 -7.016718427000253 12
    endloop
  endfacet
  facet normal 0.9426414910921799 -0.3338068592337667 0
    outer loop
      vertex -14.565071278216736 -7.016718427000253 0
      vertex -14.481186047186569 -6.779833842182558 0
      vertex -14.481186047186569 -6.779833842182558 12
    endloop
  endfacet
  facet normal -0.9996573249755571 0.02617694830787559 0
    outer loop
      vertex -16.8 -8.5 0
      vertex -16.8 -8.5 12
      vertex -16.790680836331102 -8.144115497547983 0
    endloop
  endfacet
  facet normal -0.996917333733128 0.07845909572784407 0
    outer loop
      vertex -16.790680836331102 -8.144115497547983 0
      vertex -16.790680836331102 -8.144115497547983 12
      vertex -16.76274888850426 -7.7892064497799565 0
    endloop
  endfacet
  facet normal -0.991444861373811 0.13052619222004674 0
    outer loop
      vertex -16.76274888850426 -7.7892064497799565 0
      vertex -16.76274888850426 -7.7892064497799565 12
      vertex -16.71628071604694 -7.43624563772643 0
    endloop
  endfacet
  facet normal -0.9832549075639546 0.18223552549214783 0
    outer loop
      vertex -16.71628071604694 -7.43624563772643 0
      vertex -16.71628071604694 -7.43624563772643 12
      vertex -16.65140368498988 -7.086200502439237 0
    endloop
  endfacet
  facet normal -0.9723699203976749 0.23344536385591208 0
    outer loop
      vertex -16.65140368498988 -7.086200502439237 0
      vertex -16.65140368498988 -7.086200502439237 12
      vertex -16.568295618765664 -6.740030493302859 0
    endloop
  endfacet
  facet normal 0 0 -1
    outer loop
      vertex -3.4317043812343355 -6.740030493302859 0
      vertex -5.614981803315516 -6.547664113236159 0
      vertex -3.5328156891929563 -6.398684438250358 0
    endloop
  endfacet
  facet normal 0 0 -1
    outer loop
      vertex -3.5328156891929563 -6.398684438250358 0
      vertex -5.723168683895834 -6.320845601250175 0
      vertex -3.651653099819028 -6.063097943091958 0
    endloop
  endfacet
  facet normal 0 0 -1
    outer loop
      vertex -3.4317043812343355 -6.740030493302859 0
      vertex -5.5188139528134315 -6.779833842182558 0
      vertex -5.614981803315516 -6.547664113236159 0
    endloop
  endfacet
  facet normal 0 0 -1
    outer loop
      vertex -3.5328156891929563 -6.398684438250358 0
      vertex -5.614981803315516 -6.547664113236159 0
      vertex -5.723168683895834 -6.320845601250175 0
    endloop
  endfacet
  facet normal 0 0 -1
    outer loop
      vertex -3.651653099819028 -6.063097943091958 0
      vertex -5.974381273861964 -5.88573263192787 0
      vertex -3.787890888030314 -5.734190827084559 0
    endloop
  endfacet
  facet normal 0 0 -1
    outer loop
      vertex -3.651653099819028 -6.063097943091958 0
      vertex -5.723168683895834 -6.320845601250175 0
      vertex -5.843078061834695 -6.1 0
    endloop
  endfacet
  facet normal 0 0 -1
    outer loop
      vertex -3.651653099819028 -6.063097943091958 0
      vertex -5.843078061834695 -6.1 0
      vertex -5.974381273861964 -5.88573263192787 0
    endloop
  endfacet
  facet normal 0 0 -1
    outer loop
      vertex -3.787890888030314 -5.734190827084559 0
      vertex -5.974381273861964 -5.88573263192787 0
      vertex -6.116718427000253 -5.678630788996129 0
    endloop
  endfacet
  facet normal 0 0 -1
    outer loop
      vertex -3.787890888030314 -5.734190827084559 0
      vertex -6.26969938500654 -5.4792621229607805 0
      vertex -3.941155635519099 -5.412864601771082 0
    endloop
  endfacet
  facet normal 0 0 -1
    outer loop
      vertex -3.941155635519099 -5.412864601771082 0
      vertex -6.432904837708508 -5.28817308947748 0
      vertex -4.111027254265817 -5.1 0
    endloop
  endfacet
  facet normal 0 0 -1
    outer loop
      vertex -3.787890888030314 -5.734190827084559 0
      vertex -6.116718427000253 -5.678630788996129 0
      vertex -6.26969938500654 -5.4792621229607805 0
    endloop
  endfacet
  facet normal 0 0 -1
    outer loop
      vertex -3.941155635519099 -5.412864601771082 0
      vertex -6.26969938500654 -5.4792621229607805 0
      vertex -6.432904837708508 -5.28817308947748 0
    endloop
  endfacet
  facet normal 0 0 -1
    outer loop
      vertex -4.111027254265817 -5.1 0
      vertex -6.78817308947748 -4.932904837708508 0
      vertex -4.297040137971116 -4.796454561897816 0
    endloop
  endfacet
  facet normal 0 0 -1
    outer loop
      vertex -4.111027254265817 -5.1 0
      vertex -6.432904837708508 -5.28817308947748 0
      vertex -6.6058874503045715 -5.1058874503045715 0
    endloop
  endfacet
  facet normal 0 0 -1
    outer loop
      vertex -4.111027254265817 -5.1 0
      vertex -6.6058874503045715 -5.1058874503045715 0
      vertex -6.78817308947748 -4.932904837708508 0
    endloop
  endfacet
  facet normal 0 0 -1
    outer loop
      vertex -4.297040137971116 -4.796454561897816 0
      vertex -7.178630788996129 -4.616718427000253 0
      vertex -4.498684438250358 -4.503060284411182 0
    endloop
  endfacet
  facet normal 0 0 -1
    outer loop
      vertex -4.498684438250358 -4.503060284411182 0
      vertex -7.6 -4.343078061834695 0
      vertex -4.715407462092598 -4.220621340861106 0
    endloop
  endfacet
  facet normal 0 0 -1
    outer loop
      vertex -4.715407462092598 -4.220621340861106 0
      vertex -7.85984209361363 -3.497060532642784 0
      vertex -4.94661518675372 -3.9499118767597645 0
    endloop
  endfacet
  facet normal 0 0 -1
    outer loop
      vertex -4.94661518675372 -3.9499118767597645 0
      vertex -5.396753573848945 -3.497060532642784 0
      vertex -5.1916738879314765 -3.6916738879314765 0
    endloop
  endfacet
  facet normal 0.6883545756937517 0.7253743710122897 -4.406798228741868e-15
    outer loop
      vertex -5.1916738879314765 -3.6916738879314765 0
      vertex -5.396753573848945 -3.497060532642784 0
      vertex -5.4499118767597645 -3.4466151867537196 0.038985641453202824
    endloop
  endfacet
  facet normal 3.819955987390886e-14 0.6114980476219588 -0.791245940118831
    outer loop
      vertex -5.396753573848945 -3.497060532642784 0
      vertex -5.720621340861106 -3.215407462092598 0.21766974592285404
      vertex -5.4499118767597645 -3.4466151867537196 0.038985641453202824
    endloop
  endfacet
  facet normal 1.5343857189967514e-14 0.6114980476219404 -0.7912459401188453
    outer loop
      vertex -5.396753573848945 -3.497060532642784 0
      vertex -6.001345813678249 -2.9999999979138376 0.3841429461123127
      vertex -5.720621340861106 -3.215407462092598 0.21766974592285404
    endloop
  endfacet
  facet normal 0 0 -1
    outer loop
      vertex -4.297040137971116 -4.796454561897816 0
      vertex -6.78817308947748 -4.932904837708508 0
      vertex -6.9792621229607805 -4.76969938500654 0
    endloop
  endfacet
  facet normal 0 0 -1
    outer loop
      vertex -4.297040137971116 -4.796454561897816 0
      vertex -6.9792621229607805 -4.76969938500654 0
      vertex -7.178630788996129 -4.616718427000253 0
    endloop
  endfacet
  facet normal 0 0 -1
    outer loop
      vertex -4.498684438250358 -4.503060284411182 0
      vertex -7.178630788996129 -4.616718427000253 0
      vertex -7.38573263192787 -4.474381273861964 0
    endloop
  endfacet
  facet normal 0 0 -1
    outer loop
      vertex -4.498684438250358 -4.503060284411182 0
      vertex -7.38573263192787 -4.474381273861964 0
      vertex -7.6 -4.343078061834695 0
    endloop
  endfacet
  facet normal 0 0 -1
    outer loop
      vertex -4.715407462092598 -4.220621340861106 0
      vertex -7.6 -4.343078061834695 0
      vertex -7.820845601250175 -4.223168683895834 0
    endloop
  endfacet
  facet normal 0 0 -1
    outer loop
      vertex -4.715407462092598 -4.220621340861106 0
      vertex -7.820845601250175 -4.223168683895834 0
      vertex -7.85984209361363 -3.497060532642784 0
    endloop
  endfacet
  facet normal 0 0 -1
    outer loop
      vertex -7.820845601250175 -4.223168683895834 0
      vertex -7.85984209361363 -4.204568311177416 0
      vertex -7.85984209361363 -3.497060532642784 0
    endloop
  endfacet
  facet normal -0.36350797056382983 0 -0.931591088051279
    outer loop
      vertex -7.85984209361363 -4.204568311177416 0
      vertex -8.04766411323616 -4.114981803315516 0.07328837947881617
      vertex -7.85984209361363 -3.497060532642784 0
    endloop
  endfacet
  facet normal -0.36350797056385176 7.681437137749094e-15 -0.9315910880512704
    outer loop
      vertex -8.04766411323616 -4.114981803315516 0.07328837947881617
      vertex -8.051803184771899 -4.113267343749779 0.0749034502038084
      vertex -7.85984209361363 -3.497060532642784 0
    endloop
  endfacet
  facet normal 0 0 -1
    outer loop
      vertex -4.94661518675372 -3.9499118767597645 0
      vertex -7.85984209361363 -3.497060532642784 0
      vertex -5.396753573848945 -3.497060532642784 0
    endloop
  endfacet
  facet normal 0 0.6114980476219295 -0.7912459401188535
    outer loop
      vertex -5.396753573848945 -3.497060532642784 0
      vertex -7.85984209361363 -3.497060532642784 0
      vertex -6.001345813678249 -2.9999999979138376 0.3841429461123127
    endloop
  endfacet
  facet normal 8.962333200766586e-17 0.6114980476219294 -0.7912459401188537
    outer loop
      vertex -6.001345813678249 -2.9999999979138376 0.3841429461123127
      vertex -7.85984209361363 -3.497060532642784 0
      vertex -5.50078660049929 -2.3387253366682184 0.8951953810010256
    endloop
  endfacet
  facet normal -0.3635079705638304 0 -0.9315910880512788
    outer loop
      vertex -8.051803184771899 -4.113267343749779 0.0749034502038084
      vertex -8.051803184771899 -3.400139453164046 0.0749034502038084
      vertex -7.85984209361363 -3.497060532642784 0
    endloop
  endfacet
  facet normal -1.9478145096638014e-16 0.6114980476219299 -0.7912459401188532
    outer loop
      vertex -5.50078660049929 -2.3387253366682184 0.8951953810010256
      vertex -7.85984209361363 -3.497060532642784 0
      vertex -8.051803184771899 -3.400139453164046 0.0749034502038084
    endloop
  endfacet
  facet normal -1.8083829804593943e-16 0.6114980476219297 -0.7912459401188534
    outer loop
      vertex -5.50078660049929 -2.3387253366682184 0.8951953810010256
      vertex -8.051803184771899 -3.400139453164046 0.0749034502038084
      vertex -8.527087077155205 -3.217048381094465 0.2164015956359826
    endloop
  endfacet
  facet normal -1.0650659054221477e-16 0.6114980476219293 -0.7912459401188536
    outer loop
      vertex -5.50078660049929 -2.3387253366682184 0.8951953810010256
      vertex -8.527087077155205 -3.217048381094465 0.2164015956359826
      vertex -9.012432458315596 -3.085368300492702 0.31816782041633473
    endloop
  endfacet
  facet normal -0.2853362242491055 0 -0.9584274824582527
    outer loop
      vertex -8.051803184771899 -4.113267343749779 0.0749034502038084
      vertex -8.279833842182558 -4.0188139528134315 0.14279111827412905
      vertex -8.051803184771899 -3.400139453164046 0.0749034502038084
    endloop
  endfacet
  facet normal -0.28533622424910415 -5.418832175933859e-16 -0.958427482458253
    outer loop
      vertex -8.279833842182558 -4.0188139528134315 0.14279111827412905
      vertex -8.516718427000253 -3.9349287217832636 0.21331471474001162
      vertex -8.051803184771899 -3.400139453164046 0.0749034502038084
    endloop
  endfacet
  facet normal -0.2853362242491118 7.629968811387515e-15 -0.9584274824582508
    outer loop
      vertex -8.051803184771899 -3.400139453164046 0.0749034502038084
      vertex -8.516718427000253 -3.9349287217832636 0.21331471474001162
      vertex -8.527087077155205 -3.931857387682826 0.2164015956359826
    endloop
  endfacet
  facet normal -0.28533622424910493 0 -0.9584274824582528
    outer loop
      vertex -8.051803184771899 -3.400139453164046 0.0749034502038084
      vertex -8.527087077155205 -3.931857387682826 0.2164015956359826
      vertex -8.527087077155205 -3.217048381094465 0.2164015956359826
    endloop
  endfacet
  facet normal -0.20521534219563448 0 -0.9787168453273544
    outer loop
      vertex -8.527087077155205 -3.931857387682826 0.2164015956359826
      vertex -8.7576685835079 -3.863556033812472 0.2647494532988661
      vertex -8.527087077155205 -3.217048381094465 0.2164015956359826
    endloop
  endfacet
  facet normal -0.2052153421956365 7.622588272462174e-16 -0.9787168453273539
    outer loop
      vertex -8.7576685835079 -3.863556033812472 0.2647494532988661
      vertex -9.002023884074756 -3.804891516477733 0.31598537190244613
      vertex -8.527087077155205 -3.217048381094465 0.2164015956359826
    endloop
  endfacet
  facet normal -0.20521534219562113 -1.2248152292933625e-14 -0.9787168453273573
    outer loop
      vertex -9.002023884074756 -3.804891516477733 0.31598537190244613
      vertex -9.012432458315596 -3.802962401268837 0.31816782041633473
      vertex -8.527087077155205 -3.217048381094465 0.2164015956359826
    endloop
  endfacet
  facet normal -0.2052153421956353 0 -0.9787168453273544
    outer loop
      vertex -9.012432458315596 -3.802962401268837 0.31816782041633473
      vertex -9.012432458315596 -3.085368300492702 0.31816782041633473
      vertex -8.527087077155205 -3.217048381094465 0.2164015956359826
    endloop
  endfacet
  facet normal -0.12369263126934826 0 -0.992320579737045
    outer loop
      vertex -9.012432458315596 -3.802962401268837 0.31816782041633473
      vertex -9.249114567806892 -3.759095965143339 0.3476702145973727
      vertex -9.012432458315596 -3.085368300492702 0.31816782041633473
    endloop
  endfacet
  facet normal -0.12369263126934715 -3.871691574608861e-16 -0.9923205797370451
    outer loop
      vertex -9.249114567806892 -3.759095965143339 0.3476702145973727
      vertex -9.498263376315263 -3.726294902232288 0.37872658119030334
      vertex -9.012432458315596 -3.085368300492702 0.31816782041633473
    endloop
  endfacet
  facet normal -0.12369263126935263 3.833440889748531e-15 -0.9923205797370445
    outer loop
      vertex -9.498263376315263 -3.726294902232288 0.37872658119030334
      vertex -9.504523927166007 -3.7258021861946724 0.3795069580400199
      vertex -9.012432458315596 -3.085368300492702 0.31816782041633473
    endloop
  endfacet
  facet normal -0.12369263126934776 0 -0.9923205797370451
    outer loop
      vertex -9.504523927166007 -3.7258021861946724 0.3795069580400199
      vertex -9.504523927166007 -3.0059987198311138 0.3795069580400199
      vertex -9.012432458315596 -3.085368300492702 0.31816782041633473
    endloop
  endfacet
  facet normal -0.04132497424881231 0 -0.999145758387301
    outer loop
      vertex -9.504523927166007 -3.7258021861946724 0.3795069580400199
      vertex -9.74878741003387 -3.706578233178046 0.3896097704222017
      vertex -9.504523927166007 -3.0059987198311138 0.3795069580400199
    endloop
  endfacet
  facet normal -0.04132497424881252 7.319382323299192e-17 -0.999145758387301
    outer loop
      vertex -9.74878741003387 -3.706578233178046 0.3896097704222017
      vertex -10 -3.7 0.40000000000000036
      vertex -9.504523927166007 -3.0059987198311138 0.3795069580400199
    endloop
  endfacet
  facet normal -0.04132497424881243 0 -0.9991457583873011
    outer loop
      vertex -10 -3.7 0.40000000000000036
      vertex -10 -2.9794818138253154 0.40000000000000036
      vertex -9.504523927166007 -3.0059987198311138 0.3795069580400199
    endloop
  endfacet
  facet normal 1 0 0
    outer loop
      vertex -1.9900000000000002 -2.01 1.1547005383792515
      vertex -1.9900000000000002 -2 1.1547005383792515
      vertex -1.9900000000000002 -2 1.1547005400061607
    endloop
  endfacet
  facet normal 0 0 -1
    outer loop
      vertex -1.9900000000000002 -2.01 1.1547005383792515
      vertex -5.246658306915352 -2.00293946946235 1.1547005383792515
      vertex -1.9900000000000002 -2 1.1547005383792515
    endloop
  endfacet
  facet normal 0 0 -1
    outer loop
      vertex -1.9900000000000002 -2 1.1547005400061607
      vertex -4.866025403784438 -1.5100000000000002 1.1547005400061607
      vertex -1.9900000000000002 -1.5 1.1547005400061607
    endloop
  endfacet
  facet normal 0 0 -1
    outer loop
      vertex -1.9900000000000002 -2 1.1547005400061607
      vertex -4.873593569983358 -1.5100000000000002 1.1547005400061607
      vertex -4.866025403784438 -1.5100000000000002 1.1547005400061607
    endloop
  endfacet
  facet normal 0 0 -1
    outer loop
      vertex -1.9900000000000002 -1.5 1.1547005400061607
      vertex -4.866025403784438 -1.5100000000000002 1.1547005400061607
      vertex -4.866025403784438 -1.5 1.1547005400061607
    endloop
  endfacet
  facet normal 0 0.6114980476219294 -0.7912459401188536
    outer loop
      vertex -6.001250192523003 -2.9999999979138376 0.3841429461123127
      vertex -6.001345813678249 -2.9999999979138376 0.3841429461123127
      vertex -5.50078660049929 -2.3387253366682184 0.8951953810010256
    endloop
  endfacet
  facet normal 0 0 -1
    outer loop
      vertex -1.9900000000000002 -2.01 1.1547005383792515
      vertex -5.252001833110366 -2.01 1.1547005383792515
      vertex -5.246658306915352 -2.00293946946235 1.1547005383792515
    endloop
  endfacet
  facet normal 0.7973834519379764 -0.603472974188138 0
    outer loop
      vertex -5.50078660049929 -2.3387253366682184 0.8951953810010256
      vertex -5.252001833110366 -2.01 1.1492439534920047
      vertex -5.252001833110366 -2.01 1.1547005383792515
    endloop
  endfacet
  facet normal 0 0 -1
    outer loop
      vertex -1.9900000000000002 -2 1.1547005400061607
      vertex -5.236865504164129 -1.9900000020861626 1.1547005400061607
      vertex -4.873593569983358 -1.5100000000000002 1.1547005400061607
    endloop
  endfacet
  facet normal 0 0 -1
    outer loop
      vertex -4.873593569983358 -1.5100000000000002 1.1547005400061607
      vertex -4.866025403784438 -1.5 1.1547005400061607
      vertex -4.866025403784438 -1.5100000000000002 1.1547005400061607
    endloop
  endfacet
  facet normal 0 1 0
    outer loop
      vertex -18.009999999999998 -2 1.1547005400061607
      vertex -1.9900000000000002 -2 1.1547005400061607
      vertex -1.9900000000000002 -2 1.1547005383792515
    endloop
  endfacet
  facet normal 0 0.611498047621929 -0.791245940118854
    outer loop
      vertex -5.50078660049929 -2.3387253366682184 0.8951953810010256
      vertex -9.012432458315596 -3.085368300492702 0.31816782041633473
      vertex -9.504523927166007 -3.0059987198311138 0.3795069580400199
    endloop
  endfacet
  facet normal 1.0055977431201915e-16 0.6114980476219289 -0.791245940118854
    outer loop
      vertex -5.50078660049929 -2.3387253366682184 0.8951953810010256
      vertex -9.504523927166007 -3.0059987198311138 0.3795069580400199
      vertex -10 -2.9794818138253154 0.40000000000000036
    endloop
  endfacet
  facet normal 1.7783675416095042e-17 0.6114980476219292 -0.7912459401188537
    outer loop
      vertex -5.50078660049929 -2.3387253366682184 0.8951953810010256
      vertex -10 -2.9794818138253154 0.40000000000000036
      vertex -13.998654186321751 -2.9999999979138376 0.3841429461123127
    endloop
  endfacet
  facet normal -1.085969626850298e-16 0.6114980476219303 -0.791245940118853
    outer loop
      vertex -5.50078660049929 -2.3387253366682184 0.8951953810010256
      vertex -13.998749807476997 -2.9999999979138376 0.3841429461123127
      vertex -5.252001833110366 -2.01 1.1492439534920047
    endloop
  endfacet
  facet normal 0 1 0
    outer loop
      vertex -5.252001833110366 -2.01 1.1492439534920047
      vertex -14.747998166889634 -2.01 1.1492439534920047
      vertex -5.252001833110366 -2.01 1.1547005383792515
    endloop
  endfacet
  facet normal 0 0 -1
    outer loop
      vertex -5.252001833110366 -2.01 1.1547005383792515
      vertex -14.747998166889634 -2.01 1.1547005383792515
      vertex -5.246658306915352 -2.00293946946235 1.1547005383792515
    endloop
  endfacet
  facet normal 0 0 -1
    outer loop
      vertex -18.009999999999998 -2 1.1547005383792515
      vertex -1.9900000000000002 -2 1.1547005383792515
      vertex -5.246658306915352 -2.00293946946235 1.1547005383792515
    endloop
  endfacet
  facet normal 0 0 -1
    outer loop
      vertex -18.009999999999998 -2 1.1547005400061607
      vertex -5.236865504164129 -1.9900000020861626 1.1547005400061607
      vertex -1.9900000000000002 -2 1.1547005400061607
    endloop
  endfacet
  facet normal 0 0 -1
    outer loop
      vertex -4.873593569983358 -1.5100000000000002 1.1547005400061607
      vertex -5.236865504164129 -1.9900000020861626 1.1547005400061607
      vertex -14.763134495835871 -1.9900000020861626 1.1547005400061607
    endloop
  endfacet
  facet normal 0 0 -1
    outer loop
      vertex -4.873593569983358 -1.5100000000000002 1.1547005400061607
      vertex -15.133974596215563 -1.5 1.1547005400061607
      vertex -4.866025403784438 -1.5 1.1547005400061607
    endloop
  endfacet
  facet normal 0 -0.5000000005283542 -0.8660254034793932
    outer loop
      vertex -18.009999999999998 0.5 0
      vertex -1.9900000000000002 0.5 0
      vertex -1.9900000000000002 -1.5 1.1547005400061607
    endloop
  endfacet
  facet normal 0 0 -1
    outer loop
      vertex -18.009999999999998 1 0
      vertex -1.9900000000000002 1 0
      vertex -1.9900000000000002 0.5 0
    endloop
  endfacet
  facet normal 0 -0.5000000005283544 -0.8660254034793932
    outer loop
      vertex -18.009999999999998 0.5 0
      vertex -1.9900000000000002 -1.5 1.1547005400061607
      vertex -4.866025403784438 -1.5 1.1547005400061607
    endloop
  endfacet
  facet normal 0.9588197348681924 0.28401534470392475 0
    outer loop
      vertex -3.4317043812343355 -6.740030493302859 0
      vertex -3.5328156891929563 -6.398684438250358 0
      vertex -3.5328156891929563 -6.398684438250358 12
    endloop
  endfacet
  facet normal 0.942641491092179 0.3338068592337693 0
    outer loop
      vertex -3.5328156891929563 -6.398684438250358 0
      vertex -3.651653099819028 -6.063097943091958 0
      vertex -3.651653099819028 -6.063097943091958 12
    endloop
  endfacet
  facet normal 0.9238795325112864 0.3826834323650904 0
    outer loop
      vertex -3.651653099819028 -6.063097943091958 0
      vertex -3.787890888030314 -5.734190827084559 0
      vertex -3.787890888030314 -5.734190827084559 12
    endloop
  endfacet
  facet normal 0.9025852843498607 0.43051109680829486 0
    outer loop
      vertex -3.787890888030314 -5.734190827084559 0
      vertex -3.941155635519099 -5.412864601771082 0
      vertex -3.941155635519099 -5.412864601771082 12
    endloop
  endfacet
  facet normal -0.9025852843498606 -0.43051109680829525 0
    outer loop
      vertex -5.614981803315516 -6.547664113236159 0
      vertex -5.614981803315516 -6.547664113236159 12
      vertex -5.723168683895834 -6.320845601250175 0
    endloop
  endfacet
  facet normal -0.8788171126619652 -0.4771587602596088 0
    outer loop
      vertex -5.723168683895834 -6.320845601250175 0
      vertex -5.723168683895834 -6.320845601250175 12
      vertex -5.843078061834695 -6.1 0
    endloop
  endfacet
  facet normal -0.8526401643540931 -0.5224985647159475 0
    outer loop
      vertex -5.843078061834695 -6.1 0
      vertex -5.843078061834695 -6.1 12
      vertex -5.974381273861964 -5.88573263192787 0
    endloop
  endfacet
  facet normal 0.8788171126619658 0.4771587602596075 0
    outer loop
      vertex -3.941155635519099 -5.412864601771082 0
      vertex -4.111027254265817 -5.1 0
      vertex -4.111027254265817 -5.1 12
    endloop
  endfacet
  facet normal 0.8526401643540923 0.5224985647159488 0
    outer loop
      vertex -4.111027254265817 -5.1 0
      vertex -4.297040137971116 -4.796454561897816 0
      vertex -4.297040137971116 -4.796454561897816 12
    endloop
  endfacet
  facet normal 0.8241261886220156 0.5664062369248328 0
    outer loop
      vertex -4.297040137971116 -4.796454561897816 0
      vertex -4.498684438250358 -4.503060284411182 0
      vertex -4.498684438250358 -4.503060284411182 12
    endloop
  endfacet
  facet normal 0.7933533402912345 0.6087614290087217 0
    outer loop
      vertex -4.498684438250358 -4.503060284411182 0
      vertex -4.715407462092598 -4.220621340861106 0
      vertex -4.715407462092598 -4.220621340861106 12
    endloop
  endfacet
  facet normal 0.7604059656000306 0.6494480483301842 0
    outer loop
      vertex -4.715407462092598 -4.220621340861106 0
      vertex -4.94661518675372 -3.9499118767597645 0
      vertex -4.94661518675372 -3.9499118767597645 12
    endloop
  endfacet
  facet normal 0.7253743710122895 0.6883545756937521 0
    outer loop
      vertex -4.94661518675372 -3.9499118767597645 0
      vertex -5.1916738879314765 -3.6916738879314765 0
      vertex -5.1916738879314765 -3.6916738879314765 12
    endloop
  endfacet
  facet normal 0.6883545756937521 0.7253743710122895 0
    outer loop
      vertex -5.1916738879314765 -3.6916738879314765 0
      vertex -5.4499118767597645 -3.4466151867537196 0.038985641453202824
      vertex -5.1916738879314765 -3.6916738879314765 12
    endloop
  endfacet
  facet normal 0.6494480483301841 0.7604059656000306 0
    outer loop
      vertex -5.4499118767597645 -3.4466151867537196 0.038985641453202824
      vertex -5.720621340861106 -3.215407462092598 0.21766974592285404
      vertex -5.4499118767597645 -3.4466151867537196 11.961014358546798
    endloop
  endfacet
  facet normal 0.6087614290087213 0.7933533402912346 0
    outer loop
      vertex -5.720621340861106 -3.215407462092598 0.21766974592285404
      vertex -6.001345813678249 -2.9999999979138376 0.3841429461123127
      vertex -5.720621340861106 -3.215407462092598 11.782330254077145
    endloop
  endfacet
  facet normal -0.8241261886220148 -0.5664062369248342 0
    outer loop
      vertex -5.974381273861964 -5.88573263192787 0
      vertex -5.974381273861964 -5.88573263192787 12
      vertex -6.116718427000253 -5.678630788996129 0
    endloop
  endfacet
  facet normal -0.7933533402912353 -0.6087614290087204 0
    outer loop
      vertex -6.116718427000253 -5.678630788996129 0
      vertex -6.116718427000253 -5.678630788996129 12
      vertex -6.26969938500654 -5.4792621229607805 0
    endloop
  endfacet
  facet normal -0.760405965600032 -0.6494480483301822 0
    outer loop
      vertex -6.26969938500654 -5.4792621229607805 0
      vertex -6.26969938500654 -5.4792621229607805 12
      vertex -6.432904837708508 -5.28817308947748 0
    endloop
  endfacet
  facet normal -0.7253743710122882 -0.6883545756937534 0
    outer loop
      vertex -6.432904837708508 -5.28817308947748 0
      vertex -6.432904837708508 -5.28817308947748 12
      vertex -6.6058874503045715 -5.1058874503045715 0
    endloop
  endfacet
  facet normal -0.6883545756937534 -0.7253743710122882 0
    outer loop
      vertex -6.6058874503045715 -5.1058874503045715 0
      vertex -6.6058874503045715 -5.1058874503045715 12
      vertex -6.78817308947748 -4.932904837708508 0
    endloop
  endfacet
  facet normal -0.6494480483301822 -0.760405965600032 0
    outer loop
      vertex -6.78817308947748 -4.932904837708508 0
      vertex -6.78817308947748 -4.932904837708508 12
      vertex -6.9792621229607805 -4.76969938500654 0
    endloop
  endfacet
  facet normal -0.6087614290087204 -0.7933533402912353 0
    outer loop
      vertex -6.9792621229607805 -4.76969938500654 0
      vertex -6.9792621229607805 -4.76969938500654 12
      vertex -7.178630788996129 -4.616718427000253 0
    endloop
  endfacet
  facet normal -0.5664062369248342 -0.8241261886220148 0
    outer loop
      vertex -7.178630788996129 -4.616718427000253 0
      vertex -7.178630788996129 -4.616718427000253 12
      vertex -7.38573263192787 -4.474381273861964 0
    endloop
  endfacet
  facet normal -0.5224985647159475 -0.8526401643540931 0
    outer loop
      vertex -7.38573263192787 -4.474381273861964 0
      vertex -7.38573263192787 -4.474381273861964 12
      vertex -7.6 -4.343078061834695 0
    endloop
  endfacet
  facet normal -0.4771587602596088 -0.8788171126619652 0
    outer loop
      vertex -7.6 -4.343078061834695 0
      vertex -7.6 -4.343078061834695 12
      vertex -7.820845601250175 -4.223168683895834 0
    endloop
  endfacet
  facet normal -0.4305110968082844 -0.9025852843498658 0
    outer loop
      vertex -7.820845601250175 -4.223168683895834 0
      vertex -7.820845601250175 -4.223168683895834 12
      vertex -7.85984209361363 -4.204568311177416 0
    endloop
  endfacet
  facet normal -0.4305110968082974 -0.9025852843498595 0
    outer loop
      vertex -7.85984209361363 -4.204568311177416 0
      vertex -8.04766411323616 -4.114981803315516 11.926711620521187
      vertex -8.04766411323616 -4.114981803315516 0.07328837947881617
    endloop
  endfacet
  facet normal 0 -1 0
    outer loop
      vertex -6.001250192523003 -2.9999999979138376 0.3841429461123127
      vertex -6.001345813678249 -2.9999999979138376 11.615857053887687
      vertex -6.001345813678249 -2.9999999979138376 0.3841429461123127
    endloop
  endfacet
  facet normal -0.3826834323652106 -0.9238795325112367 0
    outer loop
      vertex -8.04766411323616 -4.114981803315516 0.07328837947881617
      vertex -8.04766411323616 -4.114981803315516 11.926711620521187
      vertex -8.051803184771899 -4.113267343749779 0.0749034502038084
    endloop
  endfacet
  facet normal -0.3826834323650888 -0.9238795325112872 0
    outer loop
      vertex -8.051803184771899 -4.113267343749779 0.0749034502038084
      vertex -8.279833842182558 -4.0188139528134315 11.857208881725873
      vertex -8.279833842182558 -4.0188139528134315 0.14279111827412905
    endloop
  endfacet
  facet normal -0.33380685923376663 -0.9426414910921799 0
    outer loop
      vertex -8.279833842182558 -4.0188139528134315 0.14279111827412905
      vertex -8.516718427000253 -3.9349287217832636 11.78668528525999
      vertex -8.516718427000253 -3.9349287217832636 0.21331471474001162
    endloop
  endfacet
  facet normal -0.28401534470392026 -0.9588197348681939 0
    outer loop
      vertex -8.516718427000253 -3.9349287217832636 0.21331471474001162
      vertex -8.516718427000253 -3.9349287217832636 11.78668528525999
      vertex -8.527087077155205 -3.931857387682826 0.2164015956359826
    endloop
  endfacet
  facet normal -0.2840153447039271 -0.9588197348681916 0
    outer loop
      vertex -8.527087077155205 -3.931857387682826 0.2164015956359826
      vertex -8.7576685835079 -3.863556033812472 11.735250546701137
      vertex -8.7576685835079 -3.863556033812472 0.2647494532988661
    endloop
  endfacet
  facet normal -0.23344536385590323 -0.9723699203976771 0
    outer loop
      vertex -8.7576685835079 -3.863556033812472 0.2647494532988661
      vertex -9.002023884074756 -3.804891516477733 11.684014628097556
      vertex -9.002023884074756 -3.804891516477733 0.31598537190244613
    endloop
  endfacet
  facet normal -0.18223552549215313 -0.9832549075639535 0
    outer loop
      vertex -9.002023884074756 -3.804891516477733 0.31598537190244613
      vertex -9.002023884074756 -3.804891516477733 11.684014628097556
      vertex -9.012432458315596 -3.802962401268837 0.31816782041633473
    endloop
  endfacet
  facet normal -0.1822355254921484 -0.9832549075639544 0
    outer loop
      vertex -9.012432458315596 -3.802962401268837 0.31816782041633473
      vertex -9.249114567806892 -3.759095965143339 11.652329785402628
      vertex -9.249114567806892 -3.759095965143339 0.3476702145973727
    endloop
  endfacet
  facet normal -0.13052619222005069 -0.9914448613738106 0
    outer loop
      vertex -9.249114567806892 -3.759095965143339 0.3476702145973727
      vertex -9.498263376315263 -3.726294902232288 11.621273418809698
      vertex -9.498263376315263 -3.726294902232288 0.37872658119030334
    endloop
  endfacet
  facet normal -0.07845909572783642 -0.9969173337331285 0
    outer loop
      vertex -9.498263376315263 -3.726294902232288 0.37872658119030334
      vertex -9.498263376315263 -3.726294902232288 11.621273418809698
      vertex -9.504523927166007 -3.7258021861946724 0.3795069580400199
    endloop
  endfacet
  facet normal -0.07845909572784289 -0.9969173337331282 0
    outer loop
      vertex -9.504523927166007 -3.7258021861946724 0.3795069580400199
      vertex -9.74878741003387 -3.706578233178046 11.610390229577801
      vertex -9.74878741003387 -3.706578233178046 0.3896097704222017
    endloop
  endfacet
  facet normal -0.02617694830787539 -0.9996573249755573 0
    outer loop
      vertex -9.74878741003387 -3.706578233178046 0.3896097704222017
      vertex -10 -3.7 11.600000000000001
      vertex -10 -3.7 0.40000000000000036
    endloop
  endfacet
  facet normal 1 0 0
    outer loop
      vertex -1.9900000000000002 -2.01 1.1547005383792515
      vertex -1.9900000000000002 -2 1.1547005400061607
      vertex -1.9900000000000002 -2.01 10.845299461620748
    endloop
  endfacet
  facet normal 1 0 0
    outer loop
      vertex -1.9900000000000002 -2 1.1547005400061607
      vertex -1.9900000000000002 -1.5 1.1547005400061607
      vertex -1.9900000000000002 -1.5 10.84529945999384
    endloop
  endfacet
  facet normal 0 -1 0
    outer loop
      vertex -1.9900000000000002 -2.01 1.1547005383792515
      vertex -5.252001833110366 -2.01 10.845299461620748
      vertex -5.252001833110366 -2.01 1.1547005383792515
    endloop
  endfacet
  facet normal 0.7973834519379764 -0.6034729741881377 1.0349453096194111e-16
    outer loop
      vertex -6.001250192523003 -2.9999999979138376 0.3841429461123127
      vertex -5.50078660049929 -2.3387253366682184 0.8951953810010256
      vertex -5.252001833110367 -2.01 10.850756046507996
    endloop
  endfacet
  facet normal 0.7973834519379769 -0.6034729741881372 0
    outer loop
      vertex -5.50078660049929 -2.3387253366682184 0.8951953810010256
      vertex -5.252001833110366 -2.01 1.1547005383792515
      vertex -5.252001833110366 -2.01 10.845299461620748
    endloop
  endfacet
  facet normal 1 0 0
    outer loop
      vertex -1.9900000000000002 -1.5 1.1547005400061607
      vertex -1.9900000000000002 0.5 0
      vertex -1.9900000000000002 0.5 12
    endloop
  endfacet
  facet normal 1 0 0
    outer loop
      vertex -1.9900000000000002 0.5 0
      vertex -1.9900000000000002 1 0
      vertex -1.9900000000000002 1 12
    endloop
  endfacet
  facet normal 0.36350797056385453 0 -0.9315910880512693
    outer loop
      vertex -11.95233588676384 -4.114981803315516 0.07328837947881617
      vertex -11.948196815228101 -3.400139453164046 0.0749034502038084
      vertex -11.948196815228101 -4.113267343749779 0.0749034502038084
    endloop
  endfacet
  facet normal 0.2853362242491055 0 -0.9584274824582527
    outer loop
      vertex -11.948196815228101 -4.113267343749779 0.0749034502038084
      vertex -11.948196815228101 -3.400139453164046 0.0749034502038084
      vertex -11.720166157817442 -4.0188139528134315 0.14279111827412905
    endloop
  endfacet
  facet normal 0.1236926312693471 5.761834953936689e-17 -0.9923205797370451
    outer loop
      vertex -10.750885432193108 -3.759095965143339 0.3476702145973727
      vertex -10.495476072833993 -3.0059987198311138 0.3795069580400199
      vertex -10.501736623684737 -3.726294902232288 0.37872658119030334
    endloop
  endfacet
  facet normal 0.12369263126934826 0 -0.992320579737045
    outer loop
      vertex -10.750885432193108 -3.759095965143339 0.3476702145973727
      vertex -10.987567541684404 -3.802962401268837 0.31816782041633473
      vertex -10.987567541684404 -3.085368300492702 0.31816782041633473
    endloop
  endfacet
  facet normal 0.20521534219561896 0 -0.9787168453273577
    outer loop
      vertex -10.997976115925244 -3.804891516477733 0.31598537190244613
      vertex -10.987567541684404 -3.085368300492702 0.31816782041633473
      vertex -10.987567541684404 -3.802962401268837 0.31816782041633473
    endloop
  endfacet
  facet normal 0.12369263126934778 -1.744393422276325e-16 -0.992320579737045
    outer loop
      vertex -10.750885432193108 -3.759095965143339 0.3476702145973727
      vertex -10.987567541684404 -3.085368300492702 0.31816782041633473
      vertex -10.495476072833993 -3.0059987198311138 0.3795069580400199
    endloop
  endfacet
  facet normal 0.04132497424881253 0 -0.999145758387301
    outer loop
      vertex -10 -3.7 0.40000000000000036
      vertex -10.25121258996613 -3.706578233178046 0.3896097704222017
      vertex -10 -2.9794818138253154 0.40000000000000036
    endloop
  endfacet
  facet normal 0.04132497424881232 7.523890581475829e-17 -0.9991457583873011
    outer loop
      vertex -10 -2.9794818138253154 0.40000000000000036
      vertex -10.25121258996613 -3.706578233178046 0.3896097704222017
      vertex -10.495476072833993 -3.7258021861946724 0.3795069580400199
    endloop
  endfacet
  facet normal 0.12369263126935293 0 -0.9923205797370445
    outer loop
      vertex -10.501736623684737 -3.726294902232288 0.37872658119030334
      vertex -10.495476072833993 -3.0059987198311138 0.3795069580400199
      vertex -10.495476072833993 -3.7258021861946724 0.3795069580400199
    endloop
  endfacet
  facet normal 0.04132497424881242 0 -0.999145758387301
    outer loop
      vertex -10 -2.9794818138253154 0.40000000000000036
      vertex -10.495476072833993 -3.7258021861946724 0.3795069580400199
      vertex -10.495476072833993 -3.0059987198311138 0.3795069580400199
    endloop
  endfacet
  facet normal 0.20521534219563678 -2.6890237928937083e-16 -0.978716845327354
    outer loop
      vertex -10.997976115925244 -3.804891516477733 0.31598537190244613
      vertex -11.2423314164921 -3.863556033812472 0.2647494532988661
      vertex -10.987567541684404 -3.085368300492702 0.31816782041633473
    endloop
  endfacet
  facet normal 0.2853362242491133 0 -0.9584274824582503
    outer loop
      vertex -11.483281572999747 -3.9349287217832636 0.21331471474001162
      vertex -11.472912922844795 -3.217048381094465 0.2164015956359826
      vertex -11.472912922844795 -3.931857387682826 0.2164015956359826
    endloop
  endfacet
  facet normal 0.20521534219563448 0 -0.9787168453273544
    outer loop
      vertex -11.472912922844795 -3.931857387682826 0.2164015956359826
      vertex -11.472912922844795 -3.217048381094465 0.2164015956359826
      vertex -11.2423314164921 -3.863556033812472 0.2647494532988661
    endloop
  endfacet
  facet normal 0.20521534219563523 2.6147181793880354e-16 -0.9787168453273544
    outer loop
      vertex -11.2423314164921 -3.863556033812472 0.2647494532988661
      vertex -11.472912922844795 -3.217048381094465 0.2164015956359826
      vertex -10.987567541684404 -3.085368300492702 0.31816782041633473
    endloop
  endfacet
  facet normal 0.285336224249105 -1.9804937095489724e-16 -0.9584274824582527
    outer loop
      vertex -11.472912922844795 -3.217048381094465 0.2164015956359826
      vertex -11.720166157817442 -4.0188139528134315 0.14279111827412905
      vertex -11.948196815228101 -3.400139453164046 0.0749034502038084
    endloop
  endfacet
  facet normal 0.28533622424910393 1.4740726634905964e-16 -0.958427482458253
    outer loop
      vertex -11.483281572999747 -3.9349287217832636 0.21331471474001162
      vertex -11.720166157817442 -4.0188139528134315 0.14279111827412905
      vertex -11.472912922844795 -3.217048381094465 0.2164015956359826
    endloop
  endfacet
  facet normal 2.930827374069798e-17 0.611498047621929 -0.7912459401188541
    outer loop
      vertex -10.495476072833993 -3.0059987198311138 0.3795069580400199
      vertex -10.987567541684404 -3.085368300492702 0.31816782041633473
      vertex -13.998654186321751 -2.9999999979138376 0.3841429461123127
    endloop
  endfacet
  facet normal 2.6398586980146114e-17 0.6114980476219279 -0.7912459401188547
    outer loop
      vertex -10 -2.9794818138253154 0.40000000000000036
      vertex -10.495476072833993 -3.0059987198311138 0.3795069580400199
      vertex -13.998654186321751 -2.9999999979138376 0.3841429461123127
    endloop
  endfacet
  facet normal 0.36350797056382844 0 -0.9315910880512797
    outer loop
      vertex -11.95233588676384 -4.114981803315516 0.07328837947881617
      vertex -12.14015790638637 -4.204568311177416 0
      vertex -12.14015790638637 -3.497060532642784 0
    endloop
  endfacet
  facet normal 0 0 -1
    outer loop
      vertex -12.4 -4.343078061834695 0
      vertex -12.614267368072131 -4.474381273861964 0
      vertex -15.284592537907402 -4.220621340861106 0
    endloop
  endfacet
  facet normal 0 0 -1
    outer loop
      vertex -13.21182691052252 -4.932904837708508 0
      vertex -15.501315561749642 -4.503060284411182 0
      vertex -13.02073787703922 -4.76969938500654 0
    endloop
  endfacet
  facet normal 0 0 -1
    outer loop
      vertex -13.02073787703922 -4.76969938500654 0
      vertex -15.501315561749642 -4.503060284411182 0
      vertex -12.821369211003871 -4.616718427000253 0
    endloop
  endfacet
  facet normal 0 0 -1
    outer loop
      vertex -12.821369211003871 -4.616718427000253 0
      vertex -15.284592537907402 -4.220621340861106 0
      vertex -12.614267368072131 -4.474381273861964 0
    endloop
  endfacet
  facet normal 0 0 -1
    outer loop
      vertex -12.179154398749825 -4.223168683895834 0
      vertex -15.05338481324628 -3.9499118767597645 0
      vertex -12.14015790638637 -4.204568311177416 0
    endloop
  endfacet
  facet normal 0 0 -1
    outer loop
      vertex -12.4 -4.343078061834695 0
      vertex -15.284592537907402 -4.220621340861106 0
      vertex -12.179154398749825 -4.223168683895834 0
    endloop
  endfacet
  facet normal 0 0 -1
    outer loop
      vertex -12.14015790638637 -4.204568311177416 0
      vertex -15.05338481324628 -3.9499118767597645 0
      vertex -12.14015790638637 -3.497060532642784 0
    endloop
  endfacet
  facet normal 0.36350797056382883 1.7163528495856765e-16 -0.9315910880512794
    outer loop
      vertex -11.95233588676384 -4.114981803315516 0.07328837947881617
      vertex -12.14015790638637 -3.497060532642784 0
      vertex -11.948196815228101 -3.400139453164046 0.0749034502038084
    endloop
  endfacet
  facet normal 5.014802336099802e-17 0.6114980476219295 -0.7912459401188535
    outer loop
      vertex -11.472912922844795 -3.217048381094465 0.2164015956359826
      vertex -13.998654186321751 -2.9999999979138376 0.3841429461123127
      vertex -10.987567541684404 -3.085368300492702 0.31816782041633473
    endloop
  endfacet
  facet normal 9.707158681566683e-17 0.6114980476219297 -0.7912459401188533
    outer loop
      vertex -11.472912922844795 -3.217048381094465 0.2164015956359826
      vertex -11.948196815228101 -3.400139453164046 0.0749034502038084
      vertex -13.998654186321751 -2.9999999979138376 0.3841429461123127
    endloop
  endfacet
  facet normal 9.96279477345629e-17 0.6114980476219297 -0.7912459401188533
    outer loop
      vertex -11.948196815228101 -3.400139453164046 0.0749034502038084
      vertex -12.14015790638637 -3.497060532642784 0
      vertex -13.998654186321751 -2.9999999979138376 0.3841429461123127
    endloop
  endfacet
  facet normal 0 0 -1
    outer loop
      vertex -12.14015790638637 -3.497060532642784 0
      vertex -15.05338481324628 -3.9499118767597645 0
      vertex -14.808326112068524 -3.6916738879314765 0
    endloop
  endfacet
  facet normal -9.136985805599172e-17 0.6114980476219297 -0.7912459401188534
    outer loop
      vertex -12.14015790638637 -3.497060532642784 0
      vertex -14.550088123240236 -3.4466151867537196 0.038985641453202824
      vertex -14.279378659138894 -3.215407462092598 0.21766974592285404
    endloop
  endfacet
  facet normal 0 0 -1
    outer loop
      vertex -12.14015790638637 -3.497060532642784 0
      vertex -14.808326112068524 -3.6916738879314765 0
      vertex -14.603246426151056 -3.497060532642784 0
    endloop
  endfacet
  facet normal 0 0.6114980476219325 -0.7912459401188513
    outer loop
      vertex -12.14015790638637 -3.497060532642784 0
      vertex -14.603246426151056 -3.497060532642784 0
      vertex -14.550088123240236 -3.4466151867537196 0.038985641453202824
    endloop
  endfacet
  facet normal -2.644143788805266e-16 0.611498047621929 -0.7912459401188541
    outer loop
      vertex -12.14015790638637 -3.497060532642784 0
      vertex -14.279378659138894 -3.215407462092598 0.21766974592285404
      vertex -13.998654186321751 -2.9999999979138376 0.3841429461123127
    endloop
  endfacet
  facet normal 0 0 -1
    outer loop
      vertex -14.385018196684484 -6.547664113236159 0
      vertex -16.34834690018097 -6.063097943091958 0
      vertex -14.276831316104165 -6.320845601250175 0
    endloop
  endfacet
  facet normal 0 0 -1
    outer loop
      vertex -14.156921938165304 -6.1 0
      vertex -14.276831316104165 -6.320845601250175 0
      vertex -16.34834690018097 -6.063097943091958 0
    endloop
  endfacet
  facet normal 0 0 -1
    outer loop
      vertex -14.156921938165304 -6.1 0
      vertex -16.212109111969685 -5.734190827084559 0
      vertex -14.025618726138035 -5.88573263192787 0
    endloop
  endfacet
  facet normal 0 0 -1
    outer loop
      vertex -14.481186047186569 -6.779833842182558 0
      vertex -16.467184310807042 -6.398684438250358 0
      vertex -14.385018196684484 -6.547664113236159 0
    endloop
  endfacet
  facet normal 0 0 -1
    outer loop
      vertex -14.481186047186569 -6.779833842182558 0
      vertex -16.568295618765664 -6.740030493302859 0
      vertex -16.467184310807042 -6.398684438250358 0
    endloop
  endfacet
  facet normal 0 0 -1
    outer loop
      vertex -14.385018196684484 -6.547664113236159 0
      vertex -16.467184310807042 -6.398684438250358 0
      vertex -16.34834690018097 -6.063097943091958 0
    endloop
  endfacet
  facet normal 0 0 -1
    outer loop
      vertex -14.156921938165304 -6.1 0
      vertex -16.34834690018097 -6.063097943091958 0
      vertex -16.212109111969685 -5.734190827084559 0
    endloop
  endfacet
  facet normal 0 0 -1
    outer loop
      vertex -13.73030061499346 -5.4792621229607805 0
      vertex -15.888972745734183 -5.1 0
      vertex -13.567095162291492 -5.28817308947748 0
    endloop
  endfacet
  facet normal 0 0 -1
    outer loop
      vertex -14.025618726138035 -5.88573263192787 0
      vertex -16.0588443644809 -5.412864601771082 0
      vertex -13.883281572999747 -5.678630788996129 0
    endloop
  endfacet
  facet normal 0 0 -1
    outer loop
      vertex -13.883281572999747 -5.678630788996129 0
      vertex -16.0588443644809 -5.412864601771082 0
      vertex -13.73030061499346 -5.4792621229607805 0
    endloop
  endfacet
  facet normal 0 0 -1
    outer loop
      vertex -13.394112549695429 -5.1058874503045715 0
      vertex -13.567095162291492 -5.28817308947748 0
      vertex -15.888972745734183 -5.1 0
    endloop
  endfacet
  facet normal 0 0 -1
    outer loop
      vertex -13.394112549695429 -5.1058874503045715 0
      vertex -15.702959862028884 -4.796454561897816 0
      vertex -13.21182691052252 -4.932904837708508 0
    endloop
  endfacet
  facet normal 0 0 -1
    outer loop
      vertex -13.394112549695429 -5.1058874503045715 0
      vertex -15.888972745734183 -5.1 0
      vertex -15.702959862028884 -4.796454561897816 0
    endloop
  endfacet
  facet normal 0 0 -1
    outer loop
      vertex -14.025618726138035 -5.88573263192787 0
      vertex -16.212109111969685 -5.734190827084559 0
      vertex -16.0588443644809 -5.412864601771082 0
    endloop
  endfacet
  facet normal 0 0 -1
    outer loop
      vertex -13.73030061499346 -5.4792621229607805 0
      vertex -16.0588443644809 -5.412864601771082 0
      vertex -15.888972745734183 -5.1 0
    endloop
  endfacet
  facet normal 0 0 -1
    outer loop
      vertex -13.21182691052252 -4.932904837708508 0
      vertex -15.702959862028884 -4.796454561897816 0
      vertex -15.501315561749642 -4.503060284411182 0
    endloop
  endfacet
  facet normal 0 0 -1
    outer loop
      vertex -12.821369211003871 -4.616718427000253 0
      vertex -15.501315561749642 -4.503060284411182 0
      vertex -15.284592537907402 -4.220621340861106 0
    endloop
  endfacet
  facet normal 0 0 -1
    outer loop
      vertex -12.179154398749825 -4.223168683895834 0
      vertex -15.284592537907402 -4.220621340861106 0
      vertex -15.05338481324628 -3.9499118767597645 0
    endloop
  endfacet
  facet normal 0 0.6114980476210792 -0.7912459401195108
    outer loop
      vertex -5.50078660049929 -2.3387253366682184 0.8951953810010256
      vertex -13.998654186321751 -2.9999999979138376 0.3841429461123127
      vertex -13.998749807476997 -2.9999999979138376 0.3841429461123127
    endloop
  endfacet
  facet normal 0 0.6114980476219296 -0.7912459401188534
    outer loop
      vertex -5.252001833110366 -2.01 1.1492439534920047
      vertex -13.998749807476997 -2.9999999979138376 0.3841429461123127
      vertex -14.747998166889634 -2.01 1.1492439534920047
    endloop
  endfacet
  facet normal 0 1 0
    outer loop
      vertex -14.747998166889634 -2.01 1.1492439534920047
      vertex -14.747998166889634 -2.01 1.1547005383792515
      vertex -5.252001833110366 -2.01 1.1547005383792515
    endloop
  endfacet
  facet normal 0 0 -1
    outer loop
      vertex -14.753341693084648 -2.00293946946235 1.1547005383792515
      vertex -5.246658306915352 -2.00293946946235 1.1547005383792515
      vertex -14.747998166889634 -2.01 1.1547005383792515
    endloop
  endfacet
  facet normal 0 0 -1
    outer loop
      vertex -4.873593569983358 -1.5100000000000002 1.1547005400061607
      vertex -14.763134495835871 -1.9900000020861626 1.1547005400061607
      vertex -15.126406430016642 -1.5100000000000002 1.1547005400061607
    endloop
  endfacet
  facet normal 0 0 -1
    outer loop
      vertex -4.873593569983358 -1.5100000000000002 1.1547005400061607
      vertex -15.126406430016642 -1.5100000000000002 1.1547005400061607
      vertex -15.133974596215563 -1.5 1.1547005400061607
    endloop
  endfacet
  facet normal 0 0 -1
    outer loop
      vertex -18.009999999999998 -2 1.1547005383792515
      vertex -5.246658306915352 -2.00293946946235 1.1547005383792515
      vertex -14.753341693084648 -2.00293946946235 1.1547005383792515
    endloop
  endfacet
  facet normal 0 1 0
    outer loop
      vertex -18.009999999999998 -2 1.1547005383792515
      vertex -18.009999999999998 -2 1.1547005400061607
      vertex -1.9900000000000002 -2 1.1547005383792515
    endloop
  endfacet
  facet normal 0 0 -1
    outer loop
      vertex -18.009999999999998 -2 1.1547005400061607
      vertex -14.763134495835871 -1.9900000020861626 1.1547005400061607
      vertex -5.236865504164129 -1.9900000020861626 1.1547005400061607
    endloop
  endfacet
  facet normal 0 0 -1
    outer loop
      vertex -18.009999999999998 0.5 0
      vertex -18.009999999999998 1 0
      vertex -1.9900000000000002 0.5 0
    endloop
  endfacet
  facet normal 0 1 0
    outer loop
      vertex -18.009999999999998 1 0
      vertex -18.009999999999998 1 2.0499438226022457
      vertex -1.9900000000000002 1 0
    endloop
  endfacet
  facet normal 0 -0.5000000005283542 -0.8660254034793933
    outer loop
      vertex -18.009999999999998 0.5 0
      vertex -4.866025403784438 -1.5 1.1547005400061607
      vertex -15.133974596215563 -1.5 1.1547005400061607
    endloop
  endfacet
  facet normal 0 1 0
    outer loop
      vertex -16.25005650164707 1 3.8
      vertex -16.240000000000002 1 3.8
      vertex -1.9900000000000002 1 0
    endloop
  endfacet
  facet normal 0 1 0
    outer loop
      vertex -18.009999999999998 1 2.0499438226022457
      vertex -16.25005650164707 1 3.8
      vertex -1.9900000000000002 1 0
    endloop
  endfacet
  facet normal 0 0 -1
    outer loop
      vertex -18.009999999999998 -2.01 1.1547005383792515
      vertex -14.753341693084648 -2.00293946946235 1.1547005383792515
      vertex -14.747998166889634 -2.01 1.1547005383792515
    endloop
  endfacet
  facet normal 0 0 -1
    outer loop
      vertex -15.126406430016642 -1.5100000000000002 1.1547005400061607
      vertex -14.763134495835871 -1.9900000020861626 1.1547005400061607
      vertex -15.133974596215563 -1.5100000000000002 1.1547005400061607
    endloop
  endfacet
  facet normal 0 0 -1
    outer loop
      vertex -15.126406430016642 -1.5100000000000002 1.1547005400061607
      vertex -15.133974596215563 -1.5100000000000002 1.1547005400061607
      vertex -15.133974596215563 -1.5 1.1547005400061607
    endloop
  endfacet
  facet normal 0 0 -1
    outer loop
      vertex -18.009999999999998 -1.5 1.1547005400061607
      vertex -15.133974596215563 -1.5100000000000002 1.1547005400061607
      vertex -14.763134495835871 -1.9900000020861626 1.1547005400061607
    endloop
  endfacet
  facet normal 0 0 -1
    outer loop
      vertex -18.009999999999998 -2.01 1.1547005383792515
      vertex -18.009999999999998 -2 1.1547005383792515
      vertex -14.753341693084648 -2.00293946946235 1.1547005383792515
    endloop
  endfacet
  facet normal -1 0 0
    outer loop
      vertex -18.009999999999998 -2.01 1.1547005383792515
      vertex -18.009999999999998 -2 1.1547005400061607
      vertex -18.009999999999998 -2 1.1547005383792515
    endloop
  endfacet
  facet normal 0 0 -1
    outer loop
      vertex -18.009999999999998 -1.5 1.1547005400061607
      vertex -15.133974596215563 -1.5 1.1547005400061607
      vertex -15.133974596215563 -1.5100000000000002 1.1547005400061607
    endloop
  endfacet
  facet normal 0 0 -1
    outer loop
      vertex -18.009999999999998 -2 1.1547005400061607
      vertex -18.009999999999998 -1.5 1.1547005400061607
      vertex -14.763134495835871 -1.9900000020861626 1.1547005400061607
    endloop
  endfacet
  facet normal -1 0 0
    outer loop
      vertex -18.009999999999998 0.5 0
      vertex -18.009999999999998 1 2.0499438226022457
      vertex -18.009999999999998 1 0
    endloop
  endfacet
  facet normal 0 -0.5000000005283542 -0.8660254034793932
    outer loop
      vertex -18.009999999999998 -1.5 1.1547005400061607
      vertex -18.009999999999998 0.5 0
      vertex -15.133974596215563 -1.5 1.1547005400061607
    endloop
  endfacet
  facet normal -1 0 0
    outer loop
      vertex -18.009999999999998 -1.5 1.1547005400061607
      vertex -18.009999999999998 0.3900000000000001 2.0499438226022457
      vertex -18.009999999999998 0.5 0
    endloop
  endfacet
  facet normal -1 0 0
    outer loop
      vertex -18.009999999999998 0.5 0
      vertex -18.009999999999998 0.3900000000000001 2.0499438226022457
      vertex -18.009999999999998 1 2.0499438226022457
    endloop
  endfacet
  facet normal -1 0 0
    outer loop
      vertex -18.009999999999998 -1.5 1.1547005400061607
      vertex -18.009999999999998 0.3900000000000001 3.810000002384186
      vertex -18.009999999999998 0.3900000000000001 2.0499438226022457
    endloop
  endfacet
  facet normal -0.7051121340145001 0 0.7090958175490232
    outer loop
      vertex -18.009999999999998 0.3900000000000001 2.0499438226022457
      vertex -16.240000002086163 0.3900000000000001 3.810000002384186
      vertex -18.009999999999998 1 2.0499438226022457
    endloop
  endfacet
  facet normal 0.8241261886220165 -0.5664062369248317 0
    outer loop
      vertex -14.025618726138035 -5.88573263192787 0
      vertex -13.883281572999747 -5.678630788996129 0
      vertex -13.883281572999747 -5.678630788996129 12
    endloop
  endfacet
  facet normal 0.7933533402912353 -0.6087614290087204 0
    outer loop
      vertex -13.883281572999747 -5.678630788996129 0
      vertex -13.73030061499346 -5.4792621229607805 0
      vertex -13.73030061499346 -5.4792621229607805 12
    endloop
  endfacet
  facet normal 0.760405965600032 -0.6494480483301822 0
    outer loop
      vertex -13.73030061499346 -5.4792621229607805 0
      vertex -13.567095162291492 -5.28817308947748 0
      vertex -13.567095162291492 -5.28817308947748 12
    endloop
  endfacet
  facet normal 0.7253743710122882 -0.6883545756937534 0
    outer loop
      vertex -13.394112549695429 -5.1058874503045715 0
      vertex -13.394112549695429 -5.1058874503045715 12
      vertex -13.567095162291492 -5.28817308947748 0
    endloop
  endfacet
  facet normal 0.6494480483301841 -0.7604059656000306 0
    outer loop
      vertex -13.21182691052252 -4.932904837708508 0
      vertex -13.02073787703922 -4.76969938500654 0
      vertex -13.02073787703922 -4.76969938500654 12
    endloop
  endfacet
  facet normal 0.6883545756937534 -0.7253743710122882 0
    outer loop
      vertex -13.394112549695429 -5.1058874503045715 0
      vertex -13.21182691052252 -4.932904837708508 0
      vertex -13.21182691052252 -4.932904837708508 12
    endloop
  endfacet
  facet normal 0.23344536385590325 -0.972369920397677 0
    outer loop
      vertex -10.997976115925244 -3.804891516477733 0.31598537190244613
      vertex -11.2423314164921 -3.863556033812472 11.735250546701135
      vertex -11.2423314164921 -3.863556033812472 0.2647494532988661
    endloop
  endfacet
  facet normal 0.2840153447039202 -0.9588197348681938 0
    outer loop
      vertex -11.483281572999747 -3.9349287217832636 0.21331471474001162
      vertex -11.472912922844795 -3.931857387682826 0.2164015956359826
      vertex -11.472912922844795 -3.931857387682826 11.78359840436402
    endloop
  endfacet
  facet normal 0.2840153447039272 -0.9588197348681917 0
    outer loop
      vertex -11.472912922844795 -3.931857387682826 0.2164015956359826
      vertex -11.2423314164921 -3.863556033812472 0.2647494532988661
      vertex -11.472912922844795 -3.931857387682826 11.78359840436402
    endloop
  endfacet
  facet normal 0.38268343236521063 -0.9238795325112366 -8.111344215975851e-17
    outer loop
      vertex -11.95233588676384 -4.114981803315516 0.07328837947881617
      vertex -11.948196815228101 -4.113267343749779 0.0749034502038084
      vertex -11.948196815228103 -4.113267343749781 11.925096549796194
    endloop
  endfacet
  facet normal 0.3826834323650889 -0.9238795325112872 -8.112588426803868e-17
    outer loop
      vertex -11.948196815228101 -4.113267343749779 0.0749034502038084
      vertex -11.720166157817442 -4.0188139528134315 0.14279111827412905
      vertex -11.948196815228103 -4.113267343749781 11.925096549796194
    endloop
  endfacet
  facet normal 0.33380685923376674 -0.94264149109218 0
    outer loop
      vertex -11.483281572999747 -3.9349287217832636 0.21331471474001162
      vertex -11.720166157817442 -4.0188139528134315 11.857208881725873
      vertex -11.720166157817442 -4.0188139528134315 0.14279111827412905
    endloop
  endfacet
  facet normal 0.18223552549214841 -0.9832549075639544 1.0146880180330432e-17
    outer loop
      vertex -10.750885432193108 -3.759095965143339 0.3476702145973727
      vertex -10.987567541684403 -3.8029624012688363 11.681832179583667
      vertex -10.987567541684404 -3.802962401268837 0.31816782041633473
    endloop
  endfacet
  facet normal 0.18223552549215316 -0.9832549075639535 9.942405708711694e-18
    outer loop
      vertex -10.997976115925244 -3.804891516477733 0.31598537190244613
      vertex -10.987567541684404 -3.802962401268837 0.31816782041633473
      vertex -10.987567541684403 -3.8029624012688363 11.681832179583667
    endloop
  endfacet
  facet normal 0.02617694830787539 -0.9996573249755573 0
    outer loop
      vertex -10 -3.7 0.40000000000000036
      vertex -10.25121258996613 -3.706578233178046 11.6103902295778
      vertex -10.25121258996613 -3.706578233178046 0.3896097704222017
    endloop
  endfacet
  facet normal 0.07845909572784289 -0.9969173337331281 -1.4486193556339766e-17
    outer loop
      vertex -10.25121258996613 -3.706578233178046 0.3896097704222017
      vertex -10.495476072833997 -3.725802186194673 11.620493041959982
      vertex -10.495476072833993 -3.7258021861946724 0.3795069580400199
    endloop
  endfacet
  facet normal 0.07845909572783642 -0.9969173337331286 -1.459069798959636e-17
    outer loop
      vertex -10.501736623684737 -3.726294902232288 0.37872658119030334
      vertex -10.495476072833993 -3.7258021861946724 0.3795069580400199
      vertex -10.495476072833997 -3.725802186194673 11.620493041959982
    endloop
  endfacet
  facet normal 0.13052619222005069 -0.9914448613738106 0
    outer loop
      vertex -10.750885432193108 -3.759095965143339 0.3476702145973727
      vertex -10.501736623684737 -3.726294902232288 0.37872658119030334
      vertex -10.750885432193108 -3.759095965143339 11.65232978540263
    endloop
  endfacet
  facet normal 0.5224985647159458 -0.852640164354094 0
    outer loop
      vertex -12.4 -4.343078061834695 0
      vertex -12.4 -4.343078061834695 12
      vertex -12.614267368072131 -4.474381273861964 0
    endloop
  endfacet
  facet normal 0.6087614290087188 -0.7933533402912366 0
    outer loop
      vertex -13.02073787703922 -4.76969938500654 0
      vertex -12.821369211003871 -4.616718427000253 0
      vertex -12.821369211003871 -4.616718427000253 12
    endloop
  endfacet
  facet normal 0.5664062369248358 -0.8241261886220137 0
    outer loop
      vertex -12.821369211003871 -4.616718427000253 0
      vertex -12.614267368072131 -4.474381273861964 0
      vertex -12.614267368072131 -4.474381273861964 12
    endloop
  endfacet
  facet normal 0.4305110968082958 -0.9025852843498603 6.946895279635824e-18
    outer loop
      vertex -11.95233588676384 -4.114981803315516 0.07328837947881617
      vertex -12.140157906386367 -4.204568311177415 12
      vertex -12.14015790638637 -4.204568311177416 0
    endloop
  endfacet
  facet normal 0.4771587602596088 -0.8788171126619652 0
    outer loop
      vertex -12.4 -4.343078061834695 0
      vertex -12.179154398749825 -4.223168683895834 0
      vertex -12.179154398749825 -4.223168683895834 12
    endloop
  endfacet
  facet normal 0.43051109680829236 -0.9025852843498618 6.0644263834732905e-18
    outer loop
      vertex -12.179154398749825 -4.223168683895834 0
      vertex -12.14015790638637 -4.204568311177416 0
      vertex -12.140157906386367 -4.204568311177415 12
    endloop
  endfacet
  facet normal 0 -1 0
    outer loop
      vertex -13.998749807476997 -2.9999999979138376 0.3841429461123127
      vertex -13.998654186321751 -2.9999999979138376 0.3841429461123127
      vertex -13.998749807476997 -2.9999999979138376 11.615857053887687
    endloop
  endfacet
  facet normal 0.9238795325112863 -0.382683432365091 0
    outer loop
      vertex -14.481186047186569 -6.779833842182558 0
      vertex -14.385018196684484 -6.547664113236159 0
      vertex -14.385018196684484 -6.547664113236159 12
    endloop
  endfacet
  facet normal 0.9025852843498592 -0.4305110968082981 0
    outer loop
      vertex -14.385018196684484 -6.547664113236159 0
      vertex -14.276831316104165 -6.320845601250175 0
      vertex -14.276831316104165 -6.320845601250175 12
    endloop
  endfacet
  facet normal 0.8788171126619652 -0.4771587602596088 0
    outer loop
      vertex -14.156921938165304 -6.1 0
      vertex -14.156921938165304 -6.1 12
      vertex -14.276831316104165 -6.320845601250175 0
    endloop
  endfacet
  facet normal 0.8526401643540931 -0.5224985647159475 0
    outer loop
      vertex -14.156921938165304 -6.1 0
      vertex -14.025618726138035 -5.88573263192787 0
      vertex -14.025618726138035 -5.88573263192787 12
    endloop
  endfacet
  facet normal -0.8788171126619658 0.4771587602596075 0
    outer loop
      vertex -15.888972745734183 -5.1 0
      vertex -16.0588443644809 -5.412864601771082 0
      vertex -16.0588443644809 -5.412864601771082 12
    endloop
  endfacet
  facet normal -0.8526401643540923 0.5224985647159488 0
    outer loop
      vertex -15.888972745734183 -5.1 0
      vertex -15.888972745734183 -5.1 12
      vertex -15.702959862028884 -4.796454561897816 0
    endloop
  endfacet
  facet normal -0.9426414910921798 0.3338068592337671 0
    outer loop
      vertex -16.467184310807042 -6.398684438250358 0
      vertex -16.467184310807042 -6.398684438250358 12
      vertex -16.34834690018097 -6.063097943091958 0
    endloop
  endfacet
  facet normal -0.9588197348681918 0.2840153447039271 0
    outer loop
      vertex -16.568295618765664 -6.740030493302859 0
      vertex -16.568295618765664 -6.740030493302859 12
      vertex -16.467184310807042 -6.398684438250358 0
    endloop
  endfacet
  facet normal -0.9238795325112864 0.3826834323650904 0
    outer loop
      vertex -16.34834690018097 -6.063097943091958 0
      vertex -16.34834690018097 -6.063097943091958 12
      vertex -16.212109111969685 -5.734190827084559 0
    endloop
  endfacet
  facet normal -0.9025852843498616 0.4305110968082928 0
    outer loop
      vertex -16.212109111969685 -5.734190827084559 0
      vertex -16.212109111969685 -5.734190827084559 12
      vertex -16.0588443644809 -5.412864601771082 0
    endloop
  endfacet
  facet normal -0.7253743710122907 0.6883545756937508 0
    outer loop
      vertex -15.05338481324628 -3.9499118767597645 0
      vertex -15.05338481324628 -3.9499118767597645 12
      vertex -14.808326112068524 -3.6916738879314765 0
    endloop
  endfacet
  facet normal -0.7933533402912345 0.6087614290087217 0
    outer loop
      vertex -15.501315561749642 -4.503060284411182 0
      vertex -15.501315561749642 -4.503060284411182 12
      vertex -15.284592537907402 -4.220621340861106 0
    endloop
  endfacet
  facet normal -0.8241261886220156 0.5664062369248328 0
    outer loop
      vertex -15.702959862028884 -4.796454561897816 0
      vertex -15.702959862028884 -4.796454561897816 12
      vertex -15.501315561749642 -4.503060284411182 0
    endloop
  endfacet
  facet normal -0.7604059656000306 0.6494480483301842 0
    outer loop
      vertex -15.05338481324628 -3.9499118767597645 0
      vertex -15.284592537907402 -4.220621340861106 0
      vertex -15.284592537907402 -4.220621340861106 12
    endloop
  endfacet
  facet normal -0.6883545756937534 0.7253743710122883 0
    outer loop
      vertex -14.550088123240236 -3.4466151867537196 0.038985641453202824
      vertex -14.603246426151056 -3.497060532642784 0
      vertex -14.550088123240236 -3.4466151867537196 11.961014358546798
    endloop
  endfacet
  facet normal -0.6883545756937518 0.7253743710122897 -1.436348544967492e-17
    outer loop
      vertex -14.808326112068524 -3.6916738879314765 0
      vertex -14.550088123240236 -3.4466151867537196 11.961014358546798
      vertex -14.603246426151056 -3.497060532642784 0
    endloop
  endfacet
  facet normal -0.6494480483301829 0.7604059656000315 0
    outer loop
      vertex -14.550088123240236 -3.4466151867537196 0.038985641453202824
      vertex -14.279378659138894 -3.215407462092598 11.782330254077145
      vertex -14.279378659138894 -3.215407462092598 0.21766974592285404
    endloop
  endfacet
  facet normal -0.6087614290087213 0.7933533402912346 0
    outer loop
      vertex -14.279378659138894 -3.215407462092598 0.21766974592285404
      vertex -13.998654186321751 -2.9999999979138376 11.615857053887687
      vertex -13.998654186321751 -2.9999999979138376 0.3841429461123127
    endloop
  endfacet
  facet normal 0 1 0
    outer loop
      vertex -16.240000000000002 1 3.8
      vertex -16.240000000000002 1 8.2
      vertex -1.9900000000000002 1 0
    endloop
  endfacet
  facet normal -0.7973834519379767 -0.6034729741881375 0
    outer loop
      vertex -13.998749807476997 -2.9999999979138376 0.3841429461123127
      vertex -13.998749807476997 -2.9999999979138376 11.615857053887687
      vertex -14.747998166889634 -2.01 1.1492439534920047
    endloop
  endfacet
  facet normal -0.7973834519379759 -0.6034729741881385 0
    outer loop
      vertex -14.747998166889634 -2.01 1.1492439534920047
      vertex -14.499213399500709 -2.3387253366682184 11.104804618998974
      vertex -14.747998166889634 -2.01 1.1547005383792515
    endloop
  endfacet
  facet normal 0 -1 0
    outer loop
      vertex -18.009999999999998 -2.01 1.1547005383792515
      vertex -14.747998166889634 -2.01 1.1547005383792515
      vertex -18.009999999999998 -2.01 10.845299461620748
    endloop
  endfacet
  facet normal -1 0 0
    outer loop
      vertex -18.009999999999998 -2.01 1.1547005383792515
      vertex -18.009999999999998 -2 10.84529945999384
      vertex -18.009999999999998 -2 1.1547005400061607
    endloop
  endfacet
  facet normal -1 0 0
    outer loop
      vertex -18.009999999999998 -2 1.1547005400061607
      vertex -18.009999999999998 -1.5 10.84529945999384
      vertex -18.009999999999998 -1.5 1.1547005400061607
    endloop
  endfacet
  facet normal -0.705112134014521 -5.4455205850576417e-14 0.7090958175490025
    outer loop
      vertex -18.009999999999998 1 2.0499438226022457
      vertex -16.240000002086163 0.3900000000000001 3.810000002384186
      vertex -16.25005650164707 0.3999999999999999 3.8
    endloop
  endfacet
  facet normal -0.7051121340145002 0 0.709095817549023
    outer loop
      vertex -18.009999999999998 1 2.0499438226022457
      vertex -16.25005650164707 0.3999999999999999 3.8
      vertex -16.25005650164707 1 3.8
    endloop
  endfacet
  facet normal 0 1 0
    outer loop
      vertex -18.009999999999998 0.3900000000000001 2.0499438226022457
      vertex -18.009999999999998 0.3900000000000001 3.810000002384186
      vertex -16.240000002086163 0.3900000000000001 3.810000002384186
    endloop
  endfacet
  facet normal -1 0 0
    outer loop
      vertex -18.009999999999998 -1.5 1.1547005400061607
      vertex -18.009999999999998 0.3900000000000001 8.189999997615814
      vertex -18.009999999999998 0.3900000000000001 3.810000002384186
    endloop
  endfacet
  facet normal -0.7051121340144784 0 0.709095817549045
    outer loop
      vertex -16.240000002086163 0.3900000000000001 3.810000002384186
      vertex -16.240000002086163 0.3999999999999999 3.810000002384186
      vertex -16.25005650164707 0.3999999999999999 3.8
    endloop
  endfacet
  facet normal 0 1 0
    outer loop
      vertex -16.25005650164707 0.3999999999999999 3.8
      vertex -16.240000002086163 0.3999999999999999 3.810000002384186
      vertex -16.240000000000002 0.3999999999999999 3.8
    endloop
  endfacet
  facet normal 0 0 -1
    outer loop
      vertex -17.240000000000002 0.3999999999999999 3.810000002384186
      vertex -16.240000002086163 0.3999999999999999 3.810000002384186
      vertex -16.240000002086163 0.3900000000000001 3.810000002384186
    endloop
  endfacet
  facet normal 0 0 1
    outer loop
      vertex -16.25005650164707 0.3999999999999999 3.8
      vertex -16.240000000000002 0.3999999999999999 3.8
      vertex -16.240000000000002 1 3.8
    endloop
  endfacet
  facet normal 0 0 1
    outer loop
      vertex -16.25005650164707 0.3999999999999999 3.8
      vertex -16.240000000000002 1 3.8
      vertex -16.25005650164707 1 3.8
    endloop
  endfacet
  facet normal 0 0 -1
    outer loop
      vertex -18.009999999999998 0.3900000000000001 3.810000002384186
      vertex -17.240000000000002 0.3999999999999999 3.810000002384186
      vertex -16.240000002086163 0.3900000000000001 3.810000002384186
    endloop
  endfacet
  facet normal 0 0 -1
    outer loop
      vertex -18.009999999999998 0.3900000000000001 3.810000002384186
      vertex -18.009999999999998 0.3999999999999999 3.810000002384186
      vertex -17.240000000000002 0.3999999999999999 3.810000002384186
    endloop
  endfacet
  facet normal 0 1 0
    outer loop
      vertex -16.240000000000002 0.3999999999999999 3.8
      vertex -16.240000002086163 0.3999999999999999 3.810000002384186
      vertex -16.240000000000002 0.3999999999999999 8.2
    endloop
  endfacet
  facet normal 0 1 0
    outer loop
      vertex -17.240000000000002 0.3999999999999999 3.810000002384186
      vertex -17.240000000000002 0.3999999999999999 8.189999997615814
      vertex -16.240000002086163 0.3999999999999999 3.810000002384186
    endloop
  endfacet
  facet normal -1 0 0
    outer loop
      vertex -16.240000000000002 0.3999999999999999 3.8
      vertex -16.240000000000002 1 8.2
      vertex -16.240000000000002 1 3.8
    endloop
  endfacet
  facet normal 0 1 0
    outer loop
      vertex -18.009999999999998 0.3999999999999999 3.810000002384186
      vertex -18.009999999999998 0.3999999999999999 8.189999997615814
      vertex -17.240000000000002 0.3999999999999999 3.810000002384186
    endloop
  endfacet
  facet normal -1 0 0
    outer loop
      vertex -18.009999999999998 0.3900000000000001 3.810000002384186
      vertex -18.009999999999998 0.3999999999999999 8.189999997615814
      vertex -18.009999999999998 0.3999999999999999 3.810000002384186
    endloop
  endfacet
  facet normal 0.6087614290087217 -0.7933533402912345 0
    outer loop
      vertex -5.720621340861106 -13.784592537907402 0
      vertex -5.720621340861106 -13.784592537907402 12
      vertex -6.003060284411182 -14.001315561749642 12
    endloop
  endfacet
  facet normal 0.6494480483301842 -0.7604059656000306 0
    outer loop
      vertex -5.4499118767597645 -13.55338481324628 0
      vertex -5.4499118767597645 -13.55338481324628 12
      vertex -5.720621340861106 -13.784592537907402 12
    endloop
  endfacet
  facet normal 0.7604059656000295 -0.6494480483301854 0
    outer loop
      vertex -4.94661518675372 -13.050088123240235 0
      vertex -4.715407462092598 -12.779378659138894 12
      vertex -4.94661518675372 -13.050088123240235 12
    endloop
  endfacet
  facet normal 0.7933533402912345 -0.6087614290087217 0
    outer loop
      vertex -4.715407462092598 -12.779378659138894 0
      vertex -4.498684438250358 -12.496939715588818 12
      vertex -4.715407462092598 -12.779378659138894 12
    endloop
  endfacet
  facet normal 0.7253743710122895 -0.6883545756937521 0
    outer loop
      vertex -5.1916738879314765 -13.308326112068523 0
      vertex -4.94661518675372 -13.050088123240235 12
      vertex -5.1916738879314765 -13.308326112068523 12
    endloop
  endfacet
  facet normal 0.6883545756937535 -0.7253743710122883 0
    outer loop
      vertex -5.1916738879314765 -13.308326112068523 0
      vertex -5.1916738879314765 -13.308326112068523 12
      vertex -5.4499118767597645 -13.55338481324628 12
    endloop
  endfacet
  facet normal 0.9025852843498607 -0.43051109680829486 0
    outer loop
      vertex -3.941155635519099 -11.587135398228918 0
      vertex -3.787890888030314 -11.265809172915441 12
      vertex -3.941155635519099 -11.587135398228918 12
    endloop
  endfacet
  facet normal 0.9238795325112868 -0.3826834323650895 0
    outer loop
      vertex -3.787890888030314 -11.265809172915441 0
      vertex -3.651653099819028 -10.93690205690804 12
      vertex -3.787890888030314 -11.265809172915441 12
    endloop
  endfacet
  facet normal 0.9426414910921787 -0.33380685923377007 0
    outer loop
      vertex -3.651653099819028 -10.93690205690804 0
      vertex -3.5328156891929563 -10.601315561749642 12
      vertex -3.651653099819028 -10.93690205690804 12
    endloop
  endfacet
  facet normal 0.8241261886220156 -0.5664062369248328 0
    outer loop
      vertex -4.498684438250358 -12.496939715588818 0
      vertex -4.297040137971116 -12.203545438102184 12
      vertex -4.498684438250358 -12.496939715588818 12
    endloop
  endfacet
  facet normal 0.8526401643540923 -0.5224985647159488 0
    outer loop
      vertex -4.297040137971116 -12.203545438102184 0
      vertex -4.111027254265817 -11.9 12
      vertex -4.297040137971116 -12.203545438102184 12
    endloop
  endfacet
  facet normal 0.8788171126619658 -0.4771587602596075 0
    outer loop
      vertex -4.111027254265817 -11.9 0
      vertex -3.941155635519099 -11.587135398228918 12
      vertex -4.111027254265817 -11.9 12
    endloop
  endfacet
  facet normal -0.8526401643540921 0.522498564715949 0
    outer loop
      vertex -5.843078061834695 -10.9 0
      vertex -5.974381273861964 -11.11426736807213 12
      vertex -5.843078061834695 -10.9 12
    endloop
  endfacet
  facet normal -0.8788171126619652 0.4771587602596088 0
    outer loop
      vertex -5.723168683895834 -10.679154398749825 0
      vertex -5.843078061834695 -10.9 12
      vertex -5.723168683895834 -10.679154398749825 12
    endloop
  endfacet
  facet normal 0.5224985647159488 -0.8526401643540923 0
    outer loop
      vertex -6.296454561897816 -14.202959862028884 0
      vertex -6.296454561897816 -14.202959862028884 12
      vertex -6.6 -14.388972745734183 12
    endloop
  endfacet
  facet normal 0.5664062369248328 -0.8241261886220156 0
    outer loop
      vertex -6.003060284411182 -14.001315561749642 0
      vertex -6.003060284411182 -14.001315561749642 12
      vertex -6.296454561897816 -14.202959862028884 12
    endloop
  endfacet
  facet normal 0.4771598359824591 -0.8788165285912599 0
    outer loop
      vertex -6.600000000268103 -14.388972745879752 0
      vertex -6.6 -14.388972745734183 12
      vertex -6.600000000268103 -14.388972745879752 12
    endloop
  endfacet
  facet normal -0.866025403806863 -0.49999999996115996 0
    outer loop
      vertex -6.600000000268103 -14.388972745879752 0
      vertex -6.600000000268103 -14.388972745879752 12
      vertex -7.600000000189249 -12.65692193826806 12
    endloop
  endfacet
  facet normal -0.5224985647159475 0.8526401643540931 0
    outer loop
      vertex -7.38573263192787 -12.525618726138037 0
      vertex -7.6 -12.656921938165306 12
      vertex -7.38573263192787 -12.525618726138037 12
    endloop
  endfacet
  facet normal -0.477156120670029 0.8788185458370394 0
    outer loop
      vertex -7.6 -12.656921938165306 0
      vertex -7.600000000189249 -12.65692193826806 12
      vertex -7.6 -12.656921938165306 12
    endloop
  endfacet
  facet normal -0.6494480483301822 0.760405965600032 0
    outer loop
      vertex -6.78817308947748 -12.067095162291492 0
      vertex -6.9792621229607805 -12.23030061499346 12
      vertex -6.78817308947748 -12.067095162291492 12
    endloop
  endfacet
  facet normal -0.7253743710122882 0.6883545756937534 0
    outer loop
      vertex -6.432904837708508 -11.71182691052252 0
      vertex -6.6058874503045715 -11.894112549695429 12
      vertex -6.432904837708508 -11.71182691052252 12
    endloop
  endfacet
  facet normal -0.7604059656000336 0.6494480483301805 0
    outer loop
      vertex -6.26969938500654 -11.520737877039219 0
      vertex -6.432904837708508 -11.71182691052252 12
      vertex -6.26969938500654 -11.520737877039219 12
    endloop
  endfacet
  facet normal -0.6883545756937534 0.7253743710122882 0
    outer loop
      vertex -6.6058874503045715 -11.894112549695429 0
      vertex -6.78817308947748 -12.067095162291492 12
      vertex -6.6058874503045715 -11.894112549695429 12
    endloop
  endfacet
  facet normal -0.6087614290087204 0.7933533402912353 0
    outer loop
      vertex -6.9792621229607805 -12.23030061499346 0
      vertex -7.178630788996129 -12.383281572999747 12
      vertex -6.9792621229607805 -12.23030061499346 12
    endloop
  endfacet
  facet normal -0.5664062369248366 0.8241261886220131 0
    outer loop
      vertex -7.178630788996129 -12.383281572999747 0
      vertex -7.38573263192787 -12.525618726138037 12
      vertex -7.178630788996129 -12.383281572999747 12
    endloop
  endfacet
  facet normal -0.793353340291234 0.6087614290087222 0
    outer loop
      vertex -6.116718427000253 -11.321369211003871 0
      vertex -6.26969938500654 -11.520737877039219 12
      vertex -6.116718427000253 -11.321369211003871 12
    endloop
  endfacet
  facet normal -0.8241261886220159 0.5664062369248325 0
    outer loop
      vertex -5.974381273861964 -11.11426736807213 0
      vertex -6.116718427000253 -11.321369211003871 12
      vertex -5.974381273861964 -11.11426736807213 12
    endloop
  endfacet
  facet normal 0.9723699203976768 -0.23344536385590503 0
    outer loop
      vertex -3.4317043812343355 -10.259969506697141 0
      vertex -3.3485963150101217 -9.913799497560763 12
      vertex -3.4317043812343355 -10.259969506697141 12
    endloop
  endfacet
  facet normal 0.9588197348681924 -0.28401534470392475 0
    outer loop
      vertex -3.5328156891929563 -10.601315561749642 0
      vertex -3.4317043812343355 -10.259969506697141 12
      vertex -3.5328156891929563 -10.601315561749642 12
    endloop
  endfacet
  facet normal 0.9832549075639544 -0.18223552549214825 0
    outer loop
      vertex -3.3485963150101217 -9.913799497560763 0
      vertex -3.2837192839530633 -9.56375436227357 12
      vertex -3.3485963150101217 -9.913799497560763 12
    endloop
  endfacet
  facet normal 0.9914448613738108 -0.13052619222004855 0
    outer loop
      vertex -3.2837192839530633 -9.56375436227357 0
      vertex -3.237251111495742 -9.210793550220043 12
      vertex -3.2837192839530633 -9.56375436227357 12
    endloop
  endfacet
  facet normal 0.9969173337331277 -0.07845909572784675 0
    outer loop
      vertex -3.237251111495742 -9.210793550220043 0
      vertex -3.209319163668898 -8.855884502452017 12
      vertex -3.237251111495742 -9.210793550220043 12
    endloop
  endfacet
  facet normal 0.9996573249755574 -0.026176948307873104 0
    outer loop
      vertex -3.209319163668898 -8.855884502452017 0
      vertex -3.2 -8.5 12
      vertex -3.209319163668898 -8.855884502452017 12
    endloop
  endfacet
  facet normal -0.9426414910921799 0.3338068592337667 0
    outer loop
      vertex -5.434928721783264 -9.983281572999747 0
      vertex -5.5188139528134315 -10.220166157817442 12
      vertex -5.434928721783264 -9.983281572999747 12
    endloop
  endfacet
  facet normal -0.9025852843498606 0.43051109680829525 0
    outer loop
      vertex -5.614981803315516 -10.45233588676384 0
      vertex -5.723168683895834 -10.679154398749825 12
      vertex -5.614981803315516 -10.45233588676384 12
    endloop
  endfacet
  facet normal -0.9238795325112863 0.382683432365091 0
    outer loop
      vertex -5.5188139528134315 -10.220166157817442 0
      vertex -5.614981803315516 -10.45233588676384 12
      vertex -5.5188139528134315 -10.220166157817442 12
    endloop
  endfacet
  facet normal -0.9588197348681917 0.28401534470392686 0
    outer loop
      vertex -5.363556033812472 -9.7423314164921 0
      vertex -5.434928721783264 -9.983281572999747 12
      vertex -5.363556033812472 -9.7423314164921 12
    endloop
  endfacet
  facet normal -0.9723699203976772 0.23344536385590328 0
    outer loop
      vertex -5.304891516477733 -9.497976115925244 0
      vertex -5.363556033812472 -9.7423314164921 12
      vertex -5.304891516477733 -9.497976115925244 12
    endloop
  endfacet
  facet normal -0.9832549075639543 0.18223552549214858 0
    outer loop
      vertex -5.259095965143339 -9.250885432193108 0
      vertex -5.304891516477733 -9.497976115925244 12
      vertex -5.259095965143339 -9.250885432193108 12
    endloop
  endfacet
  facet normal -0.9914448613738105 0.13052619222005069 0
    outer loop
      vertex -5.226294902232288 -9.001736623684737 0
      vertex -5.259095965143339 -9.250885432193108 12
      vertex -5.226294902232288 -9.001736623684737 12
    endloop
  endfacet
  facet normal -0.9969173337331282 0.07845909572784274 0
    outer loop
      vertex -5.206578233178046 -8.75121258996613 0
      vertex -5.226294902232288 -9.001736623684737 12
      vertex -5.206578233178046 -8.75121258996613 12
    endloop
  endfacet
  facet normal 0.9996573249755574 0.026176948307873104 0
    outer loop
      vertex -3.2 -8.5 0
      vertex -3.209319163668898 -8.144115497547983 12
      vertex -3.2 -8.5 12
    endloop
  endfacet
  facet normal 0.9969173337331277 0.07845909572784654 0
    outer loop
      vertex -3.209319163668898 -8.144115497547983 0
      vertex -3.237251111495742 -7.7892064497799565 12
      vertex -3.209319163668898 -8.144115497547983 12
    endloop
  endfacet
  facet normal 0.9914448613738108 0.13052619222004921 0
    outer loop
      vertex -3.237251111495742 -7.7892064497799565 0
      vertex -3.2837192839530633 -7.43624563772643 12
      vertex -3.237251111495742 -7.7892064497799565 12
    endloop
  endfacet
  facet normal 0.9832549075639546 0.18223552549214783 0
    outer loop
      vertex -3.2837192839530633 -7.43624563772643 0
      vertex -3.3485963150101217 -7.086200502439237 12
      vertex -3.2837192839530633 -7.43624563772643 12
    endloop
  endfacet
  facet normal 0.9723699203976768 0.23344536385590503 0
    outer loop
      vertex -3.3485963150101217 -7.086200502439237 0
      vertex -3.4317043812343355 -6.740030493302859 12
      vertex -3.3485963150101217 -7.086200502439237 12
    endloop
  endfacet
  facet normal -0.9996573249755571 0.026176948307875387 0
    outer loop
      vertex -5.2 -8.5 0
      vertex -5.206578233178046 -8.75121258996613 12
      vertex -5.2 -8.5 12
    endloop
  endfacet
  facet normal -0.9996573249755571 -0.026176948307875387 0
    outer loop
      vertex -5.206578233178046 -8.24878741003387 0
      vertex -5.2 -8.5 12
      vertex -5.206578233178046 -8.24878741003387 12
    endloop
  endfacet
  facet normal -0.9969173337331282 -0.07845909572784274 0
    outer loop
      vertex -5.226294902232288 -7.998263376315263 0
      vertex -5.206578233178046 -8.24878741003387 12
      vertex -5.226294902232288 -7.998263376315263 12
    endloop
  endfacet
  facet normal -0.9914448613738105 -0.13052619222005069 0
    outer loop
      vertex -5.259095965143339 -7.749114567806892 0
      vertex -5.226294902232288 -7.998263376315263 12
      vertex -5.259095965143339 -7.749114567806892 12
    endloop
  endfacet
  facet normal -0.9832549075639545 -0.18223552549214797 0
    outer loop
      vertex -5.304891516477733 -7.502023884074755 0
      vertex -5.259095965143339 -7.749114567806892 12
      vertex -5.304891516477733 -7.502023884074755 12
    endloop
  endfacet
  facet normal -0.972369920397677 -0.2334453638559041 0
    outer loop
      vertex -5.363556033812472 -7.2576685835079005 0
      vertex -5.304891516477733 -7.502023884074755 12
      vertex -5.363556033812472 -7.2576685835079005 12
    endloop
  endfacet
  facet normal -0.9588197348681917 -0.28401534470392686 0
    outer loop
      vertex -5.434928721783264 -7.016718427000253 0
      vertex -5.363556033812472 -7.2576685835079005 12
      vertex -5.434928721783264 -7.016718427000253 12
    endloop
  endfacet
  facet normal -0.9426414910921799 -0.3338068592337667 0
    outer loop
      vertex -5.5188139528134315 -6.779833842182558 0
      vertex -5.434928721783264 -7.016718427000253 12
      vertex -5.5188139528134315 -6.779833842182558 12
    endloop
  endfacet
  facet normal 0 0 1
    outer loop
      vertex -5.720621340861106 -13.784592537907402 12
      vertex -5.4499118767597645 -13.55338481324628 12
      vertex -6.600000000268103 -14.388972745879752 12
    endloop
  endfacet
  facet normal 0 0 1
    outer loop
      vertex -5.1916738879314765 -13.308326112068523 12
      vertex -6.600000000268103 -14.388972745879752 12
      vertex -5.4499118767597645 -13.55338481324628 12
    endloop
  endfacet
  facet normal 0 0 1
    outer loop
      vertex -5.1916738879314765 -13.308326112068523 12
      vertex -4.94661518675372 -13.050088123240235 12
      vertex -6.600000000268103 -14.388972745879752 12
    endloop
  endfacet
  facet normal 0 0 1
    outer loop
      vertex -4.715407462092598 -12.779378659138894 12
      vertex -6.600000000268103 -14.388972745879752 12
      vertex -4.94661518675372 -13.050088123240235 12
    endloop
  endfacet
  facet normal 0 0 1
    outer loop
      vertex -4.715407462092598 -12.779378659138894 12
      vertex -4.498684438250358 -12.496939715588818 12
      vertex -7.6 -12.656921938165306 12
    endloop
  endfacet
  facet normal 0 0 1
    outer loop
      vertex -3.941155635519099 -11.587135398228918 12
      vertex -6.432904837708508 -11.71182691052252 12
      vertex -4.111027254265817 -11.9 12
    endloop
  endfacet
  facet normal 0 0 1
    outer loop
      vertex -4.498684438250358 -12.496939715588818 12
      vertex -4.297040137971116 -12.203545438102184 12
      vertex -7.178630788996129 -12.383281572999747 12
    endloop
  endfacet
  facet normal 0 0 1
    outer loop
      vertex -4.297040137971116 -12.203545438102184 12
      vertex -4.111027254265817 -11.9 12
      vertex -6.78817308947748 -12.067095162291492 12
    endloop
  endfacet
  facet normal 0 0 1
    outer loop
      vertex -4.111027254265817 -11.9 12
      vertex -6.432904837708508 -11.71182691052252 12
      vertex -6.6058874503045715 -11.894112549695429 12
    endloop
  endfacet
  facet normal 0 0 1
    outer loop
      vertex -4.111027254265817 -11.9 12
      vertex -6.6058874503045715 -11.894112549695429 12
      vertex -6.78817308947748 -12.067095162291492 12
    endloop
  endfacet
  facet normal 0 0 1
    outer loop
      vertex -3.941155635519099 -11.587135398228918 12
      vertex -6.26969938500654 -11.520737877039219 12
      vertex -6.432904837708508 -11.71182691052252 12
    endloop
  endfacet
  facet normal 0 0 1
    outer loop
      vertex -3.787890888030314 -11.265809172915441 12
      vertex -3.651653099819028 -10.93690205690804 12
      vertex -5.974381273861964 -11.11426736807213 12
    endloop
  endfacet
  facet normal 0 0 1
    outer loop
      vertex -3.941155635519099 -11.587135398228918 12
      vertex -3.787890888030314 -11.265809172915441 12
      vertex -6.26969938500654 -11.520737877039219 12
    endloop
  endfacet
  facet normal 0 0 1
    outer loop
      vertex -3.651653099819028 -10.93690205690804 12
      vertex -3.5328156891929563 -10.601315561749642 12
      vertex -5.723168683895834 -10.679154398749825 12
    endloop
  endfacet
  facet normal 0 0 1
    outer loop
      vertex -3.5328156891929563 -10.601315561749642 12
      vertex -5.614981803315516 -10.45233588676384 12
      vertex -5.723168683895834 -10.679154398749825 12
    endloop
  endfacet
  facet normal 0 0 1
    outer loop
      vertex -3.787890888030314 -11.265809172915441 12
      vertex -6.116718427000253 -11.321369211003871 12
      vertex -6.26969938500654 -11.520737877039219 12
    endloop
  endfacet
  facet normal 0 0 1
    outer loop
      vertex -3.787890888030314 -11.265809172915441 12
      vertex -5.974381273861964 -11.11426736807213 12
      vertex -6.116718427000253 -11.321369211003871 12
    endloop
  endfacet
  facet normal 0 0 1
    outer loop
      vertex -3.651653099819028 -10.93690205690804 12
      vertex -5.843078061834695 -10.9 12
      vertex -5.974381273861964 -11.11426736807213 12
    endloop
  endfacet
  facet normal 0 0 1
    outer loop
      vertex -3.651653099819028 -10.93690205690804 12
      vertex -5.723168683895834 -10.679154398749825 12
      vertex -5.843078061834695 -10.9 12
    endloop
  endfacet
  facet normal 0 0 1
    outer loop
      vertex -6.003060284411182 -14.001315561749642 12
      vertex -6.600000000268103 -14.388972745879752 12
      vertex -6.296454561897816 -14.202959862028884 12
    endloop
  endfacet
  facet normal 0 0 1
    outer loop
      vertex -5.720621340861106 -13.784592537907402 12
      vertex -6.600000000268103 -14.388972745879752 12
      vertex -6.003060284411182 -14.001315561749642 12
    endloop
  endfacet
  facet normal 0 0 1
    outer loop
      vertex -6.296454561897816 -14.202959862028884 12
      vertex -6.600000000268103 -14.388972745879752 12
      vertex -6.6 -14.388972745734183 12
    endloop
  endfacet
  facet normal 0 0 1
    outer loop
      vertex -4.715407462092598 -12.779378659138894 12
      vertex -7.6 -12.656921938165306 12
      vertex -6.600000000268103 -14.388972745879752 12
    endloop
  endfacet
  facet normal 0 0 1
    outer loop
      vertex -4.498684438250358 -12.496939715588818 12
      vertex -7.178630788996129 -12.383281572999747 12
      vertex -7.38573263192787 -12.525618726138037 12
    endloop
  endfacet
  facet normal 0 0 1
    outer loop
      vertex -4.498684438250358 -12.496939715588818 12
      vertex -7.38573263192787 -12.525618726138037 12
      vertex -7.6 -12.656921938165306 12
    endloop
  endfacet
  facet normal 0 0 1
    outer loop
      vertex -6.600000000268103 -14.388972745879752 12
      vertex -7.6 -12.656921938165306 12
      vertex -7.600000000189249 -12.65692193826806 12
    endloop
  endfacet
  facet normal 0 0 1
    outer loop
      vertex -4.297040137971116 -12.203545438102184 12
      vertex -6.9792621229607805 -12.23030061499346 12
      vertex -7.178630788996129 -12.383281572999747 12
    endloop
  endfacet
  facet normal 0 0 1
    outer loop
      vertex -4.297040137971116 -12.203545438102184 12
      vertex -6.78817308947748 -12.067095162291492 12
      vertex -6.9792621229607805 -12.23030061499346 12
    endloop
  endfacet
  facet normal 0 0 1
    outer loop
      vertex -3.2837192839530633 -9.56375436227357 12
      vertex -3.237251111495742 -9.210793550220043 12
      vertex -5.304891516477733 -9.497976115925244 12
    endloop
  endfacet
  facet normal 0 0 1
    outer loop
      vertex -3.237251111495742 -9.210793550220043 12
      vertex -3.209319163668898 -8.855884502452017 12
      vertex -5.226294902232288 -9.001736623684737 12
    endloop
  endfacet
  facet normal 0 0 1
    outer loop
      vertex -3.209319163668898 -8.855884502452017 12
      vertex -3.2 -8.5 12
      vertex -5.206578233178046 -8.75121258996613 12
    endloop
  endfacet
  facet normal 0 0 1
    outer loop
      vertex -3.5328156891929563 -10.601315561749642 12
      vertex -3.4317043812343355 -10.259969506697141 12
      vertex -5.614981803315516 -10.45233588676384 12
    endloop
  endfacet
  facet normal 0 0 1
    outer loop
      vertex -3.4317043812343355 -10.259969506697141 12
      vertex -5.5188139528134315 -10.220166157817442 12
      vertex -5.614981803315516 -10.45233588676384 12
    endloop
  endfacet
  facet normal 0 0 1
    outer loop
      vertex -3.4317043812343355 -10.259969506697141 12
      vertex -5.434928721783264 -9.983281572999747 12
      vertex -5.5188139528134315 -10.220166157817442 12
    endloop
  endfacet
  facet normal 0 0 1
    outer loop
      vertex -3.4317043812343355 -10.259969506697141 12
      vertex -3.3485963150101217 -9.913799497560763 12
      vertex -5.434928721783264 -9.983281572999747 12
    endloop
  endfacet
  facet normal 0 0 1
    outer loop
      vertex -3.3485963150101217 -9.913799497560763 12
      vertex -3.2837192839530633 -9.56375436227357 12
      vertex -5.363556033812472 -9.7423314164921 12
    endloop
  endfacet
  facet normal 0 0 1
    outer loop
      vertex -3.3485963150101217 -9.913799497560763 12
      vertex -5.363556033812472 -9.7423314164921 12
      vertex -5.434928721783264 -9.983281572999747 12
    endloop
  endfacet
  facet normal 0 0 1
    outer loop
      vertex -3.2837192839530633 -9.56375436227357 12
      vertex -5.304891516477733 -9.497976115925244 12
      vertex -5.363556033812472 -9.7423314164921 12
    endloop
  endfacet
  facet normal 0 0 1
    outer loop
      vertex -3.237251111495742 -9.210793550220043 12
      vertex -5.259095965143339 -9.250885432193108 12
      vertex -5.304891516477733 -9.497976115925244 12
    endloop
  endfacet
  facet normal 0 0 1
    outer loop
      vertex -3.237251111495742 -9.210793550220043 12
      vertex -5.226294902232288 -9.001736623684737 12
      vertex -5.259095965143339 -9.250885432193108 12
    endloop
  endfacet
  facet normal 0 0 1
    outer loop
      vertex -3.209319163668898 -8.855884502452017 12
      vertex -5.206578233178046 -8.75121258996613 12
      vertex -5.226294902232288 -9.001736623684737 12
    endloop
  endfacet
  facet normal 0 0 1
    outer loop
      vertex -3.2 -8.5 12
      vertex -3.209319163668898 -8.144115497547983 12
      vertex -5.206578233178046 -8.24878741003387 12
    endloop
  endfacet
  facet normal 0 0 1
    outer loop
      vertex -3.209319163668898 -8.144115497547983 12
      vertex -3.237251111495742 -7.7892064497799565 12
      vertex -5.206578233178046 -8.24878741003387 12
    endloop
  endfacet
  facet normal 0 0 1
    outer loop
      vertex -5.226294902232288 -7.998263376315263 12
      vertex -3.237251111495742 -7.7892064497799565 12
      vertex -3.2837192839530633 -7.43624563772643 12
    endloop
  endfacet
  facet normal 0 0 1
    outer loop
      vertex -3.2837192839530633 -7.43624563772643 12
      vertex -3.3485963150101217 -7.086200502439237 12
      vertex -5.304891516477733 -7.502023884074755 12
    endloop
  endfacet
  facet normal 0 0 1
    outer loop
      vertex -3.2 -8.5 12
      vertex -5.2 -8.5 12
      vertex -5.206578233178046 -8.75121258996613 12
    endloop
  endfacet
  facet normal 0 0 1
    outer loop
      vertex -3.2 -8.5 12
      vertex -5.206578233178046 -8.24878741003387 12
      vertex -5.2 -8.5 12
    endloop
  endfacet
  facet normal 0 0 1
    outer loop
      vertex -5.206578233178046 -8.24878741003387 12
      vertex -3.237251111495742 -7.7892064497799565 12
      vertex -5.226294902232288 -7.998263376315263 12
    endloop
  endfacet
  facet normal 0 0 1
    outer loop
      vertex -5.226294902232288 -7.998263376315263 12
      vertex -3.2837192839530633 -7.43624563772643 12
      vertex -5.259095965143339 -7.749114567806892 12
    endloop
  endfacet
  facet normal 0 0 1
    outer loop
      vertex -3.2837192839530633 -7.43624563772643 12
      vertex -5.304891516477733 -7.502023884074755 12
      vertex -5.259095965143339 -7.749114567806892 12
    endloop
  endfacet
  facet normal 0 0 1
    outer loop
      vertex -3.3485963150101217 -7.086200502439237 12
      vertex -5.363556033812472 -7.2576685835079005 12
      vertex -5.304891516477733 -7.502023884074755 12
    endloop
  endfacet
  facet normal 0 0 1
    outer loop
      vertex -3.3485963150101217 -7.086200502439237 12
      vertex -3.4317043812343355 -6.740030493302859 12
      vertex -5.363556033812472 -7.2576685835079005 12
    endloop
  endfacet
  facet normal 0 0 1
    outer loop
      vertex -3.4317043812343355 -6.740030493302859 12
      vertex -5.434928721783264 -7.016718427000253 12
      vertex -5.363556033812472 -7.2576685835079005 12
    endloop
  endfacet
  facet normal 0 0 1
    outer loop
      vertex -3.4317043812343355 -6.740030493302859 12
      vertex -5.5188139528134315 -6.779833842182558 12
      vertex -5.434928721783264 -7.016718427000253 12
    endloop
  endfacet
  facet normal -0.4771598359824591 -0.8788165285912599 0
    outer loop
      vertex -13.4 -14.388972745734183 0
      vertex -13.399999999731897 -14.388972745879752 12
      vertex -13.4 -14.388972745734183 12
    endloop
  endfacet
  facet normal -0.5224985647159488 -0.8526401643540923 0
    outer loop
      vertex -13.4 -14.388972745734183 0
      vertex -13.4 -14.388972745734183 12
      vertex -13.703545438102184 -14.202959862028884 12
    endloop
  endfacet
  facet normal -0.5664062369248328 -0.8241261886220156 0
    outer loop
      vertex -13.703545438102184 -14.202959862028884 0
      vertex -13.703545438102184 -14.202959862028884 12
      vertex -13.996939715588818 -14.001315561749642 12
    endloop
  endfacet
  facet normal 0.866025403806863 -0.49999999996115996 0
    outer loop
      vertex -12.39999999981075 -12.65692193826806 0
      vertex -12.39999999981075 -12.65692193826806 12
      vertex -13.399999999731897 -14.388972745879752 12
    endloop
  endfacet
  facet normal 0.477156120670029 0.8788185458370394 0
    outer loop
      vertex -12.39999999981075 -12.65692193826806 0
      vertex -12.4 -12.656921938165306 12
      vertex -12.39999999981075 -12.65692193826806 12
    endloop
  endfacet
  facet normal 0.5224985647159458 0.852640164354094 0
    outer loop
      vertex -12.4 -12.656921938165306 0
      vertex -12.614267368072131 -12.525618726138037 12
      vertex -12.4 -12.656921938165306 12
    endloop
  endfacet
  facet normal 0.5664062369248382 0.8241261886220119 0
    outer loop
      vertex -12.614267368072131 -12.525618726138037 0
      vertex -12.821369211003871 -12.383281572999747 12
      vertex -12.614267368072131 -12.525618726138037 12
    endloop
  endfacet
  facet normal 0.6087614290087188 0.7933533402912366 0
    outer loop
      vertex -12.821369211003871 -12.383281572999747 0
      vertex -13.02073787703922 -12.23030061499346 12
      vertex -12.821369211003871 -12.383281572999747 12
    endloop
  endfacet
  facet normal 0.6494480483301841 0.7604059656000306 0
    outer loop
      vertex -13.02073787703922 -12.23030061499346 0
      vertex -13.21182691052252 -12.067095162291492 12
      vertex -13.02073787703922 -12.23030061499346 12
    endloop
  endfacet
  facet normal 0.6883545756937534 0.7253743710122882 0
    outer loop
      vertex -13.21182691052252 -12.067095162291492 0
      vertex -13.394112549695429 -11.894112549695429 12
      vertex -13.21182691052252 -12.067095162291492 12
    endloop
  endfacet
  facet normal 0.7253743710122882 0.6883545756937534 0
    outer loop
      vertex -13.394112549695429 -11.894112549695429 0
      vertex -13.567095162291492 -11.71182691052252 12
      vertex -13.394112549695429 -11.894112549695429 12
    endloop
  endfacet
  facet normal 0.7604059656000336 0.6494480483301805 0
    outer loop
      vertex -13.567095162291492 -11.71182691052252 0
      vertex -13.73030061499346 -11.520737877039219 12
      vertex -13.567095162291492 -11.71182691052252 12
    endloop
  endfacet
  facet normal 0.793353340291234 0.6087614290087222 0
    outer loop
      vertex -13.73030061499346 -11.520737877039219 0
      vertex -13.883281572999747 -11.321369211003871 12
      vertex -13.73030061499346 -11.520737877039219 12
    endloop
  endfacet
  facet normal 0.8241261886220176 0.56640623692483 0
    outer loop
      vertex -13.883281572999747 -11.321369211003871 0
      vertex -14.025618726138035 -11.11426736807213 12
      vertex -13.883281572999747 -11.321369211003871 12
    endloop
  endfacet
  facet normal -0.6087614290087217 -0.7933533402912345 0
    outer loop
      vertex -13.996939715588818 -14.001315561749642 0
      vertex -13.996939715588818 -14.001315561749642 12
      vertex -14.279378659138894 -13.784592537907402 12
    endloop
  endfacet
  facet normal -0.6494480483301829 -0.7604059656000315 0
    outer loop
      vertex -14.279378659138894 -13.784592537907402 0
      vertex -14.279378659138894 -13.784592537907402 12
      vertex -14.550088123240236 -13.55338481324628 12
    endloop
  endfacet
  facet normal -0.6883545756937535 -0.7253743710122883 0
    outer loop
      vertex -14.550088123240236 -13.55338481324628 0
      vertex -14.550088123240236 -13.55338481324628 12
      vertex -14.808326112068524 -13.308326112068523 12
    endloop
  endfacet
  facet normal -0.7253743710122907 -0.6883545756937508 0
    outer loop
      vertex -15.05338481324628 -13.050088123240235 0
      vertex -14.808326112068524 -13.308326112068523 12
      vertex -15.05338481324628 -13.050088123240235 12
    endloop
  endfacet
  facet normal -0.7604059656000295 -0.6494480483301854 0
    outer loop
      vertex -15.284592537907402 -12.779378659138894 0
      vertex -15.05338481324628 -13.050088123240235 12
      vertex -15.284592537907402 -12.779378659138894 12
    endloop
  endfacet
  facet normal -0.7933533402912345 -0.6087614290087217 0
    outer loop
      vertex -15.501315561749642 -12.496939715588818 0
      vertex -15.284592537907402 -12.779378659138894 12
      vertex -15.501315561749642 -12.496939715588818 12
    endloop
  endfacet
  facet normal -0.8241261886220156 -0.5664062369248328 0
    outer loop
      vertex -15.702959862028884 -12.203545438102184 0
      vertex -15.501315561749642 -12.496939715588818 12
      vertex -15.702959862028884 -12.203545438102184 12
    endloop
  endfacet
  facet normal -0.8526401643540923 -0.5224985647159488 0
    outer loop
      vertex -15.888972745734183 -11.9 0
      vertex -15.702959862028884 -12.203545438102184 12
      vertex -15.888972745734183 -11.9 12
    endloop
  endfacet
  facet normal -0.8788171126619658 -0.4771587602596075 0
    outer loop
      vertex -16.0588443644809 -11.587135398228918 0
      vertex -15.888972745734183 -11.9 12
      vertex -16.0588443644809 -11.587135398228918 12
    endloop
  endfacet
  facet normal 0.8526401643540921 0.522498564715949 0
    outer loop
      vertex -14.025618726138035 -11.11426736807213 0
      vertex -14.156921938165304 -10.9 12
      vertex -14.025618726138035 -11.11426736807213 12
    endloop
  endfacet
  facet normal 0.8788171126619652 0.4771587602596088 0
    outer loop
      vertex -14.156921938165304 -10.9 0
      vertex -14.276831316104165 -10.679154398749825 12
      vertex -14.156921938165304 -10.9 12
    endloop
  endfacet
  facet normal 0.9025852843498592 0.4305110968082981 0
    outer loop
      vertex -14.276831316104165 -10.679154398749825 0
      vertex -14.385018196684484 -10.45233588676384 12
      vertex -14.276831316104165 -10.679154398749825 12
    endloop
  endfacet
  facet normal -0.9025852843498616 -0.4305110968082928 0
    outer loop
      vertex -16.212109111969685 -11.265809172915441 0
      vertex -16.0588443644809 -11.587135398228918 12
      vertex -16.212109111969685 -11.265809172915441 12
    endloop
  endfacet
  facet normal -0.9238795325112868 -0.3826834323650895 0
    outer loop
      vertex -16.34834690018097 -10.93690205690804 0
      vertex -16.212109111969685 -11.265809172915441 12
      vertex -16.34834690018097 -10.93690205690804 12
    endloop
  endfacet
  facet normal -0.9426414910921794 -0.33380685923376785 0
    outer loop
      vertex -16.467184310807042 -10.601315561749642 0
      vertex -16.34834690018097 -10.93690205690804 12
      vertex -16.467184310807042 -10.601315561749642 12
    endloop
  endfacet
  facet normal 0.9238795325112863 0.382683432365091 0
    outer loop
      vertex -14.385018196684484 -10.45233588676384 0
      vertex -14.481186047186569 -10.220166157817442 12
      vertex -14.385018196684484 -10.45233588676384 12
    endloop
  endfacet
  facet normal 0.9426414910921799 0.3338068592337667 0
    outer loop
      vertex -14.481186047186569 -10.220166157817442 0
      vertex -14.565071278216736 -9.983281572999747 12
      vertex -14.481186047186569 -10.220166157817442 12
    endloop
  endfacet
  facet normal 0.9588197348681917 0.28401534470392686 0
    outer loop
      vertex -14.565071278216736 -9.983281572999747 0
      vertex -14.636443966187528 -9.7423314164921 12
      vertex -14.565071278216736 -9.983281572999747 12
    endloop
  endfacet
  facet normal 0.9723699203976772 0.23344536385590328 0
    outer loop
      vertex -14.636443966187528 -9.7423314164921 0
      vertex -14.695108483522267 -9.497976115925244 12
      vertex -14.636443966187528 -9.7423314164921 12
    endloop
  endfacet
  facet normal 0.9832549075639537 0.18223552549215202 0
    outer loop
      vertex -14.695108483522267 -9.497976115925244 0
      vertex -14.740904034856662 -9.250885432193108 12
      vertex -14.695108483522267 -9.497976115925244 12
    endloop
  endfacet
  facet normal 0.9914448613738109 0.13052619222004722 0
    outer loop
      vertex -14.740904034856662 -9.250885432193108 0
      vertex -14.773705097767712 -9.001736623684737 12
      vertex -14.740904034856662 -9.250885432193108 12
    endloop
  endfacet
  facet normal 0.9969173337331282 0.07845909572784274 0
    outer loop
      vertex -14.773705097767712 -9.001736623684737 0
      vertex -14.793421766821954 -8.75121258996613 12
      vertex -14.773705097767712 -9.001736623684737 12
    endloop
  endfacet
  facet normal 0.9996573249755571 0.02617694830787892 0
    outer loop
      vertex -14.793421766821954 -8.75121258996613 0
      vertex -14.8 -8.5 12
      vertex -14.793421766821954 -8.75121258996613 12
    endloop
  endfacet
  facet normal -0.9588197348681918 -0.2840153447039271 0
    outer loop
      vertex -16.568295618765664 -10.259969506697141 0
      vertex -16.467184310807042 -10.601315561749642 12
      vertex -16.568295618765664 -10.259969506697141 12
    endloop
  endfacet
  facet normal -0.9723699203976749 -0.23344536385591208 0
    outer loop
      vertex -16.65140368498988 -9.913799497560763 0
      vertex -16.568295618765664 -10.259969506697141 12
      vertex -16.65140368498988 -9.913799497560763 12
    endloop
  endfacet
  facet normal -0.9832549075639544 -0.18223552549214825 0
    outer loop
      vertex -16.71628071604694 -9.56375436227357 0
      vertex -16.65140368498988 -9.913799497560763 12
      vertex -16.71628071604694 -9.56375436227357 12
    endloop
  endfacet
  facet normal -0.991444861373811 -0.13052619222004608 0
    outer loop
      vertex -16.76274888850426 -9.210793550220043 0
      vertex -16.71628071604694 -9.56375436227357 12
      vertex -16.76274888850426 -9.210793550220043 12
    endloop
  endfacet
  facet normal -0.996917333733128 -0.07845909572784426 0
    outer loop
      vertex -16.790680836331102 -8.855884502452017 0
      vertex -16.76274888850426 -9.210793550220043 12
      vertex -16.790680836331102 -8.855884502452017 12
    endloop
  endfacet
  facet normal -0.9996573249755571 -0.02617694830787559 0
    outer loop
      vertex -16.8 -8.5 0
      vertex -16.790680836331102 -8.855884502452017 12
      vertex -16.8 -8.5 12
    endloop
  endfacet
  facet normal 0.9996573249755571 -0.02617694830787892 0
    outer loop
      vertex -14.8 -8.5 0
      vertex -14.793421766821954 -8.24878741003387 12
      vertex -14.8 -8.5 12
    endloop
  endfacet
  facet normal 0.9969173337331282 -0.07845909572784274 0
    outer loop
      vertex -14.793421766821954 -8.24878741003387 0
      vertex -14.773705097767712 -7.998263376315263 12
      vertex -14.793421766821954 -8.24878741003387 12
    endloop
  endfacet
  facet normal 0.9914448613738109 -0.13052619222004722 0
    outer loop
      vertex -14.773705097767712 -7.998263376315263 0
      vertex -14.740904034856662 -7.749114567806892 12
      vertex -14.773705097767712 -7.998263376315263 12
    endloop
  endfacet
  facet normal 0.983254907563954 -0.1822355254921514 0
    outer loop
      vertex -14.740904034856662 -7.749114567806892 0
      vertex -14.695108483522267 -7.502023884074755 12
      vertex -14.740904034856662 -7.749114567806892 12
    endloop
  endfacet
  facet normal 0.972369920397677 -0.2334453638559041 0
    outer loop
      vertex -14.695108483522267 -7.502023884074755 0
      vertex -14.636443966187528 -7.2576685835079005 12
      vertex -14.695108483522267 -7.502023884074755 12
    endloop
  endfacet
  facet normal 0.9588197348681917 -0.28401534470392686 0
    outer loop
      vertex -14.636443966187528 -7.2576685835079005 0
      vertex -14.565071278216736 -7.016718427000253 12
      vertex -14.636443966187528 -7.2576685835079005 12
    endloop
  endfacet
  facet normal 0.9238795325112863 -0.382683432365091 0
    outer loop
      vertex -14.481186047186569 -6.779833842182558 0
      vertex -14.385018196684484 -6.547664113236159 12
      vertex -14.481186047186569 -6.779833842182558 12
    endloop
  endfacet
  facet normal 0.9426414910921799 -0.3338068592337667 0
    outer loop
      vertex -14.565071278216736 -7.016718427000253 0
      vertex -14.481186047186569 -6.779833842182558 12
      vertex -14.565071278216736 -7.016718427000253 12
    endloop
  endfacet
  facet normal -0.9996573249755571 0.02617694830787559 0
    outer loop
      vertex -16.790680836331102 -8.144115497547983 0
      vertex -16.8 -8.5 12
      vertex -16.790680836331102 -8.144115497547983 12
    endloop
  endfacet
  facet normal -0.996917333733128 0.07845909572784407 0
    outer loop
      vertex -16.76274888850426 -7.7892064497799565 0
      vertex -16.790680836331102 -8.144115497547983 12
      vertex -16.76274888850426 -7.7892064497799565 12
    endloop
  endfacet
  facet normal -0.991444861373811 0.13052619222004674 0
    outer loop
      vertex -16.71628071604694 -7.43624563772643 0
      vertex -16.76274888850426 -7.7892064497799565 12
      vertex -16.71628071604694 -7.43624563772643 12
    endloop
  endfacet
  facet normal -0.9832549075639546 0.18223552549214783 0
    outer loop
      vertex -16.65140368498988 -7.086200502439237 0
      vertex -16.71628071604694 -7.43624563772643 12
      vertex -16.65140368498988 -7.086200502439237 12
    endloop
  endfacet
  facet normal -0.9723699203976749 0.23344536385591208 0
    outer loop
      vertex -16.568295618765664 -6.740030493302859 0
      vertex -16.65140368498988 -7.086200502439237 12
      vertex -16.568295618765664 -6.740030493302859 12
    endloop
  endfacet
  facet normal 0 0 1
    outer loop
      vertex -13.4 -14.388972745734183 12
      vertex -13.399999999731897 -14.388972745879752 12
      vertex -12.39999999981075 -12.65692193826806 12
    endloop
  endfacet
  facet normal 0 0 1
    outer loop
      vertex -13.4 -14.388972745734183 12
      vertex -12.39999999981075 -12.65692193826806 12
      vertex -13.703545438102184 -14.202959862028884 12
    endloop
  endfacet
  facet normal 0 0 1
    outer loop
      vertex -12.39999999981075 -12.65692193826806 12
      vertex -13.996939715588818 -14.001315561749642 12
      vertex -13.703545438102184 -14.202959862028884 12
    endloop
  endfacet
  facet normal 0 0 1
    outer loop
      vertex -12.39999999981075 -12.65692193826806 12
      vertex -14.279378659138894 -13.784592537907402 12
      vertex -13.996939715588818 -14.001315561749642 12
    endloop
  endfacet
  facet normal 0 0 1
    outer loop
      vertex -12.39999999981075 -12.65692193826806 12
      vertex -14.550088123240236 -13.55338481324628 12
      vertex -14.279378659138894 -13.784592537907402 12
    endloop
  endfacet
  facet normal 0 0 1
    outer loop
      vertex -12.39999999981075 -12.65692193826806 12
      vertex -14.808326112068524 -13.308326112068523 12
      vertex -14.550088123240236 -13.55338481324628 12
    endloop
  endfacet
  facet normal 0 0 1
    outer loop
      vertex -12.4 -12.656921938165306 12
      vertex -15.284592537907402 -12.779378659138894 12
      vertex -12.39999999981075 -12.65692193826806 12
    endloop
  endfacet
  facet normal 0 0 1
    outer loop
      vertex -12.4 -12.656921938165306 12
      vertex -12.614267368072131 -12.525618726138037 12
      vertex -15.284592537907402 -12.779378659138894 12
    endloop
  endfacet
  facet normal 0 0 1
    outer loop
      vertex -12.614267368072131 -12.525618726138037 12
      vertex -12.821369211003871 -12.383281572999747 12
      vertex -15.284592537907402 -12.779378659138894 12
    endloop
  endfacet
  facet normal 0 0 1
    outer loop
      vertex -12.821369211003871 -12.383281572999747 12
      vertex -13.02073787703922 -12.23030061499346 12
      vertex -15.501315561749642 -12.496939715588818 12
    endloop
  endfacet
  facet normal 0 0 1
    outer loop
      vertex -13.02073787703922 -12.23030061499346 12
      vertex -13.21182691052252 -12.067095162291492 12
      vertex -15.501315561749642 -12.496939715588818 12
    endloop
  endfacet
  facet normal 0 0 1
    outer loop
      vertex -12.39999999981075 -12.65692193826806 12
      vertex -15.05338481324628 -13.050088123240235 12
      vertex -14.808326112068524 -13.308326112068523 12
    endloop
  endfacet
  facet normal 0 0 1
    outer loop
      vertex -12.39999999981075 -12.65692193826806 12
      vertex -15.284592537907402 -12.779378659138894 12
      vertex -15.05338481324628 -13.050088123240235 12
    endloop
  endfacet
  facet normal 0 0 1
    outer loop
      vertex -12.821369211003871 -12.383281572999747 12
      vertex -15.501315561749642 -12.496939715588818 12
      vertex -15.284592537907402 -12.779378659138894 12
    endloop
  endfacet
  facet normal 0 0 1
    outer loop
      vertex -13.21182691052252 -12.067095162291492 12
      vertex -13.394112549695429 -11.894112549695429 12
      vertex -15.702959862028884 -12.203545438102184 12
    endloop
  endfacet
  facet normal 0 0 1
    outer loop
      vertex -13.21182691052252 -12.067095162291492 12
      vertex -15.702959862028884 -12.203545438102184 12
      vertex -15.501315561749642 -12.496939715588818 12
    endloop
  endfacet
  facet normal 0 0 1
    outer loop
      vertex -13.394112549695429 -11.894112549695429 12
      vertex -15.888972745734183 -11.9 12
      vertex -15.702959862028884 -12.203545438102184 12
    endloop
  endfacet
  facet normal 0 0 1
    outer loop
      vertex -13.394112549695429 -11.894112549695429 12
      vertex -13.567095162291492 -11.71182691052252 12
      vertex -15.888972745734183 -11.9 12
    endloop
  endfacet
  facet normal 0 0 1
    outer loop
      vertex -13.567095162291492 -11.71182691052252 12
      vertex -13.73030061499346 -11.520737877039219 12
      vertex -15.888972745734183 -11.9 12
    endloop
  endfacet
  facet normal 0 0 1
    outer loop
      vertex -13.73030061499346 -11.520737877039219 12
      vertex -16.0588443644809 -11.587135398228918 12
      vertex -15.888972745734183 -11.9 12
    endloop
  endfacet
  facet normal 0 0 1
    outer loop
      vertex -13.73030061499346 -11.520737877039219 12
      vertex -13.883281572999747 -11.321369211003871 12
      vertex -16.0588443644809 -11.587135398228918 12
    endloop
  endfacet
  facet normal 0 0 1
    outer loop
      vertex -13.883281572999747 -11.321369211003871 12
      vertex -14.025618726138035 -11.11426736807213 12
      vertex -16.0588443644809 -11.587135398228918 12
    endloop
  endfacet
  facet normal 0 0 1
    outer loop
      vertex -16.212109111969685 -11.265809172915441 12
      vertex -14.025618726138035 -11.11426736807213 12
      vertex -14.156921938165304 -10.9 12
    endloop
  endfacet
  facet normal 0 0 1
    outer loop
      vertex -14.156921938165304 -10.9 12
      vertex -14.276831316104165 -10.679154398749825 12
      vertex -16.34834690018097 -10.93690205690804 12
    endloop
  endfacet
  facet normal 0 0 1
    outer loop
      vertex -14.276831316104165 -10.679154398749825 12
      vertex -14.385018196684484 -10.45233588676384 12
      vertex -16.34834690018097 -10.93690205690804 12
    endloop
  endfacet
  facet normal 0 0 1
    outer loop
      vertex -16.0588443644809 -11.587135398228918 12
      vertex -14.025618726138035 -11.11426736807213 12
      vertex -16.212109111969685 -11.265809172915441 12
    endloop
  endfacet
  facet normal 0 0 1
    outer loop
      vertex -16.212109111969685 -11.265809172915441 12
      vertex -14.156921938165304 -10.9 12
      vertex -16.34834690018097 -10.93690205690804 12
    endloop
  endfacet
  facet normal 0 0 1
    outer loop
      vertex -14.385018196684484 -10.45233588676384 12
      vertex -16.467184310807042 -10.601315561749642 12
      vertex -16.34834690018097 -10.93690205690804 12
    endloop
  endfacet
  facet normal 0 0 1
    outer loop
      vertex -14.385018196684484 -10.45233588676384 12
      vertex -14.481186047186569 -10.220166157817442 12
      vertex -16.467184310807042 -10.601315561749642 12
    endloop
  endfacet
  facet normal 0 0 1
    outer loop
      vertex -14.481186047186569 -10.220166157817442 12
      vertex -14.565071278216736 -9.983281572999747 12
      vertex -16.568295618765664 -10.259969506697141 12
    endloop
  endfacet
  facet normal 0 0 1
    outer loop
      vertex -14.481186047186569 -10.220166157817442 12
      vertex -16.568295618765664 -10.259969506697141 12
      vertex -16.467184310807042 -10.601315561749642 12
    endloop
  endfacet
  facet normal 0 0 1
    outer loop
      vertex -14.565071278216736 -9.983281572999747 12
      vertex -14.636443966187528 -9.7423314164921 12
      vertex -16.568295618765664 -10.259969506697141 12
    endloop
  endfacet
  facet normal 0 0 1
    outer loop
      vertex -14.636443966187528 -9.7423314164921 12
      vertex -14.695108483522267 -9.497976115925244 12
      vertex -16.65140368498988 -9.913799497560763 12
    endloop
  endfacet
  facet normal 0 0 1
    outer loop
      vertex -14.636443966187528 -9.7423314164921 12
      vertex -16.65140368498988 -9.913799497560763 12
      vertex -16.568295618765664 -10.259969506697141 12
    endloop
  endfacet
  facet normal 0 0 1
    outer loop
      vertex -16.71628071604694 -9.56375436227357 12
      vertex -14.695108483522267 -9.497976115925244 12
      vertex -14.740904034856662 -9.250885432193108 12
    endloop
  endfacet
  facet normal 0 0 1
    outer loop
      vertex -16.71628071604694 -9.56375436227357 12
      vertex -14.740904034856662 -9.250885432193108 12
      vertex -14.773705097767712 -9.001736623684737 12
    endloop
  endfacet
  facet normal 0 0 1
    outer loop
      vertex -14.773705097767712 -9.001736623684737 12
      vertex -14.793421766821954 -8.75121258996613 12
      vertex -16.76274888850426 -9.210793550220043 12
    endloop
  endfacet
  facet normal 0 0 1
    outer loop
      vertex -16.65140368498988 -9.913799497560763 12
      vertex -14.695108483522267 -9.497976115925244 12
      vertex -16.71628071604694 -9.56375436227357 12
    endloop
  endfacet
  facet normal 0 0 1
    outer loop
      vertex -16.71628071604694 -9.56375436227357 12
      vertex -14.773705097767712 -9.001736623684737 12
      vertex -16.76274888850426 -9.210793550220043 12
    endloop
  endfacet
  facet normal 0 0 1
    outer loop
      vertex -14.793421766821954 -8.75121258996613 12
      vertex -16.790680836331102 -8.855884502452017 12
      vertex -16.76274888850426 -9.210793550220043 12
    endloop
  endfacet
  facet normal 0 0 1
    outer loop
      vertex -14.793421766821954 -8.75121258996613 12
      vertex -16.8 -8.5 12
      vertex -16.790680836331102 -8.855884502452017 12
    endloop
  endfacet
  facet normal 0 0 1
    outer loop
      vertex -14.793421766821954 -8.75121258996613 12
      vertex -14.8 -8.5 12
      vertex -16.8 -8.5 12
    endloop
  endfacet
  facet normal 0 0 1
    outer loop
      vertex -14.8 -8.5 12
      vertex -14.793421766821954 -8.24878741003387 12
      vertex -16.8 -8.5 12
    endloop
  endfacet
  facet normal 0 0 1
    outer loop
      vertex -14.793421766821954 -8.24878741003387 12
      vertex -14.773705097767712 -7.998263376315263 12
      vertex -16.790680836331102 -8.144115497547983 12
    endloop
  endfacet
  facet normal 0 0 1
    outer loop
      vertex -14.773705097767712 -7.998263376315263 12
      vertex -14.740904034856662 -7.749114567806892 12
      vertex -16.76274888850426 -7.7892064497799565 12
    endloop
  endfacet
  facet normal 0 0 1
    outer loop
      vertex -14.740904034856662 -7.749114567806892 12
      vertex -14.695108483522267 -7.502023884074755 12
      vertex -16.76274888850426 -7.7892064497799565 12
    endloop
  endfacet
  facet normal 0 0 1
    outer loop
      vertex -14.636443966187528 -7.2576685835079005 12
      vertex -16.71628071604694 -7.43624563772643 12
      vertex -14.695108483522267 -7.502023884074755 12
    endloop
  endfacet
  facet normal 0 0 1
    outer loop
      vertex -14.636443966187528 -7.2576685835079005 12
      vertex -16.65140368498988 -7.086200502439237 12
      vertex -16.71628071604694 -7.43624563772643 12
    endloop
  endfacet
  facet normal 0 0 1
    outer loop
      vertex -14.636443966187528 -7.2576685835079005 12
      vertex -14.565071278216736 -7.016718427000253 12
      vertex -16.65140368498988 -7.086200502439237 12
    endloop
  endfacet
  facet normal 0 0 1
    outer loop
      vertex -14.565071278216736 -7.016718427000253 12
      vertex -14.481186047186569 -6.779833842182558 12
      vertex -16.568295618765664 -6.740030493302859 12
    endloop
  endfacet
  facet normal 0 0 1
    outer loop
      vertex -14.565071278216736 -7.016718427000253 12
      vertex -16.568295618765664 -6.740030493302859 12
      vertex -16.65140368498988 -7.086200502439237 12
    endloop
  endfacet
  facet normal 0 0 1
    outer loop
      vertex -14.793421766821954 -8.24878741003387 12
      vertex -16.790680836331102 -8.144115497547983 12
      vertex -16.8 -8.5 12
    endloop
  endfacet
  facet normal 0 0 1
    outer loop
      vertex -14.773705097767712 -7.998263376315263 12
      vertex -16.76274888850426 -7.7892064497799565 12
      vertex -16.790680836331102 -8.144115497547983 12
    endloop
  endfacet
  facet normal 0 0 1
    outer loop
      vertex -14.695108483522267 -7.502023884074755 12
      vertex -16.71628071604694 -7.43624563772643 12
      vertex -16.76274888850426 -7.7892064497799565 12
    endloop
  endfacet
  facet normal 0.9588197348681924 0.28401534470392475 0
    outer loop
      vertex -3.4317043812343355 -6.740030493302859 0
      vertex -3.5328156891929563 -6.398684438250358 12
      vertex -3.4317043812343355 -6.740030493302859 12
    endloop
  endfacet
  facet normal 0.942641491092179 0.3338068592337693 0
    outer loop
      vertex -3.5328156891929563 -6.398684438250358 0
      vertex -3.651653099819028 -6.063097943091958 12
      vertex -3.5328156891929563 -6.398684438250358 12
    endloop
  endfacet
  facet normal 0.9238795325112864 0.3826834323650904 0
    outer loop
      vertex -3.651653099819028 -6.063097943091958 0
      vertex -3.787890888030314 -5.734190827084559 12
      vertex -3.651653099819028 -6.063097943091958 12
    endloop
  endfacet
  facet normal 0.9025852843498607 0.43051109680829486 0
    outer loop
      vertex -3.787890888030314 -5.734190827084559 0
      vertex -3.941155635519099 -5.412864601771082 12
      vertex -3.787890888030314 -5.734190827084559 12
    endloop
  endfacet
  facet normal -0.9238795325112863 -0.382683432365091 0
    outer loop
      vertex -5.614981803315516 -6.547664113236159 0
      vertex -5.5188139528134315 -6.779833842182558 12
      vertex -5.614981803315516 -6.547664113236159 12
    endloop
  endfacet
  facet normal -0.9025852843498606 -0.43051109680829525 0
    outer loop
      vertex -5.723168683895834 -6.320845601250175 0
      vertex -5.614981803315516 -6.547664113236159 12
      vertex -5.723168683895834 -6.320845601250175 12
    endloop
  endfacet
  facet normal -0.8788171126619652 -0.4771587602596088 0
    outer loop
      vertex -5.843078061834695 -6.1 0
      vertex -5.723168683895834 -6.320845601250175 12
      vertex -5.843078061834695 -6.1 12
    endloop
  endfacet
  facet normal -0.8526401643540931 -0.5224985647159475 0
    outer loop
      vertex -5.974381273861964 -5.88573263192787 0
      vertex -5.843078061834695 -6.1 12
      vertex -5.974381273861964 -5.88573263192787 12
    endloop
  endfacet
  facet normal 0.8788171126619658 0.4771587602596075 0
    outer loop
      vertex -3.941155635519099 -5.412864601771082 0
      vertex -4.111027254265817 -5.1 12
      vertex -3.941155635519099 -5.412864601771082 12
    endloop
  endfacet
  facet normal 0.8526401643540923 0.5224985647159488 0
    outer loop
      vertex -4.111027254265817 -5.1 0
      vertex -4.297040137971116 -4.796454561897816 12
      vertex -4.111027254265817 -5.1 12
    endloop
  endfacet
  facet normal 0.8241261886220156 0.5664062369248328 0
    outer loop
      vertex -4.297040137971116 -4.796454561897816 0
      vertex -4.498684438250358 -4.503060284411182 12
      vertex -4.297040137971116 -4.796454561897816 12
    endloop
  endfacet
  facet normal 0.7933533402912345 0.6087614290087217 0
    outer loop
      vertex -4.498684438250358 -4.503060284411182 0
      vertex -4.715407462092598 -4.220621340861106 12
      vertex -4.498684438250358 -4.503060284411182 12
    endloop
  endfacet
  facet normal 0.7604059656000306 0.6494480483301842 0
    outer loop
      vertex -4.715407462092598 -4.220621340861106 0
      vertex -4.94661518675372 -3.9499118767597645 12
      vertex -4.715407462092598 -4.220621340861106 12
    endloop
  endfacet
  facet normal 0.7253743710122895 0.6883545756937521 0
    outer loop
      vertex -4.94661518675372 -3.9499118767597645 0
      vertex -5.1916738879314765 -3.6916738879314765 12
      vertex -4.94661518675372 -3.9499118767597645 12
    endloop
  endfacet
  facet normal 0.6883545756937517 0.7253743710122897 1.3337522203269569e-17
    outer loop
      vertex -5.4499118767597645 -3.4466151867537196 0.038985641453202824
      vertex -5.396753573848945 -3.497060532642784 12
      vertex -5.1916738879314765 -3.6916738879314765 12
    endloop
  endfacet
  facet normal 0.6883545756937534 0.7253743710122883 0
    outer loop
      vertex -5.4499118767597645 -3.4466151867537196 0.038985641453202824
      vertex -5.4499118767597645 -3.4466151867537196 11.961014358546798
      vertex -5.396753573848945 -3.497060532642784 12
    endloop
  endfacet
  facet normal 0.6494480483301841 0.7604059656000306 0
    outer loop
      vertex -5.720621340861106 -3.215407462092598 0.21766974592285404
      vertex -5.720621340861106 -3.215407462092598 11.782330254077145
      vertex -5.4499118767597645 -3.4466151867537196 11.961014358546798
    endloop
  endfacet
  facet normal 0.6087614290087213 0.7933533402912346 0
    outer loop
      vertex -6.001345813678249 -2.9999999979138376 0.3841429461123127
      vertex -6.001345813678249 -2.9999999979138376 11.615857053887687
      vertex -5.720621340861106 -3.215407462092598 11.782330254077145
    endloop
  endfacet
  facet normal -0.8241261886220148 -0.5664062369248342 0
    outer loop
      vertex -6.116718427000253 -5.678630788996129 0
      vertex -5.974381273861964 -5.88573263192787 12
      vertex -6.116718427000253 -5.678630788996129 12
    endloop
  endfacet
  facet normal -0.7933533402912353 -0.6087614290087204 0
    outer loop
      vertex -6.26969938500654 -5.4792621229607805 0
      vertex -6.116718427000253 -5.678630788996129 12
      vertex -6.26969938500654 -5.4792621229607805 12
    endloop
  endfacet
  facet normal -0.760405965600032 -0.6494480483301822 0
    outer loop
      vertex -6.432904837708508 -5.28817308947748 0
      vertex -6.26969938500654 -5.4792621229607805 12
      vertex -6.432904837708508 -5.28817308947748 12
    endloop
  endfacet
  facet normal -0.7253743710122882 -0.6883545756937534 0
    outer loop
      vertex -6.6058874503045715 -5.1058874503045715 0
      vertex -6.432904837708508 -5.28817308947748 12
      vertex -6.6058874503045715 -5.1058874503045715 12
    endloop
  endfacet
  facet normal -0.6883545756937534 -0.7253743710122882 0
    outer loop
      vertex -6.78817308947748 -4.932904837708508 0
      vertex -6.6058874503045715 -5.1058874503045715 12
      vertex -6.78817308947748 -4.932904837708508 12
    endloop
  endfacet
  facet normal -0.6494480483301822 -0.760405965600032 0
    outer loop
      vertex -6.9792621229607805 -4.76969938500654 0
      vertex -6.78817308947748 -4.932904837708508 12
      vertex -6.9792621229607805 -4.76969938500654 12
    endloop
  endfacet
  facet normal -0.6087614290087204 -0.7933533402912353 0
    outer loop
      vertex -7.178630788996129 -4.616718427000253 0
      vertex -6.9792621229607805 -4.76969938500654 12
      vertex -7.178630788996129 -4.616718427000253 12
    endloop
  endfacet
  facet normal -0.5664062369248342 -0.8241261886220148 0
    outer loop
      vertex -7.38573263192787 -4.474381273861964 0
      vertex -7.178630788996129 -4.616718427000253 12
      vertex -7.38573263192787 -4.474381273861964 12
    endloop
  endfacet
  facet normal -0.5224985647159475 -0.8526401643540931 0
    outer loop
      vertex -7.6 -4.343078061834695 0
      vertex -7.38573263192787 -4.474381273861964 12
      vertex -7.6 -4.343078061834695 12
    endloop
  endfacet
  facet normal -0.4771587602596088 -0.8788171126619652 0
    outer loop
      vertex -7.820845601250175 -4.223168683895834 0
      vertex -7.6 -4.343078061834695 12
      vertex -7.820845601250175 -4.223168683895834 12
    endloop
  endfacet
  facet normal -0.43051109680829547 -0.9025852843498605 4.4169368883989376e-17
    outer loop
      vertex -7.85984209361363 -4.204568311177416 0
      vertex -7.820845601250175 -4.223168683895834 12
      vertex -7.859842093613636 -4.204568311177413 12
    endloop
  endfacet
  facet normal -0.4305110968082952 -0.9025852843498606 4.4169368883989567e-17
    outer loop
      vertex -7.85984209361363 -4.204568311177416 0
      vertex -7.859842093613636 -4.204568311177413 12
      vertex -8.04766411323616 -4.114981803315516 11.926711620521187
    endloop
  endfacet
  facet normal 0 -1 0
    outer loop
      vertex -6.001250192523003 -2.9999999979138376 0.3841429461123127
      vertex -6.001250192523003 -2.9999999979138376 11.615857053887687
      vertex -6.001345813678249 -2.9999999979138376 11.615857053887687
    endloop
  endfacet
  facet normal -0.38268343236508884 -0.9238795325112872 0
    outer loop
      vertex -8.051803184771899 -4.113267343749779 0.0749034502038084
      vertex -8.051803184771899 -4.113267343749779 11.925096549796194
      vertex -8.279833842182558 -4.0188139528134315 11.857208881725873
    endloop
  endfacet
  facet normal -0.38268343236521063 -0.9238795325112367 0
    outer loop
      vertex -8.051803184771899 -4.113267343749779 0.0749034502038084
      vertex -8.04766411323616 -4.114981803315516 11.926711620521187
      vertex -8.051803184771899 -4.113267343749779 11.925096549796194
    endloop
  endfacet
  facet normal -0.33380685923376674 -0.94264149109218 0
    outer loop
      vertex -8.279833842182558 -4.0188139528134315 0.14279111827412905
      vertex -8.279833842182558 -4.0188139528134315 11.857208881725873
      vertex -8.516718427000253 -3.9349287217832636 11.78668528525999
    endloop
  endfacet
  facet normal -0.2840153447039579 -0.9588197348681825 3.681112247739823e-17
    outer loop
      vertex -8.527087077155205 -3.931857387682826 0.2164015956359826
      vertex -8.516718427000253 -3.9349287217832636 11.78668528525999
      vertex -8.527087077155205 -3.9318573876828258 11.78359840436402
    endloop
  endfacet
  facet normal -0.2840153447039255 -0.9588197348681922 3.68111224773986e-17
    outer loop
      vertex -8.527087077155205 -3.931857387682826 0.2164015956359826
      vertex -8.527087077155205 -3.9318573876828258 11.78359840436402
      vertex -8.7576685835079 -3.863556033812472 11.735250546701137
    endloop
  endfacet
  facet normal -0.23344536385590328 -0.9723699203976772 0
    outer loop
      vertex -8.7576685835079 -3.863556033812472 0.2647494532988661
      vertex -8.7576685835079 -3.863556033812472 11.735250546701137
      vertex -9.002023884074756 -3.804891516477733 11.684014628097556
    endloop
  endfacet
  facet normal -0.13052619222005069 -0.9914448613738106 0
    outer loop
      vertex -9.249114567806892 -3.759095965143339 0.3476702145973727
      vertex -9.249114567806892 -3.759095965143339 11.652329785402628
      vertex -9.498263376315263 -3.726294902232288 11.621273418809698
    endloop
  endfacet
  facet normal -0.07845909572785856 -0.9969173337331269 1.2398498696543077e-17
    outer loop
      vertex -9.504523927166007 -3.7258021861946724 0.3795069580400199
      vertex -9.498263376315263 -3.726294902232288 11.621273418809698
      vertex -9.504523927166005 -3.7258021861946724 11.620493041959982
    endloop
  endfacet
  facet normal -0.07845909572784232 -0.9969173337331281 1.2398498696540512e-17
    outer loop
      vertex -9.504523927166007 -3.7258021861946724 0.3795069580400199
      vertex -9.504523927166005 -3.7258021861946724 11.620493041959982
      vertex -9.74878741003387 -3.706578233178046 11.610390229577801
    endloop
  endfacet
  facet normal -0.026176948307875387 -0.9996573249755573 0
    outer loop
      vertex -9.74878741003387 -3.706578233178046 0.3896097704222017
      vertex -9.74878741003387 -3.706578233178046 11.610390229577801
      vertex -10 -3.7 11.600000000000001
    endloop
  endfacet
  facet normal -0.18223552549216362 -0.9832549075639516 9.938481929947065e-18
    outer loop
      vertex -9.012432458315596 -3.802962401268837 0.31816782041633473
      vertex -9.002023884074756 -3.804891516477733 11.684014628097556
      vertex -9.012432458315597 -3.8029624012688363 11.681832179583667
    endloop
  endfacet
  facet normal -0.18223552549214792 -0.9832549075639544 9.938481929949633e-18
    outer loop
      vertex -9.012432458315596 -3.802962401268837 0.31816782041633473
      vertex -9.012432458315597 -3.8029624012688363 11.681832179583667
      vertex -9.249114567806892 -3.759095965143339 11.652329785402628
    endloop
  endfacet
  facet normal 1 0 0
    outer loop
      vertex -1.9900000000000002 -2 1.1547005400061607
      vertex -1.9900000000000002 -2 10.84529945999384
      vertex -1.9900000000000002 -2.01 10.845299461620748
    endloop
  endfacet
  facet normal 0 -1 0
    outer loop
      vertex -1.9900000000000002 -2.01 1.1547005383792515
      vertex -1.9900000000000002 -2.01 10.845299461620748
      vertex -5.252001833110366 -2.01 10.845299461620748
    endloop
  endfacet
  facet normal 1 0 0
    outer loop
      vertex -1.9900000000000002 -2 1.1547005400061607
      vertex -1.9900000000000002 -1.5 10.84529945999384
      vertex -1.9900000000000002 -2 10.84529945999384
    endloop
  endfacet
  facet normal 0.7973834519379771 -0.6034729741881371 0
    outer loop
      vertex -6.001250192523003 -2.9999999979138376 0.3841429461123127
      vertex -5.252001833110367 -2.01 10.850756046507996
      vertex -6.001250192523003 -2.9999999979138376 11.615857053887687
    endloop
  endfacet
  facet normal 0.7973834519361038 -0.603472974190612 1.2955454738634846e-13
    outer loop
      vertex -5.50078660049929 -2.3387253366682184 0.8951953810010256
      vertex -5.252001833110366 -2.01 10.845299461620748
      vertex -5.252001833110367 -2.01 10.850756046507996
    endloop
  endfacet
  facet normal 1 0 0
    outer loop
      vertex -1.9900000000000002 -1.5 1.1547005400061607
      vertex -1.9900000000000002 0.5 12
      vertex -1.9900000000000002 -1.5 10.84529945999384
    endloop
  endfacet
  facet normal 1 0 0
    outer loop
      vertex -1.9900000000000002 0.5 0
      vertex -1.9900000000000002 1 12
      vertex -1.9900000000000002 0.5 12
    endloop
  endfacet
  facet normal 0 1 0
    outer loop
      vertex -18.009999999999998 1 12
      vertex -1.9900000000000002 1 12
      vertex -1.9900000000000002 1 0
    endloop
  endfacet
  facet normal 0 0 1
    outer loop
      vertex -3.4317043812343355 -6.740030493302859 12
      vertex -3.5328156891929563 -6.398684438250358 12
      vertex -5.5188139528134315 -6.779833842182558 12
    endloop
  endfacet
  facet normal 0 0 1
    outer loop
      vertex -3.5328156891929563 -6.398684438250358 12
      vertex -3.651653099819028 -6.063097943091958 12
      vertex -5.614981803315516 -6.547664113236159 12
    endloop
  endfacet
  facet normal 0 0 1
    outer loop
      vertex -3.5328156891929563 -6.398684438250358 12
      vertex -5.614981803315516 -6.547664113236159 12
      vertex -5.5188139528134315 -6.779833842182558 12
    endloop
  endfacet
  facet normal 0 0 1
    outer loop
      vertex -3.651653099819028 -6.063097943091958 12
      vertex -3.787890888030314 -5.734190827084559 12
      vertex -5.843078061834695 -6.1 12
    endloop
  endfacet
  facet normal 0 0 1
    outer loop
      vertex -5.614981803315516 -6.547664113236159 12
      vertex -3.651653099819028 -6.063097943091958 12
      vertex -5.723168683895834 -6.320845601250175 12
    endloop
  endfacet
  facet normal 0 0 1
    outer loop
      vertex -3.651653099819028 -6.063097943091958 12
      vertex -5.843078061834695 -6.1 12
      vertex -5.723168683895834 -6.320845601250175 12
    endloop
  endfacet
  facet normal 0 0 1
    outer loop
      vertex -3.787890888030314 -5.734190827084559 12
      vertex -5.974381273861964 -5.88573263192787 12
      vertex -5.843078061834695 -6.1 12
    endloop
  endfacet
  facet normal 0 0 1
    outer loop
      vertex -3.787890888030314 -5.734190827084559 12
      vertex -3.941155635519099 -5.412864601771082 12
      vertex -5.974381273861964 -5.88573263192787 12
    endloop
  endfacet
  facet normal 0 0 1
    outer loop
      vertex -3.941155635519099 -5.412864601771082 12
      vertex -4.111027254265817 -5.1 12
      vertex -6.26969938500654 -5.4792621229607805 12
    endloop
  endfacet
  facet normal 0 0 1
    outer loop
      vertex -3.941155635519099 -5.412864601771082 12
      vertex -6.116718427000253 -5.678630788996129 12
      vertex -5.974381273861964 -5.88573263192787 12
    endloop
  endfacet
  facet normal 0 0 1
    outer loop
      vertex -3.941155635519099 -5.412864601771082 12
      vertex -6.26969938500654 -5.4792621229607805 12
      vertex -6.116718427000253 -5.678630788996129 12
    endloop
  endfacet
  facet normal 0 0 1
    outer loop
      vertex -4.111027254265817 -5.1 12
      vertex -6.432904837708508 -5.28817308947748 12
      vertex -6.26969938500654 -5.4792621229607805 12
    endloop
  endfacet
  facet normal 0 0 1
    outer loop
      vertex -4.111027254265817 -5.1 12
      vertex -4.297040137971116 -4.796454561897816 12
      vertex -6.6058874503045715 -5.1058874503045715 12
    endloop
  endfacet
  facet normal 0 0 1
    outer loop
      vertex -4.111027254265817 -5.1 12
      vertex -6.6058874503045715 -5.1058874503045715 12
      vertex -6.432904837708508 -5.28817308947748 12
    endloop
  endfacet
  facet normal 0 0 1
    outer loop
      vertex -4.297040137971116 -4.796454561897816 12
      vertex -6.78817308947748 -4.932904837708508 12
      vertex -6.6058874503045715 -5.1058874503045715 12
    endloop
  endfacet
  facet normal 0 0 1
    outer loop
      vertex -4.297040137971116 -4.796454561897816 12
      vertex -4.498684438250358 -4.503060284411182 12
      vertex -6.78817308947748 -4.932904837708508 12
    endloop
  endfacet
  facet normal 0 0 1
    outer loop
      vertex -4.498684438250358 -4.503060284411182 12
      vertex -4.715407462092598 -4.220621340861106 12
      vertex -7.178630788996129 -4.616718427000253 12
    endloop
  endfacet
  facet normal 0 0 1
    outer loop
      vertex -4.715407462092598 -4.220621340861106 12
      vertex -4.94661518675372 -3.9499118767597645 12
      vertex -7.820845601250175 -4.223168683895834 12
    endloop
  endfacet
  facet normal 0 0 1
    outer loop
      vertex -6.78817308947748 -4.932904837708508 12
      vertex -4.498684438250358 -4.503060284411182 12
      vertex -6.9792621229607805 -4.76969938500654 12
    endloop
  endfacet
  facet normal 0 0 1
    outer loop
      vertex -6.9792621229607805 -4.76969938500654 12
      vertex -4.498684438250358 -4.503060284411182 12
      vertex -7.178630788996129 -4.616718427000253 12
    endloop
  endfacet
  facet normal 0 0 1
    outer loop
      vertex -4.715407462092598 -4.220621340861106 12
      vertex -7.38573263192787 -4.474381273861964 12
      vertex -7.178630788996129 -4.616718427000253 12
    endloop
  endfacet
  facet normal 0 0 1
    outer loop
      vertex -4.715407462092598 -4.220621340861106 12
      vertex -7.6 -4.343078061834695 12
      vertex -7.38573263192787 -4.474381273861964 12
    endloop
  endfacet
  facet normal 0 0 1
    outer loop
      vertex -4.94661518675372 -3.9499118767597645 12
      vertex -5.1916738879314765 -3.6916738879314765 12
      vertex -7.859842093613636 -4.204568311177413 12
    endloop
  endfacet
  facet normal 0 0 1
    outer loop
      vertex -4.715407462092598 -4.220621340861106 12
      vertex -7.820845601250175 -4.223168683895834 12
      vertex -7.6 -4.343078061834695 12
    endloop
  endfacet
  facet normal 0 0 1
    outer loop
      vertex -4.94661518675372 -3.9499118767597645 12
      vertex -7.859842093613636 -4.204568311177413 12
      vertex -7.820845601250175 -4.223168683895834 12
    endloop
  endfacet
  facet normal -0.3635079705638252 -4.563341134036389e-16 0.9315910880512809
    outer loop
      vertex -7.859842093613636 -4.204568311177413 12
      vertex -7.859842093613637 -3.497060532642784 12
      vertex -8.04766411323616 -4.114981803315516 11.926711620521187
    endloop
  endfacet
  facet normal 0 0 1
    outer loop
      vertex -5.1916738879314765 -3.6916738879314765 12
      vertex -5.396753573848945 -3.497060532642784 12
      vertex -7.859842093613637 -3.497060532642784 12
    endloop
  endfacet
  facet normal 0 0.6114980476219238 0.7912459401188581
    outer loop
      vertex -5.396753573848945 -3.497060532642784 12
      vertex -5.4499118767597645 -3.4466151867537196 11.961014358546798
      vertex -7.859842093613637 -3.497060532642784 12
    endloop
  endfacet
  facet normal -3.173900332471272e-16 0.6114980476219333 0.7912459401188507
    outer loop
      vertex -5.720621340861106 -3.215407462092598 11.782330254077145
      vertex -7.859842093613637 -3.497060532642784 12
      vertex -5.4499118767597645 -3.4466151867537196 11.961014358546798
    endloop
  endfacet
  facet normal 0 0 1
    outer loop
      vertex -5.1916738879314765 -3.6916738879314765 12
      vertex -7.859842093613637 -3.497060532642784 12
      vertex -7.859842093613636 -4.204568311177413 12
    endloop
  endfacet
  facet normal 8.949409746725499e-16 0.6114980476219275 0.7912459401188553
    outer loop
      vertex -5.720621340861106 -3.215407462092598 11.782330254077145
      vertex -6.001345813678249 -2.9999999979138376 11.615857053887687
      vertex -7.859842093613637 -3.497060532642784 12
    endloop
  endfacet
  facet normal -0.3635079705638303 1.3195615994127045e-15 0.9315910880512789
    outer loop
      vertex -8.04766411323616 -4.114981803315516 11.926711620521187
      vertex -7.859842093613637 -3.497060532642784 12
      vertex -8.051803184771899 -3.4001394531640496 11.925096549796194
    endloop
  endfacet
  facet normal -2.391070745629593e-16 0.6114980476219298 0.7912459401188533
    outer loop
      vertex -6.001345813678249 -2.9999999979138376 11.615857053887687
      vertex -8.051803184771899 -3.4001394531640496 11.925096549796194
      vertex -7.859842093613637 -3.497060532642784 12
    endloop
  endfacet
  facet normal -3.882863472626644e-17 0.6114980476219295 0.7912459401188536
    outer loop
      vertex -6.001345813678249 -2.9999999979138376 11.615857053887687
      vertex -8.527087077155205 -3.2170483810944672 11.78359840436402
      vertex -8.051803184771899 -3.4001394531640496 11.925096549796194
    endloop
  endfacet
  facet normal -3.761101752074839e-17 0.6114980476219295 0.7912459401188537
    outer loop
      vertex -6.001345813678249 -2.9999999979138376 11.615857053887687
      vertex -9.012432458315597 -3.0853683004927044 11.681832179583667
      vertex -8.527087077155205 -3.2170483810944672 11.78359840436402
    endloop
  endfacet
  facet normal -0.2853362242491089 0 0.9584274824582517
    outer loop
      vertex -8.051803184771899 -4.113267343749779 11.925096549796194
      vertex -8.051803184771899 -3.4001394531640496 11.925096549796194
      vertex -8.279833842182558 -4.0188139528134315 11.857208881725873
    endloop
  endfacet
  facet normal -0.363507970564028 0 0.9315910880512017
    outer loop
      vertex -8.04766411323616 -4.114981803315516 11.926711620521187
      vertex -8.051803184771899 -3.4001394531640496 11.925096549796194
      vertex -8.051803184771899 -4.113267343749779 11.925096549796194
    endloop
  endfacet
  facet normal -1.3087435070665511e-17 0.611498047621928 0.7912459401188547
    outer loop
      vertex -6.001345813678249 -2.9999999979138376 11.615857053887687
      vertex -10 -2.9794818138253176 11.600000000000001
      vertex -9.504523927166005 -3.005998719831116 11.620493041959982
    endloop
  endfacet
  facet normal -0.28533622424910393 1.3758011525912278e-16 0.9584274824582532
    outer loop
      vertex -8.279833842182558 -4.0188139528134315 11.857208881725873
      vertex -8.527087077155205 -3.2170483810944672 11.78359840436402
      vertex -8.516718427000253 -3.9349287217832636 11.78668528525999
    endloop
  endfacet
  facet normal -0.2853362242491068 -8.219048894628266e-16 0.9584274824582523
    outer loop
      vertex -8.279833842182558 -4.0188139528134315 11.857208881725873
      vertex -8.051803184771899 -3.4001394531640496 11.925096549796194
      vertex -8.527087077155205 -3.2170483810944672 11.78359840436402
    endloop
  endfacet
  facet normal -0.28533622424911337 0 0.9584274824582504
    outer loop
      vertex -8.516718427000253 -3.9349287217832636 11.78668528525999
      vertex -8.527087077155205 -3.2170483810944672 11.78359840436402
      vertex -8.527087077155205 -3.9318573876828258 11.78359840436402
    endloop
  endfacet
  facet normal -0.2052153421956309 0 0.9787168453273553
    outer loop
      vertex -8.527087077155205 -3.9318573876828258 11.78359840436402
      vertex -8.527087077155205 -3.2170483810944672 11.78359840436402
      vertex -8.7576685835079 -3.863556033812472 11.735250546701137
    endloop
  endfacet
  facet normal -0.20521534219564033 -8.236649455710483e-16 0.9787168453273533
    outer loop
      vertex -8.7576685835079 -3.863556033812472 11.735250546701137
      vertex -9.012432458315597 -3.0853683004927044 11.681832179583667
      vertex -9.002023884074756 -3.804891516477733 11.684014628097556
    endloop
  endfacet
  facet normal -0.2052153421956342 1.2481579233682506e-15 0.9787168453273545
    outer loop
      vertex -8.7576685835079 -3.863556033812472 11.735250546701137
      vertex -8.527087077155205 -3.2170483810944672 11.78359840436402
      vertex -9.012432458315597 -3.0853683004927044 11.681832179583667
    endloop
  endfacet
  facet normal -1.5722667683811885e-17 0.611498047621929 0.791245940118854
    outer loop
      vertex -6.001345813678249 -2.9999999979138376 11.615857053887687
      vertex -9.504523927166005 -3.005998719831116 11.620493041959982
      vertex -9.012432458315597 -3.0853683004927044 11.681832179583667
    endloop
  endfacet
  facet normal -0.12369263126938747 0 0.99232057973704
    outer loop
      vertex -9.498263376315263 -3.726294902232288 11.621273418809698
      vertex -9.504523927166005 -3.005998719831116 11.620493041959982
      vertex -9.504523927166005 -3.7258021861946724 11.620493041959982
    endloop
  endfacet
  facet normal -0.04132497424880818 2.7286643175485552e-15 0.9991457583873012
    outer loop
      vertex -9.504523927166005 -3.7258021861946724 11.620493041959982
      vertex -10 -2.9794818138253176 11.600000000000001
      vertex -9.74878741003387 -3.706578233178046 11.610390229577801
    endloop
  endfacet
  facet normal -0.041324974248816045 0 0.9991457583873008
    outer loop
      vertex -9.74878741003387 -3.706578233178046 11.610390229577801
      vertex -10 -2.9794818138253176 11.600000000000001
      vertex -10 -3.7 11.600000000000001
    endloop
  endfacet
  facet normal -0.04132497424881227 0 0.9991457583873009
    outer loop
      vertex -9.504523927166005 -3.7258021861946724 11.620493041959982
      vertex -9.504523927166005 -3.005998719831116 11.620493041959982
      vertex -10 -2.9794818138253176 11.600000000000001
    endloop
  endfacet
  facet normal -0.2052153421955854 0 0.9787168453273647
    outer loop
      vertex -9.012432458315597 -3.8029624012688363 11.681832179583667
      vertex -9.002023884074756 -3.804891516477733 11.684014628097556
      vertex -9.012432458315597 -3.0853683004927044 11.681832179583667
    endloop
  endfacet
  facet normal -0.12369263126935286 0 0.9923205797370445
    outer loop
      vertex -9.012432458315597 -3.8029624012688363 11.681832179583667
      vertex -9.012432458315597 -3.0853683004927044 11.681832179583667
      vertex -9.249114567806892 -3.759095965143339 11.652329785402628
    endloop
  endfacet
  facet normal -0.1236926312693436 3.875734293233989e-16 0.9923205797370456
    outer loop
      vertex -9.498263376315263 -3.726294902232288 11.621273418809698
      vertex -9.249114567806892 -3.759095965143339 11.652329785402628
      vertex -9.504523927166005 -3.005998719831116 11.620493041959982
    endloop
  endfacet
  facet normal -0.12369263126934886 -1.4249974435496886e-15 0.9923205797370449
    outer loop
      vertex -9.249114567806892 -3.759095965143339 11.652329785402628
      vertex -9.012432458315597 -3.0853683004927044 11.681832179583667
      vertex -9.504523927166005 -3.005998719831116 11.620493041959982
    endloop
  endfacet
  facet normal 1 0 0
    outer loop
      vertex -1.9900000000000002 -2.01 10.845299461620748
      vertex -1.9900000000000002 -2 10.84529945999384
      vertex -1.9900000000000002 -2 10.845299461620748
    endloop
  endfacet
  facet normal 0 0 1
    outer loop
      vertex -1.9900000000000002 -2.01 10.845299461620748
      vertex -1.9900000000000002 -2 10.845299461620748
      vertex -5.246658306915352 -2.00293946946235 10.845299461620748
    endloop
  endfacet
  facet normal 0 0 1
    outer loop
      vertex -1.9900000000000002 -2 10.84529945999384
      vertex -1.9900000000000002 -1.5 10.84529945999384
      vertex -5.236865504164129 -1.9900000020861626 10.84529945999384
    endloop
  endfacet
  facet normal 0 0 1
    outer loop
      vertex -1.9900000000000002 -1.5 10.84529945999384
      vertex -4.866025403784438 -1.5 10.84529945999384
      vertex -4.866025403784438 -1.5100000000000002 10.84529945999384
    endloop
  endfacet
  facet normal 0 0 1
    outer loop
      vertex -1.9900000000000002 -2.01 10.845299461620748
      vertex -5.246658306915352 -2.00293946946235 10.845299461620748
      vertex -5.252001833110366 -2.01 10.845299461620748
    endloop
  endfacet
  facet normal 0 0 1
    outer loop
      vertex -1.9900000000000002 -1.5 10.84529945999384
      vertex -4.866025403784438 -1.5100000000000002 10.84529945999384
      vertex -5.236865504164129 -1.9900000020861626 10.84529945999384
    endloop
  endfacet
  facet normal 0 0 1
    outer loop
      vertex -4.866025403784438 -1.5100000000000002 10.84529945999384
      vertex -4.873593569983358 -1.5100000000000002 10.84529945999384
      vertex -5.236865504164129 -1.9900000020861626 10.84529945999384
    endloop
  endfacet
  facet normal 0 0 1
    outer loop
      vertex -4.873593569983358 -1.5100000000000002 10.84529945999384
      vertex -4.866025403784438 -1.5100000000000002 10.84529945999384
      vertex -4.866025403784438 -1.5 10.84529945999384
    endloop
  endfacet
  facet normal 0 -0.5000000005283542 0.8660254034793933
    outer loop
      vertex -1.9900000000000002 -1.5 10.84529945999384
      vertex -1.9900000000000002 0.5 12
      vertex -4.866025403784438 -1.5 10.84529945999384
    endloop
  endfacet
  facet normal 0 0 1
    outer loop
      vertex -1.9900000000000002 -2 10.845299461620748
      vertex -14.753341693084648 -2.00293946946235 10.845299461620748
      vertex -5.246658306915352 -2.00293946946235 10.845299461620748
    endloop
  endfacet
  facet normal 0 1 0
    outer loop
      vertex -18.009999999999998 -2 10.845299461620748
      vertex -1.9900000000000002 -2 10.845299461620748
      vertex -1.9900000000000002 -2 10.84529945999384
    endloop
  endfacet
  facet normal 0 1 0
    outer loop
      vertex -5.252001833110367 -2.01 10.850756046507996
      vertex -5.252001833110366 -2.01 10.845299461620748
      vertex -14.747998166889634 -2.01 10.845299461620748
    endloop
  endfacet
  facet normal 0 0 1
    outer loop
      vertex -5.246658306915352 -2.00293946946235 10.845299461620748
      vertex -14.753341693084648 -2.00293946946235 10.845299461620748
      vertex -5.252001833110366 -2.01 10.845299461620748
    endloop
  endfacet
  facet normal 0 0 1
    outer loop
      vertex -18.009999999999998 -2 10.84529945999384
      vertex -1.9900000000000002 -2 10.84529945999384
      vertex -5.236865504164129 -1.9900000020861626 10.84529945999384
    endloop
  endfacet
  facet normal 0 0.6114980476219292 0.7912459401188539
    outer loop
      vertex -5.252001833110367 -2.01 10.850756046507996
      vertex -14.747998166889634 -2.01 10.850756046507996
      vertex -6.001250192523003 -2.9999999979138376 11.615857053887687
    endloop
  endfacet
  facet normal 0 0 1
    outer loop
      vertex -4.873593569983358 -1.5100000000000002 10.84529945999384
      vertex -15.126406430016642 -1.5100000000000002 10.84529945999384
      vertex -5.236865504164129 -1.9900000020861626 10.84529945999384
    endloop
  endfacet
  facet normal 0 0 1
    outer loop
      vertex -4.873593569983358 -1.5100000000000002 10.84529945999384
      vertex -4.866025403784438 -1.5 10.84529945999384
      vertex -15.126406430016642 -1.5100000000000002 10.84529945999384
    endloop
  endfacet
  facet normal 0 0.6114980476219294 0.7912459401188536
    outer loop
      vertex -6.001250192523003 -2.9999999979138376 11.615857053887687
      vertex -14.499213399500709 -2.3387253366682184 11.104804618998974
      vertex -6.001345813678249 -2.9999999979138376 11.615857053887687
    endloop
  endfacet
  facet normal 0 -0.5000000005283544 0.8660254034793933
    outer loop
      vertex -1.9900000000000002 0.5 12
      vertex -15.133974596215563 -1.5 10.84529945999384
      vertex -4.866025403784438 -1.5 10.84529945999384
    endloop
  endfacet
  facet normal 0 0 1
    outer loop
      vertex -18.009999999999998 0.5 12
      vertex -1.9900000000000002 0.5 12
      vertex -1.9900000000000002 1 12
    endloop
  endfacet
  facet normal 0.8241261886220165 -0.5664062369248317 0
    outer loop
      vertex -14.025618726138035 -5.88573263192787 0
      vertex -13.883281572999747 -5.678630788996129 12
      vertex -14.025618726138035 -5.88573263192787 12
    endloop
  endfacet
  facet normal 0.7933533402912353 -0.6087614290087204 0
    outer loop
      vertex -13.883281572999747 -5.678630788996129 0
      vertex -13.73030061499346 -5.4792621229607805 12
      vertex -13.883281572999747 -5.678630788996129 12
    endloop
  endfacet
  facet normal 0.760405965600032 -0.6494480483301822 0
    outer loop
      vertex -13.73030061499346 -5.4792621229607805 0
      vertex -13.567095162291492 -5.28817308947748 12
      vertex -13.73030061499346 -5.4792621229607805 12
    endloop
  endfacet
  facet normal 0.6883545756937534 -0.7253743710122882 0
    outer loop
      vertex -13.394112549695429 -5.1058874503045715 0
      vertex -13.21182691052252 -4.932904837708508 12
      vertex -13.394112549695429 -5.1058874503045715 12
    endloop
  endfacet
  facet normal 0.6494480483301841 -0.7604059656000306 0
    outer loop
      vertex -13.21182691052252 -4.932904837708508 0
      vertex -13.02073787703922 -4.76969938500654 12
      vertex -13.21182691052252 -4.932904837708508 12
    endloop
  endfacet
  facet normal 0.7253743710122882 -0.6883545756937534 0
    outer loop
      vertex -13.567095162291492 -5.28817308947748 0
      vertex -13.394112549695429 -5.1058874503045715 12
      vertex -13.567095162291492 -5.28817308947748 12
    endloop
  endfacet
  facet normal 0.23344536385590325 -0.9723699203976771 0
    outer loop
      vertex -10.997976115925244 -3.804891516477733 0.31598537190244613
      vertex -10.997976115925244 -3.804891516477733 11.684014628097556
      vertex -11.2423314164921 -3.863556033812472 11.735250546701135
    endloop
  endfacet
  facet normal 0.28401534470392026 -0.9588197348681939 0
    outer loop
      vertex -11.483281572999747 -3.9349287217832636 0.21331471474001162
      vertex -11.472912922844795 -3.931857387682826 11.78359840436402
      vertex -11.483281572999747 -3.9349287217832636 11.78668528525999
    endloop
  endfacet
  facet normal 0.2840153447039272 -0.9588197348681918 0
    outer loop
      vertex -11.2423314164921 -3.863556033812472 0.2647494532988661
      vertex -11.2423314164921 -3.863556033812472 11.735250546701135
      vertex -11.472912922844795 -3.931857387682826 11.78359840436402
    endloop
  endfacet
  facet normal 0.3826834323650924 -0.9238795325112857 0
    outer loop
      vertex -11.720166157817442 -4.0188139528134315 0.14279111827412905
      vertex -11.720166157817442 -4.0188139528134315 11.857208881725873
      vertex -11.948196815228103 -4.113267343749781 11.925096549796194
    endloop
  endfacet
  facet normal 0.38268343236501245 -0.9238795325113188 0
    outer loop
      vertex -11.95233588676384 -4.114981803315516 0.07328837947881617
      vertex -11.948196815228103 -4.113267343749781 11.925096549796194
      vertex -11.95233588676384 -4.114981803315516 11.926711620521186
    endloop
  endfacet
  facet normal 0.3338068592337667 -0.9426414910921799 0
    outer loop
      vertex -11.483281572999747 -3.9349287217832636 0.21331471474001162
      vertex -11.483281572999747 -3.9349287217832636 11.78668528525999
      vertex -11.720166157817442 -4.0188139528134315 11.857208881725873
    endloop
  endfacet
  facet normal 0.026176948307875383 -0.9996573249755573 0
    outer loop
      vertex -10 -3.7 0.40000000000000036
      vertex -10 -3.7 11.600000000000001
      vertex -10.25121258996613 -3.706578233178046 11.6103902295778
    endloop
  endfacet
  facet normal 0.07845909572784356 -0.9969173337331281 0
    outer loop
      vertex -10.25121258996613 -3.706578233178046 0.3896097704222017
      vertex -10.25121258996613 -3.706578233178046 11.6103902295778
      vertex -10.495476072833997 -3.725802186194673 11.620493041959982
    endloop
  endfacet
  facet normal 0.0784590957278104 -0.9969173337331307 0
    outer loop
      vertex -10.501736623684737 -3.726294902232288 0.37872658119030334
      vertex -10.495476072833997 -3.725802186194673 11.620493041959982
      vertex -10.501736623684737 -3.726294902232288 11.621273418809698
    endloop
  endfacet
  facet normal 0.13052619222005069 -0.9914448613738106 0
    outer loop
      vertex -10.501736623684737 -3.726294902232288 0.37872658119030334
      vertex -10.501736623684737 -3.726294902232288 11.621273418809698
      vertex -10.750885432193108 -3.759095965143339 11.65232978540263
    endloop
  endfacet
  facet normal 0.18223552549214794 -0.9832549075639545 0
    outer loop
      vertex -10.750885432193108 -3.759095965143339 0.3476702145973727
      vertex -10.750885432193108 -3.759095965143339 11.65232978540263
      vertex -10.987567541684403 -3.8029624012688363 11.681832179583667
    endloop
  endfacet
  facet normal 0.18223552549216365 -0.9832549075639516 0
    outer loop
      vertex -10.997976115925244 -3.804891516477733 0.31598537190244613
      vertex -10.987567541684403 -3.8029624012688363 11.681832179583667
      vertex -10.997976115925244 -3.804891516477733 11.684014628097556
    endloop
  endfacet
  facet normal 0.4771587602596088 -0.8788171126619652 0
    outer loop
      vertex -12.4 -4.343078061834695 0
      vertex -12.179154398749825 -4.223168683895834 12
      vertex -12.4 -4.343078061834695 12
    endloop
  endfacet
  facet normal 0.5664062369248358 -0.8241261886220137 0
    outer loop
      vertex -12.821369211003871 -4.616718427000253 0
      vertex -12.614267368072131 -4.474381273861964 12
      vertex -12.821369211003871 -4.616718427000253 12
    endloop
  endfacet
  facet normal 0.6087614290087188 -0.7933533402912366 0
    outer loop
      vertex -13.02073787703922 -4.76969938500654 0
      vertex -12.821369211003871 -4.616718427000253 12
      vertex -13.02073787703922 -4.76969938500654 12
    endloop
  endfacet
  facet normal 0.5224985647159458 -0.852640164354094 0
    outer loop
      vertex -12.614267368072131 -4.474381273861964 0
      vertex -12.4 -4.343078061834695 12
      vertex -12.614267368072131 -4.474381273861964 12
    endloop
  endfacet
  facet normal 0.4305110968082939 -0.9025852843498612 0
    outer loop
      vertex -12.179154398749825 -4.223168683895834 0
      vertex -12.140157906386367 -4.204568311177415 12
      vertex -12.179154398749825 -4.223168683895834 12
    endloop
  endfacet
  facet normal 0.43051109680829547 -0.9025852843498604 0
    outer loop
      vertex -11.95233588676384 -4.114981803315516 0.07328837947881617
      vertex -11.95233588676384 -4.114981803315516 11.926711620521186
      vertex -12.140157906386367 -4.204568311177415 12
    endloop
  endfacet
  facet normal 0 -1 0
    outer loop
      vertex -13.998654186321751 -2.9999999979138376 0.3841429461123127
      vertex -13.998654186321751 -2.9999999979138376 11.615857053887687
      vertex -13.998749807476997 -2.9999999979138376 11.615857053887687
    endloop
  endfacet
  facet normal 0.9025852843498592 -0.4305110968082981 0
    outer loop
      vertex -14.385018196684484 -6.547664113236159 0
      vertex -14.276831316104165 -6.320845601250175 12
      vertex -14.385018196684484 -6.547664113236159 12
    endloop
  endfacet
  facet normal 0.8788171126619652 -0.4771587602596088 0
    outer loop
      vertex -14.276831316104165 -6.320845601250175 0
      vertex -14.156921938165304 -6.1 12
      vertex -14.276831316104165 -6.320845601250175 12
    endloop
  endfacet
  facet normal 0.8526401643540931 -0.5224985647159475 0
    outer loop
      vertex -14.156921938165304 -6.1 0
      vertex -14.025618726138035 -5.88573263192787 12
      vertex -14.156921938165304 -6.1 12
    endloop
  endfacet
  facet normal -0.8788171126619658 0.4771587602596075 0
    outer loop
      vertex -15.888972745734183 -5.1 0
      vertex -16.0588443644809 -5.412864601771082 12
      vertex -15.888972745734183 -5.1 12
    endloop
  endfacet
  facet normal -0.8526401643540923 0.5224985647159488 0
    outer loop
      vertex -15.702959862028884 -4.796454561897816 0
      vertex -15.888972745734183 -5.1 12
      vertex -15.702959862028884 -4.796454561897816 12
    endloop
  endfacet
  facet normal -0.9588197348681918 0.2840153447039271 0
    outer loop
      vertex -16.467184310807042 -6.398684438250358 0
      vertex -16.568295618765664 -6.740030493302859 12
      vertex -16.467184310807042 -6.398684438250358 12
    endloop
  endfacet
  facet normal -0.9426414910921798 0.3338068592337671 0
    outer loop
      vertex -16.34834690018097 -6.063097943091958 0
      vertex -16.467184310807042 -6.398684438250358 12
      vertex -16.34834690018097 -6.063097943091958 12
    endloop
  endfacet
  facet normal -0.9238795325112864 0.3826834323650904 0
    outer loop
      vertex -16.212109111969685 -5.734190827084559 0
      vertex -16.34834690018097 -6.063097943091958 12
      vertex -16.212109111969685 -5.734190827084559 12
    endloop
  endfacet
  facet normal -0.9025852843498616 0.4305110968082928 0
    outer loop
      vertex -16.0588443644809 -5.412864601771082 0
      vertex -16.212109111969685 -5.734190827084559 12
      vertex -16.0588443644809 -5.412864601771082 12
    endloop
  endfacet
  facet normal -0.7933533402912345 0.6087614290087217 0
    outer loop
      vertex -15.284592537907402 -4.220621340861106 0
      vertex -15.501315561749642 -4.503060284411182 12
      vertex -15.284592537907402 -4.220621340861106 12
    endloop
  endfacet
  facet normal -0.8241261886220156 0.5664062369248328 0
    outer loop
      vertex -15.501315561749642 -4.503060284411182 0
      vertex -15.702959862028884 -4.796454561897816 12
      vertex -15.501315561749642 -4.503060284411182 12
    endloop
  endfacet
  facet normal -0.7604059656000306 0.6494480483301842 0
    outer loop
      vertex -15.05338481324628 -3.9499118767597645 0
      vertex -15.284592537907402 -4.220621340861106 12
      vertex -15.05338481324628 -3.9499118767597645 12
    endloop
  endfacet
  facet normal -0.6087614290087213 0.7933533402912346 0
    outer loop
      vertex -14.279378659138894 -3.215407462092598 0.21766974592285404
      vertex -14.279378659138894 -3.215407462092598 11.782330254077145
      vertex -13.998654186321751 -2.9999999979138376 11.615857053887687
    endloop
  endfacet
  facet normal -0.6494480483301829 0.7604059656000317 0
    outer loop
      vertex -14.550088123240236 -3.4466151867537196 0.038985641453202824
      vertex -14.550088123240236 -3.4466151867537196 11.961014358546798
      vertex -14.279378659138894 -3.215407462092598 11.782330254077145
    endloop
  endfacet
  facet normal -0.6883545756937521 0.7253743710122895 0
    outer loop
      vertex -14.808326112068524 -3.6916738879314765 0
      vertex -14.808326112068524 -3.6916738879314765 12
      vertex -14.550088123240236 -3.4466151867537196 11.961014358546798
    endloop
  endfacet
  facet normal -0.7253743710122907 0.6883545756937508 0
    outer loop
      vertex -14.808326112068524 -3.6916738879314765 0
      vertex -15.05338481324628 -3.9499118767597645 12
      vertex -14.808326112068524 -3.6916738879314765 12
    endloop
  endfacet
  facet normal 0 1 0
    outer loop
      vertex -16.240000000000002 1 8.2
      vertex -18.009999999999998 1 9.950056177397755
      vertex -1.9900000000000002 1 0
    endloop
  endfacet
  facet normal 0 1 0
    outer loop
      vertex -18.009999999999998 1 9.950056177397755
      vertex -18.009999999999998 1 12
      vertex -1.9900000000000002 1 0
    endloop
  endfacet
  facet normal -1 0 0
    outer loop
      vertex -18.009999999999998 -1.5 1.1547005400061607
      vertex -18.009999999999998 0.3900000000000001 9.950056177397755
      vertex -18.009999999999998 0.3900000000000001 8.189999997615814
    endloop
  endfacet
  facet normal 0 1 0
    outer loop
      vertex -16.240000002086163 0.3999999999999999 3.810000002384186
      vertex -16.240000002086163 0.3999999999999999 8.189999997615814
      vertex -16.240000000000002 0.3999999999999999 8.2
    endloop
  endfacet
  facet normal 0 1 0
    outer loop
      vertex -16.240000002086163 0.3999999999999999 3.810000002384186
      vertex -17.240000000000002 0.3999999999999999 8.189999997615814
      vertex -16.240000002086163 0.3999999999999999 8.189999997615814
    endloop
  endfacet
  facet normal -1 0 0
    outer loop
      vertex -16.240000000000002 0.3999999999999999 3.8
      vertex -16.240000000000002 0.3999999999999999 8.2
      vertex -16.240000000000002 1 8.2
    endloop
  endfacet
  facet normal 0 1 0
    outer loop
      vertex -17.240000000000002 0.3999999999999999 3.810000002384186
      vertex -18.009999999999998 0.3999999999999999 8.189999997615814
      vertex -17.240000000000002 0.3999999999999999 8.189999997615814
    endloop
  endfacet
  facet normal -1 0 0
    outer loop
      vertex -18.009999999999998 0.3900000000000001 3.810000002384186
      vertex -18.009999999999998 0.3900000000000001 8.189999997615814
      vertex -18.009999999999998 0.3999999999999999 8.189999997615814
    endloop
  endfacet
  facet normal -0.7973834519379758 -0.6034729741881385 0
    outer loop
      vertex -14.499213399500709 -2.3387253366682184 11.104804618998974
      vertex -14.747998166889634 -2.01 10.845299461620748
      vertex -14.747998166889634 -2.01 1.1547005383792515
    endloop
  endfacet
  facet normal -0.7973834519379771 -0.603472974188137 7.93458070708216e-17
    outer loop
      vertex -14.747998166889634 -2.01 1.1492439534920047
      vertex -13.998749807476997 -2.9999999979138376 11.615857053887687
      vertex -14.499213399500709 -2.3387253366682184 11.104804618998974
    endloop
  endfacet
  facet normal 0 -1 0
    outer loop
      vertex -18.009999999999998 -2.01 10.845299461620748
      vertex -14.747998166889634 -2.01 1.1547005383792515
      vertex -14.747998166889634 -2.01 10.845299461620748
    endloop
  endfacet
  facet normal -1 0 0
    outer loop
      vertex -18.009999999999998 -2.01 1.1547005383792515
      vertex -18.009999999999998 -2.01 10.845299461620748
      vertex -18.009999999999998 -2 10.84529945999384
    endloop
  endfacet
  facet normal -1 0 0
    outer loop
      vertex -18.009999999999998 -2 1.1547005400061607
      vertex -18.009999999999998 -2 10.84529945999384
      vertex -18.009999999999998 -1.5 10.84529945999384
    endloop
  endfacet
  facet normal -1 0 0
    outer loop
      vertex -18.009999999999998 -1.5 1.1547005400061607
      vertex -18.009999999999998 0.5 12
      vertex -18.009999999999998 0.3900000000000001 9.950056177397755
    endloop
  endfacet
  facet normal -1 0 0
    outer loop
      vertex -18.009999999999998 -1.5 1.1547005400061607
      vertex -18.009999999999998 -1.5 10.84529945999384
      vertex -18.009999999999998 0.5 12
    endloop
  endfacet
  facet normal 0 1 0
    outer loop
      vertex -16.25005650164707 0.3999999999999999 8.2
      vertex -16.240000000000002 0.3999999999999999 8.2
      vertex -16.240000002086163 0.3999999999999999 8.189999997615814
    endloop
  endfacet
  facet normal 0 0 1
    outer loop
      vertex -17.240000000000002 0.3999999999999999 8.189999997615814
      vertex -16.240000002086163 0.3900000000000001 8.189999997615814
      vertex -16.240000002086163 0.3999999999999999 8.189999997615814
    endloop
  endfacet
  facet normal 0 0 -1
    outer loop
      vertex -16.25005650164707 0.3999999999999999 8.2
      vertex -16.25005650164707 1 8.2
      vertex -16.240000000000002 0.3999999999999999 8.2
    endloop
  endfacet
  facet normal 0 0 -1
    outer loop
      vertex -16.240000000000002 0.3999999999999999 8.2
      vertex -16.25005650164707 1 8.2
      vertex -16.240000000000002 1 8.2
    endloop
  endfacet
  facet normal 0 0 1
    outer loop
      vertex -18.009999999999998 0.3900000000000001 8.189999997615814
      vertex -16.240000002086163 0.3900000000000001 8.189999997615814
      vertex -17.240000000000002 0.3999999999999999 8.189999997615814
    endloop
  endfacet
  facet normal 0 0 1
    outer loop
      vertex -18.009999999999998 0.3900000000000001 8.189999997615814
      vertex -17.240000000000002 0.3999999999999999 8.189999997615814
      vertex -18.009999999999998 0.3999999999999999 8.189999997615814
    endloop
  endfacet
  facet normal -0.7051121340145002 0 -0.709095817549023
    outer loop
      vertex -16.240000002086163 0.3900000000000001 8.189999997615814
      vertex -18.009999999999998 0.3900000000000001 9.950056177397755
      vertex -16.240000002086163 0.3999999999999999 8.189999997615814
    endloop
  endfacet
  facet normal -0.7051121340144467 -1.886134740444038e-11 -0.7090958175490762
    outer loop
      vertex -16.25005650164707 0.3999999999999999 8.2
      vertex -16.240000002086163 0.3999999999999999 8.189999997615814
      vertex -18.009999999999998 0.3900000000000001 9.950056177397755
    endloop
  endfacet
  facet normal -0.7051121340145007 0 -0.7090958175490226
    outer loop
      vertex -16.25005650164707 0.3999999999999999 8.2
      vertex -18.009999999999998 1 9.950056177397755
      vertex -16.25005650164707 1 8.2
    endloop
  endfacet
  facet normal 0 1 0
    outer loop
      vertex -16.25005650164707 1 8.2
      vertex -18.009999999999998 1 9.950056177397755
      vertex -16.240000000000002 1 8.2
    endloop
  endfacet
  facet normal 0 1 0
    outer loop
      vertex -18.009999999999998 0.3900000000000001 8.189999997615814
      vertex -18.009999999999998 0.3900000000000001 9.950056177397755
      vertex -16.240000002086163 0.3900000000000001 8.189999997615814
    endloop
  endfacet
  facet normal 0 0 1
    outer loop
      vertex -13.21182691052252 -4.932904837708508 12
      vertex -13.02073787703922 -4.76969938500654 12
      vertex -15.702959862028884 -4.796454561897816 12
    endloop
  endfacet
  facet normal 0.2853362242491068 0 0.9584274824582522
    outer loop
      vertex -11.948196815228103 -4.113267343749781 11.925096549796194
      vertex -11.720166157817442 -4.0188139528134315 11.857208881725873
      vertex -11.948196815228103 -3.4001394531640496 11.925096549796194
    endloop
  endfacet
  facet normal 0.041324974248809064 -2.1958146969897648e-15 0.9991457583873012
    outer loop
      vertex -10 -3.7 11.600000000000001
      vertex -10.495476072833997 -3.005998719831116 11.620493041959982
      vertex -10.25121258996613 -3.706578233178046 11.6103902295778
    endloop
  endfacet
  facet normal 0.041324974248815344 0 0.9991457583873009
    outer loop
      vertex -10.25121258996613 -3.706578233178046 11.6103902295778
      vertex -10.495476072833997 -3.005998719831116 11.620493041959982
      vertex -10.495476072833997 -3.725802186194673 11.620493041959982
    endloop
  endfacet
  facet normal 0.041324974248812124 0 0.999145758387301
    outer loop
      vertex -10 -3.7 11.600000000000001
      vertex -10 -2.9794818138253176 11.600000000000001
      vertex -10.495476072833997 -3.005998719831116 11.620493041959982
    endloop
  endfacet
  facet normal 0.12369263126941789 5.3706127316805204e-14 0.9923205797370364
    outer loop
      vertex -10.501736623684737 -3.726294902232288 11.621273418809698
      vertex -10.495476072833997 -3.725802186194673 11.620493041959982
      vertex -10.987567541684403 -3.0853683004927044 11.681832179583667
    endloop
  endfacet
  facet normal 0.12369263126935037 1.7349098954576467e-15 0.9923205797370447
    outer loop
      vertex -10.501736623684737 -3.726294902232288 11.621273418809698
      vertex -10.987567541684403 -3.0853683004927044 11.681832179583667
      vertex -10.750885432193108 -3.759095965143339 11.65232978540263
    endloop
  endfacet
  facet normal 0.1236926312693455 0 0.9923205797370452
    outer loop
      vertex -10.750885432193108 -3.759095965143339 11.65232978540263
      vertex -10.987567541684403 -3.0853683004927044 11.681832179583667
      vertex -10.987567541684403 -3.8029624012688363 11.681832179583667
    endloop
  endfacet
  facet normal 0.12369263126934907 0 0.9923205797370448
    outer loop
      vertex -10.495476072833997 -3.725802186194673 11.620493041959982
      vertex -10.495476072833997 -3.005998719831116 11.620493041959982
      vertex -10.987567541684403 -3.0853683004927044 11.681832179583667
    endloop
  endfacet
  facet normal 0.205215342195592 -3.6834960467166094e-14 0.9787168453273634
    outer loop
      vertex -10.987567541684403 -3.8029624012688363 11.681832179583667
      vertex -11.472912922844795 -3.2170483810944672 11.78359840436402
      vertex -10.997976115925244 -3.804891516477733 11.684014628097556
    endloop
  endfacet
  facet normal 0.20521534219563367 -1.6433112379593841e-15 0.9787168453273545
    outer loop
      vertex -10.997976115925244 -3.804891516477733 11.684014628097556
      vertex -11.472912922844795 -3.2170483810944672 11.78359840436402
      vertex -11.2423314164921 -3.863556033812472 11.735250546701135
    endloop
  endfacet
  facet normal 0.20521534219563808 0 0.9787168453273537
    outer loop
      vertex -11.472912922844795 -3.931857387682826 11.78359840436402
      vertex -11.2423314164921 -3.863556033812472 11.735250546701135
      vertex -11.472912922844795 -3.2170483810944672 11.78359840436402
    endloop
  endfacet
  facet normal 0.2052153421956346 0 0.9787168453273545
    outer loop
      vertex -10.987567541684403 -3.8029624012688363 11.681832179583667
      vertex -10.987567541684403 -3.0853683004927044 11.681832179583667
      vertex -11.472912922844795 -3.2170483810944672 11.78359840436402
    endloop
  endfacet
  facet normal 0.2853362242491117 5.960913133896541e-15 0.9584274824582508
    outer loop
      vertex -11.483281572999747 -3.9349287217832636 11.78668528525999
      vertex -11.472912922844795 -3.931857387682826 11.78359840436402
      vertex -11.948196815228103 -3.4001394531640496 11.925096549796194
    endloop
  endfacet
  facet normal 0.2853362242491043 -1.0034874399877556e-15 0.958427482458253
    outer loop
      vertex -11.483281572999747 -3.9349287217832636 11.78668528525999
      vertex -11.948196815228103 -3.4001394531640496 11.925096549796194
      vertex -11.720166157817442 -4.0188139528134315 11.857208881725873
    endloop
  endfacet
  facet normal 0.2853362242491055 0 0.9584274824582526
    outer loop
      vertex -11.472912922844795 -3.931857387682826 11.78359840436402
      vertex -11.472912922844795 -3.2170483810944672 11.78359840436402
      vertex -11.948196815228103 -3.4001394531640496 11.925096549796194
    endloop
  endfacet
  facet normal 0.36350797056382705 -9.120929930294689e-16 0.93159108805128
    outer loop
      vertex -11.95233588676384 -4.114981803315516 11.926711620521186
      vertex -12.140157906386365 -3.497060532642784 12
      vertex -12.140157906386367 -4.204568311177415 12
    endloop
  endfacet
  facet normal 0 0 1
    outer loop
      vertex -12.179154398749825 -4.223168683895834 12
      vertex -12.140157906386367 -4.204568311177415 12
      vertex -12.140157906386365 -3.497060532642784 12
    endloop
  endfacet
  facet normal 0.36350797056381795 -4.1037814845529954e-15 0.9315910880512838
    outer loop
      vertex -11.95233588676384 -4.114981803315516 11.926711620521186
      vertex -11.948196815228103 -4.113267343749781 11.925096549796194
      vertex -12.140157906386365 -3.497060532642784 12
    endloop
  endfacet
  facet normal 0 0 1
    outer loop
      vertex -12.821369211003871 -4.616718427000253 12
      vertex -12.614267368072131 -4.474381273861964 12
      vertex -15.501315561749642 -4.503060284411182 12
    endloop
  endfacet
  facet normal 0 0 1
    outer loop
      vertex -13.02073787703922 -4.76969938500654 12
      vertex -12.821369211003871 -4.616718427000253 12
      vertex -15.702959862028884 -4.796454561897816 12
    endloop
  endfacet
  facet normal 0 0 1
    outer loop
      vertex -12.4 -4.343078061834695 12
      vertex -15.501315561749642 -4.503060284411182 12
      vertex -12.614267368072131 -4.474381273861964 12
    endloop
  endfacet
  facet normal 0 0 1
    outer loop
      vertex -12.4 -4.343078061834695 12
      vertex -12.179154398749825 -4.223168683895834 12
      vertex -15.284592537907402 -4.220621340861106 12
    endloop
  endfacet
  facet normal 5.3253295271107237e-17 0.6114980476219294 0.7912459401188536
    outer loop
      vertex -11.472912922844795 -3.2170483810944672 11.78359840436402
      vertex -10.987567541684403 -3.0853683004927044 11.681832179583667
      vertex -14.499213399500709 -2.3387253366682184 11.104804618998974
    endloop
  endfacet
  facet normal 6.781436176722684e-17 0.6114980476219295 0.7912459401188536
    outer loop
      vertex -11.472912922844795 -3.2170483810944672 11.78359840436402
      vertex -14.499213399500709 -2.3387253366682184 11.104804618998974
      vertex -11.948196815228103 -3.4001394531640496 11.925096549796194
    endloop
  endfacet
  facet normal 0.36350797056382933 0 0.9315910880512791
    outer loop
      vertex -11.948196815228103 -4.113267343749781 11.925096549796194
      vertex -11.948196815228103 -3.4001394531640496 11.925096549796194
      vertex -12.140157906386365 -3.497060532642784 12
    endloop
  endfacet
  facet normal 0 0 1
    outer loop
      vertex -12.179154398749825 -4.223168683895834 12
      vertex -12.140157906386365 -3.497060532642784 12
      vertex -14.603246426151056 -3.497060532642784 12
    endloop
  endfacet
  facet normal 3.408675391911766e-16 0.6114980476219298 0.7912459401188532
    outer loop
      vertex -11.948196815228103 -3.4001394531640496 11.925096549796194
      vertex -14.499213399500709 -2.3387253366682184 11.104804618998974
      vertex -12.140157906386365 -3.497060532642784 12
    endloop
  endfacet
  facet normal -8.962333200766556e-17 0.6114980476219293 0.7912459401188537
    outer loop
      vertex -12.140157906386365 -3.497060532642784 12
      vertex -14.499213399500709 -2.3387253366682184 11.104804618998974
      vertex -13.998654186321751 -2.9999999979138376 11.615857053887687
    endloop
  endfacet
  facet normal 0 0.6114980476219295 0.7912459401188535
    outer loop
      vertex -12.140157906386365 -3.497060532642784 12
      vertex -13.998654186321751 -2.9999999979138376 11.615857053887687
      vertex -14.603246426151056 -3.497060532642784 12
    endloop
  endfacet
  facet normal 0 0 1
    outer loop
      vertex -14.156921938165304 -6.1 12
      vertex -16.34834690018097 -6.063097943091958 12
      vertex -14.276831316104165 -6.320845601250175 12
    endloop
  endfacet
  facet normal 0 0 1
    outer loop
      vertex -14.156921938165304 -6.1 12
      vertex -14.025618726138035 -5.88573263192787 12
      vertex -16.34834690018097 -6.063097943091958 12
    endloop
  endfacet
  facet normal 0 0 1
    outer loop
      vertex -14.025618726138035 -5.88573263192787 12
      vertex -13.883281572999747 -5.678630788996129 12
      vertex -16.212109111969685 -5.734190827084559 12
    endloop
  endfacet
  facet normal 0 0 1
    outer loop
      vertex -14.481186047186569 -6.779833842182558 12
      vertex -14.385018196684484 -6.547664113236159 12
      vertex -16.568295618765664 -6.740030493302859 12
    endloop
  endfacet
  facet normal 0 0 1
    outer loop
      vertex -14.385018196684484 -6.547664113236159 12
      vertex -14.276831316104165 -6.320845601250175 12
      vertex -16.467184310807042 -6.398684438250358 12
    endloop
  endfacet
  facet normal 0 0 1
    outer loop
      vertex -14.385018196684484 -6.547664113236159 12
      vertex -16.467184310807042 -6.398684438250358 12
      vertex -16.568295618765664 -6.740030493302859 12
    endloop
  endfacet
  facet normal 0 0 1
    outer loop
      vertex -16.467184310807042 -6.398684438250358 12
      vertex -14.276831316104165 -6.320845601250175 12
      vertex -16.34834690018097 -6.063097943091958 12
    endloop
  endfacet
  facet normal 0 0 1
    outer loop
      vertex -14.025618726138035 -5.88573263192787 12
      vertex -16.212109111969685 -5.734190827084559 12
      vertex -16.34834690018097 -6.063097943091958 12
    endloop
  endfacet
  facet normal 0 0 1
    outer loop
      vertex -13.73030061499346 -5.4792621229607805 12
      vertex -13.567095162291492 -5.28817308947748 12
      vertex -16.0588443644809 -5.412864601771082 12
    endloop
  endfacet
  facet normal 0 0 1
    outer loop
      vertex -13.883281572999747 -5.678630788996129 12
      vertex -13.73030061499346 -5.4792621229607805 12
      vertex -16.212109111969685 -5.734190827084559 12
    endloop
  endfacet
  facet normal 0 0 1
    outer loop
      vertex -13.394112549695429 -5.1058874503045715 12
      vertex -13.21182691052252 -4.932904837708508 12
      vertex -15.888972745734183 -5.1 12
    endloop
  endfacet
  facet normal 0 0 1
    outer loop
      vertex -13.394112549695429 -5.1058874503045715 12
      vertex -15.888972745734183 -5.1 12
      vertex -13.567095162291492 -5.28817308947748 12
    endloop
  endfacet
  facet normal 0 0 1
    outer loop
      vertex -13.21182691052252 -4.932904837708508 12
      vertex -15.702959862028884 -4.796454561897816 12
      vertex -15.888972745734183 -5.1 12
    endloop
  endfacet
  facet normal 0 0 1
    outer loop
      vertex -13.73030061499346 -5.4792621229607805 12
      vertex -16.0588443644809 -5.412864601771082 12
      vertex -16.212109111969685 -5.734190827084559 12
    endloop
  endfacet
  facet normal 0 0 1
    outer loop
      vertex -13.567095162291492 -5.28817308947748 12
      vertex -15.888972745734183 -5.1 12
      vertex -16.0588443644809 -5.412864601771082 12
    endloop
  endfacet
  facet normal 0 0 1
    outer loop
      vertex -12.4 -4.343078061834695 12
      vertex -15.284592537907402 -4.220621340861106 12
      vertex -15.501315561749642 -4.503060284411182 12
    endloop
  endfacet
  facet normal 0 0 1
    outer loop
      vertex -15.702959862028884 -4.796454561897816 12
      vertex -12.821369211003871 -4.616718427000253 12
      vertex -15.501315561749642 -4.503060284411182 12
    endloop
  endfacet
  facet normal 0 0 1
    outer loop
      vertex -12.179154398749825 -4.223168683895834 12
      vertex -14.603246426151056 -3.497060532642784 12
      vertex -15.284592537907402 -4.220621340861106 12
    endloop
  endfacet
  facet normal 0 0 1
    outer loop
      vertex -15.05338481324628 -3.9499118767597645 12
      vertex -15.284592537907402 -4.220621340861106 12
      vertex -14.603246426151056 -3.497060532642784 12
    endloop
  endfacet
  facet normal 1.3269320798306313e-13 0.611498047621839 0.7912459401189235
    outer loop
      vertex -14.279378659138894 -3.215407462092598 11.782330254077145
      vertex -14.550088123240236 -3.4466151867537196 11.961014358546798
      vertex -14.603246426151056 -3.497060532642784 12
    endloop
  endfacet
  facet normal 0 0 1
    outer loop
      vertex -15.05338481324628 -3.9499118767597645 12
      vertex -14.603246426151056 -3.497060532642784 12
      vertex -14.808326112068524 -3.6916738879314765 12
    endloop
  endfacet
  facet normal -0.6883545756937518 0.7253743710122897 4.406798228741968e-15
    outer loop
      vertex -14.808326112068524 -3.6916738879314765 12
      vertex -14.603246426151056 -3.497060532642784 12
      vertex -14.550088123240236 -3.4466151867537196 11.961014358546798
    endloop
  endfacet
  facet normal -5.1933055104505016e-14 0.6114980476219697 0.7912459401188224
    outer loop
      vertex -14.279378659138894 -3.215407462092598 11.782330254077145
      vertex -14.603246426151056 -3.497060532642784 12
      vertex -13.998654186321751 -2.9999999979138376 11.615857053887687
    endloop
  endfacet
  facet normal 0 1 0
    outer loop
      vertex -5.252001833110367 -2.01 10.850756046507996
      vertex -14.747998166889634 -2.01 10.845299461620748
      vertex -14.747998166889634 -2.01 10.850756046507996
    endloop
  endfacet
  facet normal 0 0 1
    outer loop
      vertex -14.753341693084648 -2.00293946946235 10.845299461620748
      vertex -14.747998166889634 -2.01 10.845299461620748
      vertex -5.252001833110366 -2.01 10.845299461620748
    endloop
  endfacet
  facet normal 0 0 1
    outer loop
      vertex -18.009999999999998 -2 10.845299461620748
      vertex -14.753341693084648 -2.00293946946235 10.845299461620748
      vertex -1.9900000000000002 -2 10.845299461620748
    endloop
  endfacet
  facet normal -6.682890011386461e-17 0.6114980476219288 0.791245940118854
    outer loop
      vertex -6.001250192523003 -2.9999999979138376 11.615857053887687
      vertex -14.747998166889634 -2.01 10.850756046507996
      vertex -14.499213399500709 -2.3387253366682184 11.104804618998974
    endloop
  endfacet
  facet normal 0 0 1
    outer loop
      vertex -5.236865504164129 -1.9900000020861626 10.84529945999384
      vertex -15.126406430016642 -1.5100000000000002 10.84529945999384
      vertex -14.763134495835871 -1.9900000020861626 10.84529945999384
    endloop
  endfacet
  facet normal 0 0 1
    outer loop
      vertex -15.126406430016642 -1.5100000000000002 10.84529945999384
      vertex -4.866025403784438 -1.5 10.84529945999384
      vertex -15.133974596215563 -1.5 10.84529945999384
    endloop
  endfacet
  facet normal -2.7786992837648288e-18 0.6114980476219294 0.7912459401188536
    outer loop
      vertex -6.001345813678249 -2.9999999979138376 11.615857053887687
      vertex -14.499213399500709 -2.3387253366682184 11.104804618998974
      vertex -10 -2.9794818138253176 11.600000000000001
    endloop
  endfacet
  facet normal -6.913484483951266e-17 0.611498047621929 0.791245940118854
    outer loop
      vertex -10 -2.9794818138253176 11.600000000000001
      vertex -14.499213399500709 -2.3387253366682184 11.104804618998974
      vertex -10.495476072833997 -3.005998719831116 11.620493041959982
    endloop
  endfacet
  facet normal -3.3989032926439624e-17 0.6114980476219292 0.791245940118854
    outer loop
      vertex -10.495476072833997 -3.005998719831116 11.620493041959982
      vertex -14.499213399500709 -2.3387253366682184 11.104804618998974
      vertex -10.987567541684403 -3.0853683004927044 11.681832179583667
    endloop
  endfacet
  facet normal 0 1 0
    outer loop
      vertex -18.009999999999998 -2 10.845299461620748
      vertex -1.9900000000000002 -2 10.84529945999384
      vertex -18.009999999999998 -2 10.84529945999384
    endloop
  endfacet
  facet normal 0 0 1
    outer loop
      vertex -18.009999999999998 -2 10.84529945999384
      vertex -5.236865504164129 -1.9900000020861626 10.84529945999384
      vertex -14.763134495835871 -1.9900000020861626 10.84529945999384
    endloop
  endfacet
  facet normal 0 -0.5000000005283542 0.8660254034793932
    outer loop
      vertex -18.009999999999998 -1.5 10.84529945999384
      vertex -15.133974596215563 -1.5 10.84529945999384
      vertex -1.9900000000000002 0.5 12
    endloop
  endfacet
  facet normal 0 -0.5000000005283542 0.8660254034793932
    outer loop
      vertex -18.009999999999998 -1.5 10.84529945999384
      vertex -1.9900000000000002 0.5 12
      vertex -18.009999999999998 0.5 12
    endloop
  endfacet
  facet normal 0 0 1
    outer loop
      vertex -18.009999999999998 0.5 12
      vertex -1.9900000000000002 1 12
      vertex -18.009999999999998 1 12
    endloop
  endfacet
  facet normal -0.7051121340145008 0 -0.7090958175490227
    outer loop
      vertex -16.25005650164707 0.3999999999999999 8.2
      vertex -18.009999999999998 0.3900000000000001 9.950056177397755
      vertex -18.009999999999998 1 9.950056177397755
    endloop
  endfacet
  facet normal -0.7973834519379758 -0.6034729741881387 0
    outer loop
      vertex -14.499213399500709 -2.3387253366682184 11.104804618998974
      vertex -14.747998166889634 -2.01 10.850756046507996
      vertex -14.747998166889634 -2.01 10.845299461620748
    endloop
  endfacet
  facet normal 0 0 1
    outer loop
      vertex -18.009999999999998 -2.01 10.845299461620748
      vertex -14.747998166889634 -2.01 10.845299461620748
      vertex -14.753341693084648 -2.00293946946235 10.845299461620748
    endloop
  endfacet
  facet normal 0 0 1
    outer loop
      vertex -15.133974596215563 -1.5100000000000002 10.84529945999384
      vertex -15.126406430016642 -1.5100000000000002 10.84529945999384
      vertex -15.133974596215563 -1.5 10.84529945999384
    endloop
  endfacet
  facet normal 0 0 1
    outer loop
      vertex -18.009999999999998 -2 10.84529945999384
      vertex -14.763134495835871 -1.9900000020861626 10.84529945999384
      vertex -15.126406430016642 -1.5100000000000002 10.84529945999384
    endloop
  endfacet
  facet normal 0 0.6114980476218898 0.7912459401188842
    outer loop
      vertex -14.499213399500709 -2.3387253366682184 11.104804618998974
      vertex -13.998749807476997 -2.9999999979138376 11.615857053887687
      vertex -13.998654186321751 -2.9999999979138376 11.615857053887687
    endloop
  endfacet
  facet normal 0 0 1
    outer loop
      vertex -18.009999999999998 -2.01 10.845299461620748
      vertex -14.753341693084648 -2.00293946946235 10.845299461620748
      vertex -18.009999999999998 -2 10.845299461620748
    endloop
  endfacet
  facet normal -1 0 0
    outer loop
      vertex -18.009999999999998 -2.01 10.845299461620748
      vertex -18.009999999999998 -2 10.845299461620748
      vertex -18.009999999999998 -2 10.84529945999384
    endloop
  endfacet
  facet normal 0 0 1
    outer loop
      vertex -18.009999999999998 -2 10.84529945999384
      vertex -15.126406430016642 -1.5100000000000002 10.84529945999384
      vertex -15.133974596215563 -1.5100000000000002 10.84529945999384
    endloop
  endfacet
  facet normal 0 0 1
    outer loop
      vertex -18.009999999999998 -1.5 10.84529945999384
      vertex -15.133974596215563 -1.5100000000000002 10.84529945999384
      vertex -15.133974596215563 -1.5 10.84529945999384
    endloop
  endfacet
  facet normal 0 0 1
    outer loop
      vertex -18.009999999999998 -2 10.84529945999384
      vertex -15.133974596215563 -1.5100000000000002 10.84529945999384
      vertex -18.009999999999998 -1.5 10.84529945999384
    endloop
  endfacet
  facet normal -1 0 0
    outer loop
      vertex -18.009999999999998 0.3900000000000001 9.950056177397755
      vertex -18.009999999999998 1 12
      vertex -18.009999999999998 1 9.950056177397755
    endloop
  endfacet
  facet normal -1 0 0
    outer loop
      vertex -18.009999999999998 0.3900000000000001 9.950056177397755
      vertex -18.009999999999998 0.5 12
      vertex -18.009999999999998 1 12
    endloop
  endfacet
endsolid OpenSCAD_Model
