▮▮▮▮ consumer:scad.build (38f8d75d)
▮▮▮▮ consumer:scad.docs (07a7782f)
▮▮▮▮ consumer:scad.build (running for 30s)
▮▮▮▮ consumer:scad.docs (running for 30s)
consumer:scad.docs | SCons design engine: 68 target(s), cache=/__w/2026-009-01.cad.HUB75-display-frame/2026-009-01.cad.HUB75-display-frame/.cache/scad-project/scons
consumer:scad.docs | + scons -Q -f /__w/2026-009-01.cad.HUB75-display-frame/2026-009-01.cad.HUB75-display-frame/tools/tool.scad-project/src/scad_project/design_scons_driver.py SCAD_PROJECT_MANIFEST=/__w/2026-009-01.cad.HUB75-display-frame/2026-009-01.cad.HUB75-display-frame/.cache/scad-project/state/design-manifest.json
consumer:scad.docs | _action([".cache/scad-project/design-stage/project/openscad/project_components/corner-edge-coupler/design/img/01-mating-reference.png"], [".cache/scad-project/state/design-entrypoints/c768d6d2142c0b14.scad", "dsg/openscad/ext/lib.scad.hub75/openscad/p5-64x32-panel/hub75_p5_64x32_panel.scad", "dsg/openscad/project_components/corner-edge-coupler/design/design.md", "dsg/openscad/project_components/corner-edge-coupler/hub75_corner_edge_coupler.scad", "dsg/openscad/project_components/corner-edge-coupler/hub75_corner_edge_coupler_render.scad", "dsg/openscad/project_components/hub75_panel_mating.scad"])
consumer:scad.docs | + xvfb-run -a openscad --enable=object-function --render --projection=o --camera=8.0,0.0,-8.0,0.0,0.0,0.0,210.0 --imgsize=640,480 -o /__w/2026-009-01.cad.HUB75-display-frame/2026-009-01.cad.HUB75-display-frame/.cache/scad-project/design-stage/project/openscad/project_components/corner-edge-coupler/design/img/.01-mating-reference.unwatermarked.png /__w/2026-009-01.cad.HUB75-display-frame/2026-009-01.cad.HUB75-display-frame/.cache/scad-project/state/design-entrypoints/c768d6d2142c0b14.scad
consumer:scad.docs | Geometries in cache: 24
consumer:scad.docs | Geometry cache size in bytes: 112928
consumer:scad.docs | CGAL Polyhedrons in cache: 1
consumer:scad.docs | CGAL cache size in bytes: 54000
consumer:scad.docs | Total rendering time: 0:00:00.177
consumer:scad.docs |    Top level object is a 3D object (manifold):
consumer:scad.docs |    Status:     NoError
consumer:scad.docs |    Genus:      -2
consumer:scad.docs |    Vertices:      216
consumer:scad.docs |    Facets:        420
consumer:scad.docs | + scad-image-watermark /__w/2026-009-01.cad.HUB75-display-frame/2026-009-01.cad.HUB75-display-frame/.cache/scad-project/design-stage/project/openscad/project_components/corner-edge-coupler/design/img/.01-mating-reference.unwatermarked.png /__w/2026-009-01.cad.HUB75-display-frame/2026-009-01.cad.HUB75-display-frame/.cache/scad-project/design-stage/project/openscad/project_components/corner-edge-coupler/design/img/01-mating-reference.png --text © 2026 brainboxemb
consumer:scad.docs | SCons design built: .cache/scad-project/design-stage/project/openscad/project_components/corner-edge-coupler/design/img/01-mating-reference.png
consumer:scad.docs | _action([".cache/scad-project/design-stage/project/openscad/project_components/corner-edge-coupler/design/img/02-profile-horizontal-arm.png"], [".cache/scad-project/state/design-entrypoints/1d493b8d2393e9e9.scad", "dsg/openscad/ext/lib.scad.hub75/openscad/p5-64x32-panel/hub75_p5_64x32_panel.scad", "dsg/openscad/project_components/corner-edge-coupler/design/design.md", "dsg/openscad/project_components/corner-edge-coupler/hub75_corner_edge_coupler.scad", "dsg/openscad/project_components/corner-edge-coupler/hub75_corner_edge_coupler_render.scad", "dsg/openscad/project_components/hub75_panel_mating.scad"])
consumer:scad.docs | + xvfb-run -a openscad --enable=object-function --render --projection=o --camera=8.0,0.0,-5.0,0.0,0.0,0.0,210.0 --imgsize=640,480 -o /__w/2026-009-01.cad.HUB75-display-frame/2026-009-01.cad.HUB75-display-frame/.cache/scad-project/design-stage/project/openscad/project_components/corner-edge-coupler/design/img/.02-profile-horizontal-arm.unwatermarked.png /__w/2026-009-01.cad.HUB75-display-frame/2026-009-01.cad.HUB75-display-frame/.cache/scad-project/state/design-entrypoints/1d493b8d2393e9e9.scad
consumer:scad.docs | Geometries in cache: 14
consumer:scad.docs | Geometry cache size in bytes: 9616
consumer:scad.docs | CGAL Polyhedrons in cache: 1
consumer:scad.docs | CGAL cache size in bytes: 4000
consumer:scad.docs | Total rendering time: 0:00:00.061
consumer:scad.docs |    Top level object is a 3D object (manifold):
consumer:scad.docs |    Status:     NoError
consumer:scad.docs |    Genus:      -1
consumer:scad.docs |    Vertices:       16
consumer:scad.docs |    Facets:         24
consumer:scad.docs | + scad-image-watermark /__w/2026-009-01.cad.HUB75-display-frame/2026-009-01.cad.HUB75-display-frame/.cache/scad-project/design-stage/project/openscad/project_components/corner-edge-coupler/design/img/.02-profile-horizontal-arm.unwatermarked.png /__w/2026-009-01.cad.HUB75-display-frame/2026-009-01.cad.HUB75-display-frame/.cache/scad-project/design-stage/project/openscad/project_components/corner-edge-coupler/design/img/02-profile-horizontal-arm.png --text © 2026 brainboxemb
consumer:scad.docs | SCons design built: .cache/scad-project/design-stage/project/openscad/project_components/corner-edge-coupler/design/img/02-profile-horizontal-arm.png
consumer:scad.docs | _action([".cache/scad-project/design-stage/project/openscad/project_components/corner-edge-coupler/design/img/03-profile-vertical-arm.png"], [".cache/scad-project/state/design-entrypoints/f9dd02f1b07ff461.scad", "dsg/openscad/ext/lib.scad.hub75/openscad/p5-64x32-panel/hub75_p5_64x32_panel.scad", "dsg/openscad/project_components/corner-edge-coupler/design/design.md", "dsg/openscad/project_components/corner-edge-coupler/hub75_corner_edge_coupler.scad", "dsg/openscad/project_components/corner-edge-coupler/hub75_corner_edge_coupler_render.scad", "dsg/openscad/project_components/hub75_panel_mating.scad"])
consumer:scad.docs | + xvfb-run -a openscad --enable=object-function --render --projection=o --camera=8.0,0.0,-8.0,0.0,0.0,0.0,210.0 --imgsize=640,480 -o /__w/2026-009-01.cad.HUB75-display-frame/2026-009-01.cad.HUB75-display-frame/.cache/scad-project/design-stage/project/openscad/project_components/corner-edge-coupler/design/img/.03-profile-vertical-arm.unwatermarked.png /__w/2026-009-01.cad.HUB75-display-frame/2026-009-01.cad.HUB75-display-frame/.cache/scad-project/state/design-entrypoints/f9dd02f1b07ff461.scad
consumer:scad.docs | Geometries in cache: 14
consumer:scad.docs | Geometry cache size in bytes: 9616
consumer:scad.docs | CGAL Polyhedrons in cache: 1
consumer:scad.docs | CGAL cache size in bytes: 4000
consumer:scad.docs | Total rendering time: 0:00:00.067
consumer:scad.docs |    Top level object is a 3D object (manifold):
consumer:scad.docs |    Status:     NoError
consumer:scad.docs |    Genus:      -1
consumer:scad.docs |    Vertices:       16
consumer:scad.docs |    Facets:         24
consumer:scad.docs | + scad-image-watermark /__w/2026-009-01.cad.HUB75-display-frame/2026-009-01.cad.HUB75-display-frame/.cache/scad-project/design-stage/project/openscad/project_components/corner-edge-coupler/design/img/.03-profile-vertical-arm.unwatermarked.png /__w/2026-009-01.cad.HUB75-display-frame/2026-009-01.cad.HUB75-display-frame/.cache/scad-project/design-stage/project/openscad/project_components/corner-edge-coupler/design/img/03-profile-vertical-arm.png --text © 2026 brainboxemb
consumer:scad.docs | SCons design built: .cache/scad-project/design-stage/project/openscad/project_components/corner-edge-coupler/design/img/03-profile-vertical-arm.png
consumer:scad.docs | _action([".cache/scad-project/design-stage/project/openscad/project_components/corner-edge-coupler/design/img/04-profile-raw-cross.png"], [".cache/scad-project/state/design-entrypoints/0ce7dda96ac78a70.scad", "dsg/openscad/ext/lib.scad.hub75/openscad/p5-64x32-panel/hub75_p5_64x32_panel.scad", "dsg/openscad/project_components/corner-edge-coupler/design/design.md", "dsg/openscad/project_components/corner-edge-coupler/hub75_corner_edge_coupler.scad", "dsg/openscad/project_components/corner-edge-coupler/hub75_corner_edge_coupler_render.scad", "dsg/openscad/project_components/hub75_panel_mating.scad"])
consumer:scad.docs | + xvfb-run -a openscad --enable=object-function --render --projection=o --camera=8.0,0.0,-8.0,0.0,0.0,0.0,210.0 --imgsize=640,480 -o /__w/2026-009-01.cad.HUB75-display-frame/2026-009-01.cad.HUB75-display-frame/.cache/scad-project/design-stage/project/openscad/project_components/corner-edge-coupler/design/img/.04-profile-raw-cross.unwatermarked.png /__w/2026-009-01.cad.HUB75-display-frame/2026-009-01.cad.HUB75-display-frame/.cache/scad-project/state/design-entrypoints/0ce7dda96ac78a70.scad
consumer:scad.docs | Geometries in cache: 10
consumer:scad.docs | Geometry cache size in bytes: 13048
consumer:scad.docs | CGAL Polyhedrons in cache: 0
consumer:scad.docs | CGAL cache size in bytes: 0
consumer:scad.docs | Total rendering time: 0:00:00.079
consumer:scad.docs | Top level object is a 3D object (PolySet):
consumer:scad.docs |    Convex:       no
consumer:scad.docs |    Triangles:     44
consumer:scad.docs | + scad-image-watermark /__w/2026-009-01.cad.HUB75-display-frame/2026-009-01.cad.HUB75-display-frame/.cache/scad-project/design-stage/project/openscad/project_components/corner-edge-coupler/design/img/.04-profile-raw-cross.unwatermarked.png /__w/2026-009-01.cad.HUB75-display-frame/2026-009-01.cad.HUB75-display-frame/.cache/scad-project/design-stage/project/openscad/project_components/corner-edge-coupler/design/img/04-profile-raw-cross.png --text © 2026 brainboxemb
consumer:scad.docs | SCons design built: .cache/scad-project/design-stage/project/openscad/project_components/corner-edge-coupler/design/img/04-profile-raw-cross.png
consumer:scad.docs | _action([".cache/scad-project/design-stage/project/openscad/project_components/corner-edge-coupler/design/img/05-profile-rounded.png"], [".cache/scad-project/state/design-entrypoints/495afa849b1084e8.scad", "dsg/openscad/ext/lib.scad.hub75/openscad/p5-64x32-panel/hub75_p5_64x32_panel.scad", "dsg/openscad/project_components/corner-edge-coupler/design/design.md", "dsg/openscad/project_components/corner-edge-coupler/hub75_corner_edge_coupler.scad", "dsg/openscad/project_components/corner-edge-coupler/hub75_corner_edge_coupler_render.scad", "dsg/openscad/project_components/hub75_panel_mating.scad"])
consumer:scad.docs | + xvfb-run -a openscad --enable=object-function --render --projection=o --camera=8.0,0.0,-8.0,0.0,0.0,0.0,210.0 --imgsize=640,480 -o /__w/2026-009-01.cad.HUB75-display-frame/2026-009-01.cad.HUB75-display-frame/.cache/scad-project/design-stage/project/openscad/project_components/corner-edge-coupler/design/img/.05-profile-rounded.unwatermarked.png /__w/2026-009-01.cad.HUB75-display-frame/2026-009-01.cad.HUB75-display-frame/.cache/scad-project/state/design-entrypoints/495afa849b1084e8.scad
consumer:scad.docs | Geometries in cache: 16
consumer:scad.docs | Geometry cache size in bytes: 587696
consumer:scad.docs | CGAL Polyhedrons in cache: 1
consumer:scad.docs | CGAL cache size in bytes: 300000
consumer:scad.docs | Total rendering time: 0:00:00.081
consumer:scad.docs |    Top level object is a 3D object (manifold):
consumer:scad.docs |    Status:     NoError
consumer:scad.docs |    Genus:      -1
consumer:scad.docs |    Vertices:     1200
consumer:scad.docs |    Facets:       2392
consumer:scad.docs | + scad-image-watermark /__w/2026-009-01.cad.HUB75-display-frame/2026-009-01.cad.HUB75-display-frame/.cache/scad-project/design-stage/project/openscad/project_components/corner-edge-coupler/design/img/.05-profile-rounded.unwatermarked.png /__w/2026-009-01.cad.HUB75-display-frame/2026-009-01.cad.HUB75-display-frame/.cache/scad-project/design-stage/project/openscad/project_components/corner-edge-coupler/design/img/05-profile-rounded.png --text © 2026 brainboxemb
consumer:scad.docs | SCons design built: .cache/scad-project/design-stage/project/openscad/project_components/corner-edge-coupler/design/img/05-profile-rounded.png
consumer:scad.docs | _action([".cache/scad-project/design-stage/project/openscad/project_components/corner-edge-coupler/design/img/06-reinforcement-support-profile.png"], [".cache/scad-project/state/design-entrypoints/5b9e68a9f88d7d22.scad", "dsg/openscad/ext/lib.scad.hub75/openscad/p5-64x32-panel/hub75_p5_64x32_panel.scad", "dsg/openscad/project_components/corner-edge-coupler/design/design.md", "dsg/openscad/project_components/corner-edge-coupler/hub75_corner_edge_coupler.scad", "dsg/openscad/project_components/corner-edge-coupler/hub75_corner_edge_coupler_render.scad", "dsg/openscad/project_components/hub75_panel_mating.scad"])
consumer:scad.docs | + xvfb-run -a openscad --enable=object-function --render --projection=o --camera=8.0,0.0,-8.0,0.0,0.0,0.0,210.0 --imgsize=640,480 -o /__w/2026-009-01.cad.HUB75-display-frame/2026-009-01.cad.HUB75-display-frame/.cache/scad-project/design-stage/project/openscad/project_components/corner-edge-coupler/design/img/.06-reinforcement-support-profile.unwatermarked.png /__w/2026-009-01.cad.HUB75-display-frame/2026-009-01.cad.HUB75-display-frame/.cache/scad-project/state/design-entrypoints/5b9e68a9f88d7d22.scad
consumer:scad.docs | Geometries in cache: 15
consumer:scad.docs | Geometry cache size in bytes: 654896
consumer:scad.docs | CGAL Polyhedrons in cache: 1
consumer:scad.docs | CGAL cache size in bytes: 328000
consumer:scad.docs | Total rendering time: 0:00:00.098
consumer:scad.docs |    Top level object is a 3D object (manifold):
consumer:scad.docs |    Status:     NoError
consumer:scad.docs |    Genus:      -2
consumer:scad.docs |    Vertices:     1312
consumer:scad.docs |    Facets:       2612
consumer:scad.docs | + scad-image-watermark /__w/2026-009-01.cad.HUB75-display-frame/2026-009-01.cad.HUB75-display-frame/.cache/scad-project/design-stage/project/openscad/project_components/corner-edge-coupler/design/img/.06-reinforcement-support-profile.unwatermarked.png /__w/2026-009-01.cad.HUB75-display-frame/2026-009-01.cad.HUB75-display-frame/.cache/scad-project/design-stage/project/openscad/project_components/corner-edge-coupler/design/img/06-reinforcement-support-profile.png --text © 2026 brainboxemb
consumer:scad.docs | SCons design built: .cache/scad-project/design-stage/project/openscad/project_components/corner-edge-coupler/design/img/06-reinforcement-support-profile.png
consumer:scad.docs | _action([".cache/scad-project/design-stage/project/openscad/project_components/corner-edge-coupler/design/img/07-base.png"], [".cache/scad-project/state/design-entrypoints/f76f30ce28f3c0ae.scad", "dsg/openscad/ext/lib.scad.hub75/openscad/p5-64x32-panel/hub75_p5_64x32_panel.scad", "dsg/openscad/project_components/corner-edge-coupler/design/design.md", "dsg/openscad/project_components/corner-edge-coupler/hub75_corner_edge_coupler.scad", "dsg/openscad/project_components/corner-edge-coupler/hub75_corner_edge_coupler_render.scad", "dsg/openscad/project_components/hub75_panel_mating.scad"])
consumer:scad.docs | + xvfb-run -a openscad --enable=object-function --render --projection=o --camera=10.0,0.0,-10.0,68.0,0.0,35.0,210.0 --imgsize=640,480 -o /__w/2026-009-01.cad.HUB75-display-frame/2026-009-01.cad.HUB75-display-frame/.cache/scad-project/design-stage/project/openscad/project_components/corner-edge-coupler/design/img/.07-base.unwatermarked.png /__w/2026-009-01.cad.HUB75-display-frame/2026-009-01.cad.HUB75-display-frame/.cache/scad-project/state/design-entrypoints/f76f30ce28f3c0ae.scad
consumer:scad.docs | Geometries in cache: 8
consumer:scad.docs | Geometry cache size in bytes: 478192
consumer:scad.docs | CGAL Polyhedrons in cache: 0
consumer:scad.docs | CGAL cache size in bytes: 0
consumer:scad.docs | Total rendering time: 0:00:00.070
consumer:scad.docs | Top level object is a 3D object (PolySet):
consumer:scad.docs |    Convex:       no
consumer:scad.docs |    Triangles:   2352
consumer:scad.docs | + scad-image-watermark /__w/2026-009-01.cad.HUB75-display-frame/2026-009-01.cad.HUB75-display-frame/.cache/scad-project/design-stage/project/openscad/project_components/corner-edge-coupler/design/img/.07-base.unwatermarked.png /__w/2026-009-01.cad.HUB75-display-frame/2026-009-01.cad.HUB75-display-frame/.cache/scad-project/design-stage/project/openscad/project_components/corner-edge-coupler/design/img/07-base.png --text © 2026 brainboxemb
consumer:scad.docs | SCons design built: .cache/scad-project/design-stage/project/openscad/project_components/corner-edge-coupler/design/img/07-base.png
consumer:scad.docs | _action([".cache/scad-project/design-stage/project/openscad/project_components/corner-edge-coupler/design/img/08-screw-hole.png"], [".cache/scad-project/state/design-entrypoints/45def21cbc6343c8.scad", "dsg/openscad/ext/lib.scad.hub75/openscad/p5-64x32-panel/hub75_p5_64x32_panel.scad", "dsg/openscad/project_components/corner-edge-coupler/design/design.md", "dsg/openscad/project_components/corner-edge-coupler/hub75_corner_edge_coupler.scad", "dsg/openscad/project_components/corner-edge-coupler/hub75_corner_edge_coupler_render.scad", "dsg/openscad/project_components/hub75_panel_mating.scad"])
consumer:scad.docs | + xvfb-run -a openscad --enable=object-function --render --projection=o --camera=10.0,0.0,-10.0,68.0,0.0,35.0,210.0 --imgsize=640,480 -o /__w/2026-009-01.cad.HUB75-display-frame/2026-009-01.cad.HUB75-display-frame/.cache/scad-project/design-stage/project/openscad/project_components/corner-edge-coupler/design/img/.08-screw-hole.unwatermarked.png /__w/2026-009-01.cad.HUB75-display-frame/2026-009-01.cad.HUB75-display-frame/.cache/scad-project/state/design-entrypoints/45def21cbc6343c8.scad
consumer:scad.docs | Geometries in cache: 15
consumer:scad.docs | Geometry cache size in bytes: 705272
consumer:scad.docs | CGAL Polyhedrons in cache: 5
consumer:scad.docs | CGAL cache size in bytes: 1734500
consumer:scad.docs | Total rendering time: 0:00:00.121
consumer:scad.docs |    Top level object is a 3D object (manifold):
consumer:scad.docs |    Status:     NoError
consumer:scad.docs |    Genus:      0
consumer:scad.docs |    Vertices:     2138
consumer:scad.docs |    Facets:       4272
consumer:scad.docs | + scad-image-watermark /__w/2026-009-01.cad.HUB75-display-frame/2026-009-01.cad.HUB75-display-frame/.cache/scad-project/design-stage/project/openscad/project_components/corner-edge-coupler/design/img/.08-screw-hole.unwatermarked.png /__w/2026-009-01.cad.HUB75-display-frame/2026-009-01.cad.HUB75-display-frame/.cache/scad-project/design-stage/project/openscad/project_components/corner-edge-coupler/design/img/08-screw-hole.png --text © 2026 brainboxemb
consumer:scad.docs | SCons design built: .cache/scad-project/design-stage/project/openscad/project_components/corner-edge-coupler/design/img/08-screw-hole.png
consumer:scad.docs | _action([".cache/scad-project/design-stage/project/openscad/project_components/corner-edge-coupler/design/img/09-tube-pocket.png"], [".cache/scad-project/state/design-entrypoints/d6902887c4f23826.scad", "dsg/openscad/ext/lib.scad.hub75/openscad/p5-64x32-panel/hub75_p5_64x32_panel.scad", "dsg/openscad/project_components/corner-edge-coupler/design/design.md", "dsg/openscad/project_components/corner-edge-coupler/hub75_corner_edge_coupler.scad", "dsg/openscad/project_components/corner-edge-coupler/hub75_corner_edge_coupler_render.scad", "dsg/openscad/project_components/hub75_panel_mating.scad"])
consumer:scad.docs | + xvfb-run -a openscad --enable=object-function --render --projection=o --camera=10.0,0.0,-10.0,68.0,0.0,35.0,210.0 --imgsize=640,480 -o /__w/2026-009-01.cad.HUB75-display-frame/2026-009-01.cad.HUB75-display-frame/.cache/scad-project/design-stage/project/openscad/project_components/corner-edge-coupler/design/img/.09-tube-pocket.unwatermarked.png /__w/2026-009-01.cad.HUB75-display-frame/2026-009-01.cad.HUB75-display-frame/.cache/scad-project/state/design-entrypoints/d6902887c4f23826.scad
consumer:scad.docs | Geometries in cache: 18
consumer:scad.docs | Geometry cache size in bytes: 721808
consumer:scad.docs | CGAL Polyhedrons in cache: 6
consumer:scad.docs | CGAL cache size in bytes: 2611500
consumer:scad.docs | Total rendering time: 0:00:00.146
consumer:scad.docs |    Top level object is a 3D object (manifold):
consumer:scad.docs |    Status:     NoError
consumer:scad.docs |    Genus:      0
consumer:scad.docs |    Vertices:     2330
consumer:scad.docs |    Facets:       4656
consumer:scad.docs | + scad-image-watermark /__w/2026-009-01.cad.HUB75-display-frame/2026-009-01.cad.HUB75-display-frame/.cache/scad-project/design-stage/project/openscad/project_components/corner-edge-coupler/design/img/.09-tube-pocket.unwatermarked.png /__w/2026-009-01.cad.HUB75-display-frame/2026-009-01.cad.HUB75-display-frame/.cache/scad-project/design-stage/project/openscad/project_components/corner-edge-coupler/design/img/09-tube-pocket.png --text © 2026 brainboxemb
consumer:scad.docs | SCons design built: .cache/scad-project/design-stage/project/openscad/project_components/corner-edge-coupler/design/img/09-tube-pocket.png
consumer:scad.docs | _action([".cache/scad-project/design-stage/project/openscad/project_components/corner-edge-coupler/design/img/10-locator-pin-clearance.png"], [".cache/scad-project/state/design-entrypoints/5385bb3b78a9125d.scad", "dsg/openscad/ext/lib.scad.hub75/openscad/p5-64x32-panel/hub75_p5_64x32_panel.scad", "dsg/openscad/project_components/corner-edge-coupler/design/design.md", "dsg/openscad/project_components/corner-edge-coupler/hub75_corner_edge_coupler.scad", "dsg/openscad/project_components/corner-edge-coupler/hub75_corner_edge_coupler_render.scad", "dsg/openscad/project_components/hub75_panel_mating.scad"])
consumer:scad.docs | + xvfb-run -a openscad --enable=object-function --render --projection=o --camera=10.0,0.0,-10.0,68.0,0.0,35.0,210.0 --imgsize=640,480 -o /__w/2026-009-01.cad.HUB75-display-frame/2026-009-01.cad.HUB75-display-frame/.cache/scad-project/design-stage/project/openscad/project_components/corner-edge-coupler/design/img/.10-locator-pin-clearance.unwatermarked.png /__w/2026-009-01.cad.HUB75-display-frame/2026-009-01.cad.HUB75-display-frame/.cache/scad-project/state/design-entrypoints/5385bb3b78a9125d.scad
consumer:scad.docs | Geometries in cache: 30
consumer:scad.docs | Geometry cache size in bytes: 785088
consumer:scad.docs | CGAL Polyhedrons in cache: 14
consumer:scad.docs | CGAL cache size in bytes: 2782500
consumer:scad.docs | Total rendering time: 0:00:00.104
consumer:scad.docs |    Top level object is a 3D object (manifold):
consumer:scad.docs |    Status:     NoError
consumer:scad.docs |    Genus:      0
consumer:scad.docs |    Vertices:      806
consumer:scad.docs |    Facets:       1608
consumer:scad.docs | + scad-image-watermark /__w/2026-009-01.cad.HUB75-display-frame/2026-009-01.cad.HUB75-display-frame/.cache/scad-project/design-stage/project/openscad/project_components/corner-edge-coupler/design/img/.10-locator-pin-clearance.unwatermarked.png /__w/2026-009-01.cad.HUB75-display-frame/2026-009-01.cad.HUB75-display-frame/.cache/scad-project/design-stage/project/openscad/project_components/corner-edge-coupler/design/img/10-locator-pin-clearance.png --text © 2026 brainboxemb
consumer:scad.docs | SCons design built: .cache/scad-project/design-stage/project/openscad/project_components/corner-edge-coupler/design/img/10-locator-pin-clearance.png
consumer:scad.docs | _action([".cache/scad-project/design-stage/project/openscad/project_components/corner-edge-coupler/design/img/11-guide-keepout.png"], [".cache/scad-project/state/design-entrypoints/74bca5880670f19e.scad", "dsg/openscad/ext/lib.scad.hub75/openscad/p5-64x32-panel/hub75_p5_64x32_panel.scad", "dsg/openscad/project_components/corner-edge-coupler/design/design.md", "dsg/openscad/project_components/corner-edge-coupler/hub75_corner_edge_coupler.scad", "dsg/openscad/project_components/corner-edge-coupler/hub75_corner_edge_coupler_render.scad", "dsg/openscad/project_components/hub75_panel_mating.scad"])
consumer:scad.docs | + xvfb-run -a openscad --enable=object-function --render --projection=o --camera=8.0,0.0,-8.0,0.0,0.0,0.0,210.0 --imgsize=640,480 -o /__w/2026-009-01.cad.HUB75-display-frame/2026-009-01.cad.HUB75-display-frame/.cache/scad-project/design-stage/project/openscad/project_components/corner-edge-coupler/design/img/.11-guide-keepout.unwatermarked.png /__w/2026-009-01.cad.HUB75-display-frame/2026-009-01.cad.HUB75-display-frame/.cache/scad-project/state/design-entrypoints/74bca5880670f19e.scad
consumer:scad.docs | Geometries in cache: 23
consumer:scad.docs | Geometry cache size in bytes: 1251888
consumer:scad.docs | CGAL Polyhedrons in cache: 1
consumer:scad.docs | CGAL cache size in bytes: 628000
consumer:scad.docs | Total rendering time: 0:00:00.080
consumer:scad.docs |    Top level object is a 3D object (manifold):
consumer:scad.docs |    Status:     NoError
consumer:scad.docs |    Genus:      0
consumer:scad.docs |    Vertices:     2512
consumer:scad.docs |    Facets:       5020
consumer:scad.docs | + scad-image-watermark /__w/2026-009-01.cad.HUB75-display-frame/2026-009-01.cad.HUB75-display-frame/.cache/scad-project/design-stage/project/openscad/project_components/corner-edge-coupler/design/img/.11-guide-keepout.unwatermarked.png /__w/2026-009-01.cad.HUB75-display-frame/2026-009-01.cad.HUB75-display-frame/.cache/scad-project/design-stage/project/openscad/project_components/corner-edge-coupler/design/img/11-guide-keepout.png --text © 2026 brainboxemb
consumer:scad.docs | SCons design built: .cache/scad-project/design-stage/project/openscad/project_components/corner-edge-coupler/design/img/11-guide-keepout.png
consumer:scad.docs | _action([".cache/scad-project/design-stage/project/openscad/project_components/corner-edge-coupler/design/img/12-guide-raw-shell.png"], [".cache/scad-project/state/design-entrypoints/35fad46c3fd7edbe.scad", "dsg/openscad/ext/lib.scad.hub75/openscad/p5-64x32-panel/hub75_p5_64x32_panel.scad", "dsg/openscad/project_components/corner-edge-coupler/design/design.md", "dsg/openscad/project_components/corner-edge-coupler/hub75_corner_edge_coupler.scad", "dsg/openscad/project_components/corner-edge-coupler/hub75_corner_edge_coupler_render.scad", "dsg/openscad/project_components/hub75_panel_mating.scad"])
consumer:scad.docs | + xvfb-run -a openscad --enable=object-function --render --projection=o --camera=8.0,0.0,-8.0,0.0,0.0,0.0,210.0 --imgsize=640,480 -o /__w/2026-009-01.cad.HUB75-display-frame/2026-009-01.cad.HUB75-display-frame/.cache/scad-project/design-stage/project/openscad/project_components/corner-edge-coupler/design/img/.12-guide-raw-shell.unwatermarked.png /__w/2026-009-01.cad.HUB75-display-frame/2026-009-01.cad.HUB75-display-frame/.cache/scad-project/state/design-entrypoints/35fad46c3fd7edbe.scad
consumer:scad.docs | Geometries in cache: 24
consumer:scad.docs | Geometry cache size in bytes: 1152096
consumer:scad.docs | CGAL Polyhedrons in cache: 1
consumer:scad.docs | CGAL cache size in bytes: 580000
consumer:scad.docs | Total rendering time: 0:00:00.096
consumer:scad.docs |    Top level object is a 3D object (manifold):
consumer:scad.docs |    Status:     NoError
consumer:scad.docs |    Genus:      -2
consumer:scad.docs |    Vertices:     2320
consumer:scad.docs |    Facets:       4628
consumer:scad.docs | + scad-image-watermark /__w/2026-009-01.cad.HUB75-display-frame/2026-009-01.cad.HUB75-display-frame/.cache/scad-project/design-stage/project/openscad/project_components/corner-edge-coupler/design/img/.12-guide-raw-shell.unwatermarked.png /__w/2026-009-01.cad.HUB75-display-frame/2026-009-01.cad.HUB75-display-frame/.cache/scad-project/design-stage/project/openscad/project_components/corner-edge-coupler/design/img/12-guide-raw-shell.png --text © 2026 brainboxemb
consumer:scad.docs | SCons design built: .cache/scad-project/design-stage/project/openscad/project_components/corner-edge-coupler/design/img/12-guide-raw-shell.png
consumer:scad.docs | _action([".cache/scad-project/design-stage/project/openscad/project_components/corner-edge-coupler/design/img/13-guide-end-mask.png"], [".cache/scad-project/state/design-entrypoints/7dd6abc7a9a53fbc.scad", "dsg/openscad/ext/lib.scad.hub75/openscad/p5-64x32-panel/hub75_p5_64x32_panel.scad", "dsg/openscad/project_components/corner-edge-coupler/design/design.md", "dsg/openscad/project_components/corner-edge-coupler/hub75_corner_edge_coupler.scad", "dsg/openscad/project_components/corner-edge-coupler/hub75_corner_edge_coupler_render.scad", "dsg/openscad/project_components/hub75_panel_mating.scad"])
consumer:scad.docs | + xvfb-run -a openscad --enable=object-function --render --projection=o --camera=8.0,0.0,-8.0,0.0,0.0,0.0,210.0 --imgsize=640,480 -o /__w/2026-009-01.cad.HUB75-display-frame/2026-009-01.cad.HUB75-display-frame/.cache/scad-project/design-stage/project/openscad/project_components/corner-edge-coupler/design/img/.13-guide-end-mask.unwatermarked.png /__w/2026-009-01.cad.HUB75-display-frame/2026-009-01.cad.HUB75-display-frame/.cache/scad-project/state/design-entrypoints/7dd6abc7a9a53fbc.scad
consumer:scad.docs | Geometries in cache: 27
consumer:scad.docs | Geometry cache size in bytes: 1164608
consumer:scad.docs | CGAL Polyhedrons in cache: 1
consumer:scad.docs | CGAL cache size in bytes: 572000
consumer:scad.docs | Total rendering time: 0:00:00.075
consumer:scad.docs |    Top level object is a 3D object (manifold):
consumer:scad.docs |    Status:     NoError
consumer:scad.docs |    Genus:      -3
consumer:scad.docs |    Vertices:     2288
consumer:scad.docs |    Facets:       4560
consumer:scad.docs | + scad-image-watermark /__w/2026-009-01.cad.HUB75-display-frame/2026-009-01.cad.HUB75-display-frame/.cache/scad-project/design-stage/project/openscad/project_components/corner-edge-coupler/design/img/.13-guide-end-mask.unwatermarked.png /__w/2026-009-01.cad.HUB75-display-frame/2026-009-01.cad.HUB75-display-frame/.cache/scad-project/design-stage/project/openscad/project_components/corner-edge-coupler/design/img/13-guide-end-mask.png --text © 2026 brainboxemb
consumer:scad.docs | SCons design built: .cache/scad-project/design-stage/project/openscad/project_components/corner-edge-coupler/design/img/13-guide-end-mask.png
consumer:scad.docs | _action([".cache/scad-project/design-stage/project/openscad/project_components/corner-edge-coupler/design/img/14-guide-zones.png"], [".cache/scad-project/state/design-entrypoints/39e41ac3c228c11f.scad", "dsg/openscad/ext/lib.scad.hub75/openscad/p5-64x32-panel/hub75_p5_64x32_panel.scad", "dsg/openscad/project_components/corner-edge-coupler/design/design.md", "dsg/openscad/project_components/corner-edge-coupler/hub75_corner_edge_coupler.scad", "dsg/openscad/project_components/corner-edge-coupler/hub75_corner_edge_coupler_render.scad", "dsg/openscad/project_components/hub75_panel_mating.scad"])
consumer:scad.docs | + xvfb-run -a openscad --enable=object-function --render --projection=o --camera=8.0,0.0,-8.0,0.0,0.0,0.0,210.0 --imgsize=640,480 -o /__w/2026-009-01.cad.HUB75-display-frame/2026-009-01.cad.HUB75-display-frame/.cache/scad-project/design-stage/project/openscad/project_components/corner-edge-coupler/design/img/.14-guide-zones.unwatermarked.png /__w/2026-009-01.cad.HUB75-display-frame/2026-009-01.cad.HUB75-display-frame/.cache/scad-project/state/design-entrypoints/39e41ac3c228c11f.scad
consumer:scad.docs | Geometries in cache: 37
consumer:scad.docs | Geometry cache size in bytes: 635072
consumer:scad.docs | CGAL Polyhedrons in cache: 1
consumer:scad.docs | CGAL cache size in bytes: 286000
consumer:scad.docs | Total rendering time: 0:00:00.073
consumer:scad.docs |    Top level object is a 3D object (manifold):
consumer:scad.docs |    Status:     NoError
consumer:scad.docs |    Genus:      -1
consumer:scad.docs |    Vertices:     1144
consumer:scad.docs |    Facets:       2280
consumer:scad.docs | + scad-image-watermark /__w/2026-009-01.cad.HUB75-display-frame/2026-009-01.cad.HUB75-display-frame/.cache/scad-project/design-stage/project/openscad/project_components/corner-edge-coupler/design/img/.14-guide-zones.unwatermarked.png /__w/2026-009-01.cad.HUB75-display-frame/2026-009-01.cad.HUB75-display-frame/.cache/scad-project/design-stage/project/openscad/project_components/corner-edge-coupler/design/img/14-guide-zones.png --text © 2026 brainboxemb
consumer:scad.docs | SCons design built: .cache/scad-project/design-stage/project/openscad/project_components/corner-edge-coupler/design/img/14-guide-zones.png
consumer:scad.docs | _action([".cache/scad-project/design-stage/project/openscad/project_components/corner-edge-coupler/design/img/15-guide-taper.png"], [".cache/scad-project/state/design-entrypoints/5f1601eb2e39c1c6.scad", "dsg/openscad/ext/lib.scad.hub75/openscad/p5-64x32-panel/hub75_p5_64x32_panel.scad", "dsg/openscad/project_components/corner-edge-coupler/design/design.md", "dsg/openscad/project_components/corner-edge-coupler/hub75_corner_edge_coupler.scad", "dsg/openscad/project_components/corner-edge-coupler/hub75_corner_edge_coupler_render.scad", "dsg/openscad/project_components/hub75_panel_mating.scad"])
consumer:scad.docs | + xvfb-run -a openscad --enable=object-function --render --projection=o --camera=8.0,-2.0,-8.0,68.0,0.0,35.0,210.0 --imgsize=640,480 -o /__w/2026-009-01.cad.HUB75-display-frame/2026-009-01.cad.HUB75-display-frame/.cache/scad-project/design-stage/project/openscad/project_components/corner-edge-coupler/design/img/.15-guide-taper.unwatermarked.png /__w/2026-009-01.cad.HUB75-display-frame/2026-009-01.cad.HUB75-display-frame/.cache/scad-project/state/design-entrypoints/5f1601eb2e39c1c6.scad
consumer:scad.docs | Geometries in cache: 38
consumer:scad.docs | Geometry cache size in bytes: 645984
consumer:scad.docs | CGAL Polyhedrons in cache: 7
consumer:scad.docs | CGAL cache size in bytes: 1234000
consumer:scad.docs | Total rendering time: 0:00:00.166
consumer:scad.docs |    Top level object is a 3D object (manifold):
consumer:scad.docs |    Status:     NoError
consumer:scad.docs |    Genus:      0
consumer:scad.docs |    Vertices:     1272
consumer:scad.docs |    Facets:       2540
consumer:scad.docs | + scad-image-watermark /__w/2026-009-01.cad.HUB75-display-frame/2026-009-01.cad.HUB75-display-frame/.cache/scad-project/design-stage/project/openscad/project_components/corner-edge-coupler/design/img/.15-guide-taper.unwatermarked.png /__w/2026-009-01.cad.HUB75-display-frame/2026-009-01.cad.HUB75-display-frame/.cache/scad-project/design-stage/project/openscad/project_components/corner-edge-coupler/design/img/15-guide-taper.png --text © 2026 brainboxemb
consumer:scad.docs | SCons design built: .cache/scad-project/design-stage/project/openscad/project_components/corner-edge-coupler/design/img/15-guide-taper.png
consumer:scad.docs | _action([".cache/scad-project/design-stage/project/openscad/project_components/corner-edge-coupler/design/img/16-guide-reinforcement-relief.png"], [".cache/scad-project/state/design-entrypoints/769e42f9e0f73a6b.scad", "dsg/openscad/ext/lib.scad.hub75/openscad/p5-64x32-panel/hub75_p5_64x32_panel.scad", "dsg/openscad/project_components/corner-edge-coupler/design/design.md", "dsg/openscad/project_components/corner-edge-coupler/hub75_corner_edge_coupler.scad", "dsg/openscad/project_components/corner-edge-coupler/hub75_corner_edge_coupler_render.scad", "dsg/openscad/project_components/hub75_panel_mating.scad"])
consumer:scad.docs | + xvfb-run -a openscad --enable=object-function --render --projection=o --camera=10.0,0.0,-10.0,68.0,0.0,35.0,210.0 --imgsize=640,480 -o /__w/2026-009-01.cad.HUB75-display-frame/2026-009-01.cad.HUB75-display-frame/.cache/scad-project/design-stage/project/openscad/project_components/corner-edge-coupler/design/img/.16-guide-reinforcement-relief.unwatermarked.png /__w/2026-009-01.cad.HUB75-display-frame/2026-009-01.cad.HUB75-display-frame/.cache/scad-project/state/design-entrypoints/769e42f9e0f73a6b.scad
consumer:scad.docs | Geometries in cache: 28
consumer:scad.docs | Geometry cache size in bytes: 265376
consumer:scad.docs | CGAL Polyhedrons in cache: 3
consumer:scad.docs | CGAL cache size in bytes: 441000
consumer:scad.docs | Total rendering time: 0:00:00.088
consumer:scad.docs |    Top level object is a 3D object (manifold):
consumer:scad.docs |    Status:     NoError
consumer:scad.docs |    Genus:      0
consumer:scad.docs |    Vertices:      588
consumer:scad.docs |    Facets:       1172
consumer:scad.docs | + scad-image-watermark /__w/2026-009-01.cad.HUB75-display-frame/2026-009-01.cad.HUB75-display-frame/.cache/scad-project/design-stage/project/openscad/project_components/corner-edge-coupler/design/img/.16-guide-reinforcement-relief.unwatermarked.png /__w/2026-009-01.cad.HUB75-display-frame/2026-009-01.cad.HUB75-display-frame/.cache/scad-project/design-stage/project/openscad/project_components/corner-edge-coupler/design/img/16-guide-reinforcement-relief.png --text © 2026 brainboxemb
consumer:scad.docs | SCons design built: .cache/scad-project/design-stage/project/openscad/project_components/corner-edge-coupler/design/img/16-guide-reinforcement-relief.png
consumer:scad.docs | _action([".cache/scad-project/design-stage/project/openscad/project_components/corner-edge-coupler/design/img/17-guide-reinforcement-detail.png"], [".cache/scad-project/state/design-entrypoints/655e1757c31f72eb.scad", "dsg/openscad/ext/lib.scad.hub75/openscad/p5-64x32-panel/hub75_p5_64x32_panel.scad", "dsg/openscad/project_components/corner-edge-coupler/design/design.md", "dsg/openscad/project_components/corner-edge-coupler/hub75_corner_edge_coupler.scad", "dsg/openscad/project_components/corner-edge-coupler/hub75_corner_edge_coupler_render.scad", "dsg/openscad/project_components/hub75_panel_mating.scad"])
consumer:scad.docs | + xvfb-run -a openscad --enable=object-function --render --projection=o --camera=10.0,0.0,-10.0,68.0,0.0,35.0,210.0 --imgsize=480,360 -o /__w/2026-009-01.cad.HUB75-display-frame/2026-009-01.cad.HUB75-display-frame/.cache/scad-project/design-stage/project/openscad/project_components/corner-edge-coupler/design/img/.17-guide-reinforcement-detail.unwatermarked.png /__w/2026-009-01.cad.HUB75-display-frame/2026-009-01.cad.HUB75-display-frame/.cache/scad-project/state/design-entrypoints/655e1757c31f72eb.scad
consumer:scad.docs | Geometries in cache: 49
consumer:scad.docs | Geometry cache size in bytes: 538888
consumer:scad.docs | CGAL Polyhedrons in cache: 13
consumer:scad.docs | CGAL cache size in bytes: 1616250
consumer:scad.docs | Total rendering time: 0:00:00.092
consumer:scad.docs |    Top level object is a 3D object (manifold):
consumer:scad.docs |    Status:     NoError
consumer:scad.docs |    Genus:      7
consumer:scad.docs |    Vertices:      915
consumer:scad.docs |    Facets:       1854
consumer:scad.docs | + scad-image-watermark /__w/2026-009-01.cad.HUB75-display-frame/2026-009-01.cad.HUB75-display-frame/.cache/scad-project/design-stage/project/openscad/project_components/corner-edge-coupler/design/img/.17-guide-reinforcement-detail.unwatermarked.png /__w/2026-009-01.cad.HUB75-display-frame/2026-009-01.cad.HUB75-display-frame/.cache/scad-project/design-stage/project/openscad/project_components/corner-edge-coupler/design/img/17-guide-reinforcement-detail.png --text © 2026 brainboxemb
consumer:scad.docs | SCons design built: .cache/scad-project/design-stage/project/openscad/project_components/corner-edge-coupler/design/img/17-guide-reinforcement-detail.png
consumer:scad.docs | _action([".cache/scad-project/design-stage/project/openscad/project_components/corner-edge-coupler/design/img/18-guides.png"], [".cache/scad-project/state/design-entrypoints/de02992c6b03992a.scad", "dsg/openscad/ext/lib.scad.hub75/openscad/p5-64x32-panel/hub75_p5_64x32_panel.scad", "dsg/openscad/project_components/corner-edge-coupler/design/design.md", "dsg/openscad/project_components/corner-edge-coupler/hub75_corner_edge_coupler.scad", "dsg/openscad/project_components/corner-edge-coupler/hub75_corner_edge_coupler_render.scad", "dsg/openscad/project_components/hub75_panel_mating.scad"])
consumer:scad.docs | + xvfb-run -a openscad --enable=object-function --render --projection=o --camera=10.0,0.0,-10.0,68.0,0.0,35.0,210.0 --imgsize=640,480 -o /__w/2026-009-01.cad.HUB75-display-frame/2026-009-01.cad.HUB75-display-frame/.cache/scad-project/design-stage/project/openscad/project_components/corner-edge-coupler/design/img/.18-guides.unwatermarked.png /__w/2026-009-01.cad.HUB75-display-frame/2026-009-01.cad.HUB75-display-frame/.cache/scad-project/state/design-entrypoints/de02992c6b03992a.scad
consumer:scad.docs | Geometries in cache: 63
consumer:scad.docs | Geometry cache size in bytes: 1495464
consumer:scad.docs | CGAL Polyhedrons in cache: 16
consumer:scad.docs | CGAL cache size in bytes: 5995500
consumer:scad.docs | Total rendering time: 0:00:00.224
consumer:scad.docs |    Top level object is a 3D object (manifold):
consumer:scad.docs |    Status:     NoError
consumer:scad.docs |    Genus:      1
consumer:scad.docs |    Vertices:     3268
consumer:scad.docs |    Facets:       6536
consumer:scad.docs | + scad-image-watermark /__w/2026-009-01.cad.HUB75-display-frame/2026-009-01.cad.HUB75-display-frame/.cache/scad-project/design-stage/project/openscad/project_components/corner-edge-coupler/design/img/.18-guides.unwatermarked.png /__w/2026-009-01.cad.HUB75-display-frame/2026-009-01.cad.HUB75-display-frame/.cache/scad-project/design-stage/project/openscad/project_components/corner-edge-coupler/design/img/18-guides.png --text © 2026 brainboxemb
consumer:scad.docs | SCons design built: .cache/scad-project/design-stage/project/openscad/project_components/corner-edge-coupler/design/img/18-guides.png
consumer:scad.docs | _action([".cache/scad-project/design-stage/project/openscad/project_components/corner-edge-coupler/design/img/19-reinforcement-locator.png"], [".cache/scad-project/state/design-entrypoints/fee7c6e6ccd540ff.scad", "dsg/openscad/ext/lib.scad.hub75/openscad/p5-64x32-panel/hub75_p5_64x32_panel.scad", "dsg/openscad/project_components/corner-edge-coupler/design/design.md", "dsg/openscad/project_components/corner-edge-coupler/hub75_corner_edge_coupler.scad", "dsg/openscad/project_components/corner-edge-coupler/hub75_corner_edge_coupler_render.scad", "dsg/openscad/project_components/hub75_panel_mating.scad"])
consumer:scad.docs | + xvfb-run -a openscad --enable=object-function --render --projection=o --camera=10.0,0.0,-10.0,68.0,0.0,35.0,210.0 --imgsize=640,480 -o /__w/2026-009-01.cad.HUB75-display-frame/2026-009-01.cad.HUB75-display-frame/.cache/scad-project/design-stage/project/openscad/project_components/corner-edge-coupler/design/img/.19-reinforcement-locator.unwatermarked.png /__w/2026-009-01.cad.HUB75-display-frame/2026-009-01.cad.HUB75-display-frame/.cache/scad-project/state/design-entrypoints/fee7c6e6ccd540ff.scad
consumer:scad.docs | Geometries in cache: 69
consumer:scad.docs | Geometry cache size in bytes: 1690104
consumer:scad.docs | CGAL Polyhedrons in cache: 17
consumer:scad.docs | CGAL cache size in bytes: 6382250
consumer:scad.docs | Total rendering time: 0:00:00.267
consumer:scad.docs |    Top level object is a 3D object (manifold):
consumer:scad.docs |    Status:     NoError
consumer:scad.docs |    Genus:      1
consumer:scad.docs |    Vertices:     4035
consumer:scad.docs |    Facets:       8070
consumer:scad.docs | + scad-image-watermark /__w/2026-009-01.cad.HUB75-display-frame/2026-009-01.cad.HUB75-display-frame/.cache/scad-project/design-stage/project/openscad/project_components/corner-edge-coupler/design/img/.19-reinforcement-locator.unwatermarked.png /__w/2026-009-01.cad.HUB75-display-frame/2026-009-01.cad.HUB75-display-frame/.cache/scad-project/design-stage/project/openscad/project_components/corner-edge-coupler/design/img/19-reinforcement-locator.png --text © 2026 brainboxemb
consumer:scad.docs | SCons design built: .cache/scad-project/design-stage/project/openscad/project_components/corner-edge-coupler/design/img/19-reinforcement-locator.png
consumer:scad.docs | _action([".cache/scad-project/design-stage/project/openscad/project_components/corner-edge-coupler/design/img/20-functional.png"], [".cache/scad-project/state/design-entrypoints/d94e4408a9b3df38.scad", "dsg/openscad/ext/lib.scad.hub75/openscad/p5-64x32-panel/hub75_p5_64x32_panel.scad", "dsg/openscad/project_components/corner-edge-coupler/design/design.md", "dsg/openscad/project_components/corner-edge-coupler/hub75_corner_edge_coupler.scad", "dsg/openscad/project_components/corner-edge-coupler/hub75_corner_edge_coupler_render.scad", "dsg/openscad/project_components/hub75_panel_mating.scad"])
consumer:scad.docs | + xvfb-run -a openscad --enable=object-function --render --projection=o --camera=10.0,0.0,-10.0,68.0,0.0,35.0,210.0 --imgsize=640,480 -o /__w/2026-009-01.cad.HUB75-display-frame/2026-009-01.cad.HUB75-display-frame/.cache/scad-project/design-stage/project/openscad/project_components/corner-edge-coupler/design/img/.20-functional.unwatermarked.png /__w/2026-009-01.cad.HUB75-display-frame/2026-009-01.cad.HUB75-display-frame/.cache/scad-project/state/design-entrypoints/d94e4408a9b3df38.scad
consumer:scad.docs | Geometries in cache: 69
consumer:scad.docs | Geometry cache size in bytes: 1690104
consumer:scad.docs | CGAL Polyhedrons in cache: 16
consumer:scad.docs | CGAL cache size in bytes: 6382250
consumer:scad.docs | Total rendering time: 0:00:00.217
consumer:scad.docs |    Top level object is a 3D object (manifold):
consumer:scad.docs |    Status:     NoError
consumer:scad.docs |    Genus:      1
consumer:scad.docs |    Vertices:     4035
consumer:scad.docs |    Facets:       8070
consumer:scad.docs | + scad-image-watermark /__w/2026-009-01.cad.HUB75-display-frame/2026-009-01.cad.HUB75-display-frame/.cache/scad-project/design-stage/project/openscad/project_components/corner-edge-coupler/design/img/.20-functional.unwatermarked.png /__w/2026-009-01.cad.HUB75-display-frame/2026-009-01.cad.HUB75-display-frame/.cache/scad-project/design-stage/project/openscad/project_components/corner-edge-coupler/design/img/20-functional.png --text © 2026 brainboxemb
consumer:scad.docs | SCons design built: .cache/scad-project/design-stage/project/openscad/project_components/corner-edge-coupler/design/img/20-functional.png
consumer:scad.docs | _action([".cache/scad-project/design-stage/project/openscad/project_components/corner-edge-coupler/design/img/21-reference-pockets.png"], [".cache/scad-project/state/design-entrypoints/28e547eebe9db743.scad", "dsg/openscad/ext/lib.scad.hub75/openscad/p5-64x32-panel/hub75_p5_64x32_panel.scad", "dsg/openscad/project_components/corner-edge-coupler/design/design.md", "dsg/openscad/project_components/corner-edge-coupler/hub75_corner_edge_coupler.scad", "dsg/openscad/project_components/corner-edge-coupler/hub75_corner_edge_coupler_render.scad", "dsg/openscad/project_components/hub75_panel_mating.scad"])
consumer:scad.docs | + xvfb-run -a openscad --enable=object-function --render --projection=o --camera=10.0,0.0,-10.0,68.0,0.0,215.0,210.0 --imgsize=640,480 -o /__w/2026-009-01.cad.HUB75-display-frame/2026-009-01.cad.HUB75-display-frame/.cache/scad-project/design-stage/project/openscad/project_components/corner-edge-coupler/design/img/.21-reference-pockets.unwatermarked.png /__w/2026-009-01.cad.HUB75-display-frame/2026-009-01.cad.HUB75-display-frame/.cache/scad-project/state/design-entrypoints/28e547eebe9db743.scad
consumer:scad.docs | Geometries in cache: 79
consumer:scad.docs | Geometry cache size in bytes: 2233328
consumer:scad.docs | CGAL Polyhedrons in cache: 45
consumer:scad.docs | CGAL cache size in bytes: 23135000
consumer:scad.docs | Total rendering time: 0:00:00.508
consumer:scad.docs |    Top level object is a 3D object (manifold):
consumer:scad.docs |    Status:     NoError
consumer:scad.docs |    Genus:      1
consumer:scad.docs |    Vertices:     5571
consumer:scad.docs |    Facets:      11142
consumer:scad.docs | + scad-image-watermark /__w/2026-009-01.cad.HUB75-display-frame/2026-009-01.cad.HUB75-display-frame/.cache/scad-project/design-stage/project/openscad/project_components/corner-edge-coupler/design/img/.21-reference-pockets.unwatermarked.png /__w/2026-009-01.cad.HUB75-display-frame/2026-009-01.cad.HUB75-display-frame/.cache/scad-project/design-stage/project/openscad/project_components/corner-edge-coupler/design/img/21-reference-pockets.png --text © 2026 brainboxemb
consumer:scad.docs | SCons design built: .cache/scad-project/design-stage/project/openscad/project_components/corner-edge-coupler/design/img/21-reference-pockets.png
consumer:scad.docs | _action([".cache/scad-project/design-stage/project/openscad/project_components/corner-edge-coupler/design/img/22-center-marks.png"], [".cache/scad-project/state/design-entrypoints/ff099934a814e20c.scad", "dsg/openscad/ext/lib.scad.hub75/openscad/p5-64x32-panel/hub75_p5_64x32_panel.scad", "dsg/openscad/project_components/corner-edge-coupler/design/design.md", "dsg/openscad/project_components/corner-edge-coupler/hub75_corner_edge_coupler.scad", "dsg/openscad/project_components/corner-edge-coupler/hub75_corner_edge_coupler_render.scad", "dsg/openscad/project_components/hub75_panel_mating.scad"])
consumer:scad.docs | + xvfb-run -a openscad --enable=object-function --render --projection=o --camera=10.0,0.0,-10.0,68.0,0.0,215.0,210.0 --imgsize=640,480 -o /__w/2026-009-01.cad.HUB75-display-frame/2026-009-01.cad.HUB75-display-frame/.cache/scad-project/design-stage/project/openscad/project_components/corner-edge-coupler/design/img/.22-center-marks.unwatermarked.png /__w/2026-009-01.cad.HUB75-display-frame/2026-009-01.cad.HUB75-display-frame/.cache/scad-project/state/design-entrypoints/ff099934a814e20c.scad
consumer:scad.docs | Geometries in cache: 127
consumer:scad.docs | Geometry cache size in bytes: 1921952
consumer:scad.docs | CGAL Polyhedrons in cache: 46
consumer:scad.docs | CGAL cache size in bytes: 17676000
consumer:scad.docs | Total rendering time: 0:00:00.411
consumer:scad.docs |    Top level object is a 3D object (manifold):
consumer:scad.docs |    Status:     NoError
consumer:scad.docs |    Genus:      1
consumer:scad.docs |    Vertices:     5378
consumer:scad.docs |    Facets:      10756
consumer:scad.docs | + scad-image-watermark /__w/2026-009-01.cad.HUB75-display-frame/2026-009-01.cad.HUB75-display-frame/.cache/scad-project/design-stage/project/openscad/project_components/corner-edge-coupler/design/img/.22-center-marks.unwatermarked.png /__w/2026-009-01.cad.HUB75-display-frame/2026-009-01.cad.HUB75-display-frame/.cache/scad-project/design-stage/project/openscad/project_components/corner-edge-coupler/design/img/22-center-marks.png --text © 2026 brainboxemb
consumer:scad.docs | SCons design built: .cache/scad-project/design-stage/project/openscad/project_components/corner-edge-coupler/design/img/22-center-marks.png
consumer:scad.docs | _action([".cache/scad-project/design-stage/project/openscad/project_components/corner-edge-coupler/design/img/23-final.png"], [".cache/scad-project/state/design-entrypoints/320dce658247efc2.scad", "dsg/openscad/ext/lib.scad.hub75/openscad/p5-64x32-panel/hub75_p5_64x32_panel.scad", "dsg/openscad/project_components/corner-edge-coupler/design/design.md", "dsg/openscad/project_components/corner-edge-coupler/hub75_corner_edge_coupler.scad", "dsg/openscad/project_components/corner-edge-coupler/hub75_corner_edge_coupler_render.scad", "dsg/openscad/project_components/hub75_panel_mating.scad"])
consumer:scad.docs | + xvfb-run -a openscad --enable=object-function --render --projection=o --camera=10.0,0.0,-10.0,68.0,0.0,35.0,210.0 --imgsize=640,480 -o /__w/2026-009-01.cad.HUB75-display-frame/2026-009-01.cad.HUB75-display-frame/.cache/scad-project/design-stage/project/openscad/project_components/corner-edge-coupler/design/img/.23-final.unwatermarked.png /__w/2026-009-01.cad.HUB75-display-frame/2026-009-01.cad.HUB75-display-frame/.cache/scad-project/state/design-entrypoints/320dce658247efc2.scad
consumer:scad.docs | Geometries in cache: 126
consumer:scad.docs | Geometry cache size in bytes: 2318056
consumer:scad.docs | CGAL Polyhedrons in cache: 44
consumer:scad.docs | CGAL cache size in bytes: 24010750
consumer:scad.docs | Total rendering time: 0:00:00.559
consumer:scad.docs |    Top level object is a 3D object (manifold):
consumer:scad.docs |    Status:     NoError
consumer:scad.docs |    Genus:      1
consumer:scad.docs |    Vertices:     7307
consumer:scad.docs |    Facets:      14614
consumer:scad.docs | + scad-image-watermark /__w/2026-009-01.cad.HUB75-display-frame/2026-009-01.cad.HUB75-display-frame/.cache/scad-project/design-stage/project/openscad/project_components/corner-edge-coupler/design/img/.23-final.unwatermarked.png /__w/2026-009-01.cad.HUB75-display-frame/2026-009-01.cad.HUB75-display-frame/.cache/scad-project/design-stage/project/openscad/project_components/corner-edge-coupler/design/img/23-final.png --text © 2026 brainboxemb
consumer:scad.docs | SCons design built: .cache/scad-project/design-stage/project/openscad/project_components/corner-edge-coupler/design/img/23-final.png
consumer:scad.docs | _action([".cache/scad-project/design-stage/project/openscad/project_components/corner-edge-coupler/design/img/24-right-final.png"], [".cache/scad-project/state/design-entrypoints/80c32a37bbb6a611.scad", "dsg/openscad/ext/lib.scad.hub75/openscad/p5-64x32-panel/hub75_p5_64x32_panel.scad", "dsg/openscad/project_components/corner-edge-coupler/design/design.md", "dsg/openscad/project_components/corner-edge-coupler/hub75_corner_edge_coupler.scad", "dsg/openscad/project_components/corner-edge-coupler/hub75_corner_edge_coupler_render.scad", "dsg/openscad/project_components/hub75_panel_mating.scad"])
consumer:scad.docs | + xvfb-run -a openscad --enable=object-function --render --projection=o --camera=10.0,0.0,-10.0,68.0,0.0,35.0,210.0 --imgsize=640,480 -o /__w/2026-009-01.cad.HUB75-display-frame/2026-009-01.cad.HUB75-display-frame/.cache/scad-project/design-stage/project/openscad/project_components/corner-edge-coupler/design/img/.24-right-final.unwatermarked.png /__w/2026-009-01.cad.HUB75-display-frame/2026-009-01.cad.HUB75-display-frame/.cache/scad-project/state/design-entrypoints/80c32a37bbb6a611.scad
consumer:scad.docs | Geometries in cache: 120
consumer:scad.docs | Geometry cache size in bytes: 2090976
consumer:scad.docs | CGAL Polyhedrons in cache: 41
consumer:scad.docs | CGAL cache size in bytes: 23103250
consumer:scad.docs | Total rendering time: 0:00:00.510
consumer:scad.docs |    Top level object is a 3D object (manifold):
consumer:scad.docs |    Status:     NoError
consumer:scad.docs |    Genus:      1
consumer:scad.docs |    Vertices:     7253
consumer:scad.docs |    Facets:      14506
consumer:scad.docs | + scad-image-watermark /__w/2026-009-01.cad.HUB75-display-frame/2026-009-01.cad.HUB75-display-frame/.cache/scad-project/design-stage/project/openscad/project_components/corner-edge-coupler/design/img/.24-right-final.unwatermarked.png /__w/2026-009-01.cad.HUB75-display-frame/2026-009-01.cad.HUB75-display-frame/.cache/scad-project/design-stage/project/openscad/project_components/corner-edge-coupler/design/img/24-right-final.png --text © 2026 brainboxemb
consumer:scad.docs | SCons design built: .cache/scad-project/design-stage/project/openscad/project_components/corner-edge-coupler/design/img/24-right-final.png
consumer:scad.docs | _action([".cache/scad-project/design-stage/project/openscad/project_components/horizontal-edge-coupler/design/img/01-mating-reference.png"], [".cache/scad-project/state/design-entrypoints/f15dd0e5260f5d38.scad", "dsg/openscad/ext/lib.scad.hub75/openscad/p5-64x32-panel/hub75_p5_64x32_panel.scad", "dsg/openscad/project_components/horizontal-edge-coupler/design/design.md", "dsg/openscad/project_components/horizontal-edge-coupler/hub75_horizontal_edge_coupler.scad", "dsg/openscad/project_components/horizontal-edge-coupler/hub75_horizontal_edge_coupler_render.scad", "dsg/openscad/project_components/hub75_panel_mating.scad"])
consumer:scad.docs | + xvfb-run -a openscad --enable=object-function --render --projection=o --camera=0.0,0.0,-15.0,0.0,0.0,0.0,220.0 --imgsize=640,480 -o /__w/2026-009-01.cad.HUB75-display-frame/2026-009-01.cad.HUB75-display-frame/.cache/scad-project/design-stage/project/openscad/project_components/horizontal-edge-coupler/design/img/.01-mating-reference.unwatermarked.png /__w/2026-009-01.cad.HUB75-display-frame/2026-009-01.cad.HUB75-display-frame/.cache/scad-project/state/design-entrypoints/f15dd0e5260f5d38.scad
consumer:scad.docs | Geometries in cache: 30
consumer:scad.docs | Geometry cache size in bytes: 213232
consumer:scad.docs | CGAL Polyhedrons in cache: 1
consumer:scad.docs | CGAL cache size in bytes: 102000
consumer:scad.docs | Total rendering time: 0:00:00.079
consumer:scad.docs |    Top level object is a 3D object (manifold):
consumer:scad.docs |    Status:     NoError
consumer:scad.docs |    Genus:      -1
consumer:scad.docs |    Vertices:      408
consumer:scad.docs |    Facets:        808
consumer:scad.docs | + scad-image-watermark /__w/2026-009-01.cad.HUB75-display-frame/2026-009-01.cad.HUB75-display-frame/.cache/scad-project/design-stage/project/openscad/project_components/horizontal-edge-coupler/design/img/.01-mating-reference.unwatermarked.png /__w/2026-009-01.cad.HUB75-display-frame/2026-009-01.cad.HUB75-display-frame/.cache/scad-project/design-stage/project/openscad/project_components/horizontal-edge-coupler/design/img/01-mating-reference.png --text © 2026 brainboxemb
consumer:scad.docs | SCons design built: .cache/scad-project/design-stage/project/openscad/project_components/horizontal-edge-coupler/design/img/01-mating-reference.png
consumer:scad.docs | _action([".cache/scad-project/design-stage/project/openscad/project_components/horizontal-edge-coupler/design/img/02-profile-horizontal-arm.png"], [".cache/scad-project/state/design-entrypoints/2424c099df76763a.scad", "dsg/openscad/ext/lib.scad.hub75/openscad/p5-64x32-panel/hub75_p5_64x32_panel.scad", "dsg/openscad/project_components/horizontal-edge-coupler/design/design.md", "dsg/openscad/project_components/horizontal-edge-coupler/hub75_horizontal_edge_coupler.scad", "dsg/openscad/project_components/horizontal-edge-coupler/hub75_horizontal_edge_coupler_render.scad", "dsg/openscad/project_components/hub75_panel_mating.scad"])
consumer:scad.docs | + xvfb-run -a openscad --enable=object-function --render --projection=o --camera=0.0,0.0,-5.0,0.0,0.0,0.0,220.0 --imgsize=640,480 -o /__w/2026-009-01.cad.HUB75-display-frame/2026-009-01.cad.HUB75-display-frame/.cache/scad-project/design-stage/project/openscad/project_components/horizontal-edge-coupler/design/img/.02-profile-horizontal-arm.unwatermarked.png /__w/2026-009-01.cad.HUB75-display-frame/2026-009-01.cad.HUB75-display-frame/.cache/scad-project/state/design-entrypoints/2424c099df76763a.scad
consumer:scad.docs | Geometries in cache: 14
consumer:scad.docs | Geometry cache size in bytes: 9616
consumer:scad.docs | CGAL Polyhedrons in cache: 1
consumer:scad.docs | CGAL cache size in bytes: 4000
consumer:scad.docs | Total rendering time: 0:00:00.087
consumer:scad.docs |    Top level object is a 3D object (manifold):
consumer:scad.docs |    Status:     NoError
consumer:scad.docs |    Genus:      -1
consumer:scad.docs |    Vertices:       16
consumer:scad.docs |    Facets:         24
consumer:scad.docs | + scad-image-watermark /__w/2026-009-01.cad.HUB75-display-frame/2026-009-01.cad.HUB75-display-frame/.cache/scad-project/design-stage/project/openscad/project_components/horizontal-edge-coupler/design/img/.02-profile-horizontal-arm.unwatermarked.png /__w/2026-009-01.cad.HUB75-display-frame/2026-009-01.cad.HUB75-display-frame/.cache/scad-project/design-stage/project/openscad/project_components/horizontal-edge-coupler/design/img/02-profile-horizontal-arm.png --text © 2026 brainboxemb
consumer:scad.docs | SCons design built: .cache/scad-project/design-stage/project/openscad/project_components/horizontal-edge-coupler/design/img/02-profile-horizontal-arm.png
consumer:scad.docs | _action([".cache/scad-project/design-stage/project/openscad/project_components/horizontal-edge-coupler/design/img/03-profile-vertical-arm.png"], [".cache/scad-project/state/design-entrypoints/5b3134856a75f35e.scad", "dsg/openscad/ext/lib.scad.hub75/openscad/p5-64x32-panel/hub75_p5_64x32_panel.scad", "dsg/openscad/project_components/horizontal-edge-coupler/design/design.md", "dsg/openscad/project_components/horizontal-edge-coupler/hub75_horizontal_edge_coupler.scad", "dsg/openscad/project_components/horizontal-edge-coupler/hub75_horizontal_edge_coupler_render.scad", "dsg/openscad/project_components/hub75_panel_mating.scad"])
consumer:scad.docs | + xvfb-run -a openscad --enable=object-function --render --projection=o --camera=0.0,0.0,-10.0,0.0,0.0,0.0,220.0 --imgsize=640,480 -o /__w/2026-009-01.cad.HUB75-display-frame/2026-009-01.cad.HUB75-display-frame/.cache/scad-project/design-stage/project/openscad/project_components/horizontal-edge-coupler/design/img/.03-profile-vertical-arm.unwatermarked.png /__w/2026-009-01.cad.HUB75-display-frame/2026-009-01.cad.HUB75-display-frame/.cache/scad-project/state/design-entrypoints/5b3134856a75f35e.scad
consumer:scad.docs | Geometries in cache: 13
consumer:scad.docs | Geometry cache size in bytes: 9472
consumer:scad.docs | CGAL Polyhedrons in cache: 1
consumer:scad.docs | CGAL cache size in bytes: 4000
consumer:scad.docs | Total rendering time: 0:00:00.064
consumer:scad.docs |    Top level object is a 3D object (manifold):
consumer:scad.docs |    Status:     NoError
consumer:scad.docs |    Genus:      -1
consumer:scad.docs |    Vertices:       16
consumer:scad.docs |    Facets:         24
consumer:scad.docs | + scad-image-watermark /__w/2026-009-01.cad.HUB75-display-frame/2026-009-01.cad.HUB75-display-frame/.cache/scad-project/design-stage/project/openscad/project_components/horizontal-edge-coupler/design/img/.03-profile-vertical-arm.unwatermarked.png /__w/2026-009-01.cad.HUB75-display-frame/2026-009-01.cad.HUB75-display-frame/.cache/scad-project/design-stage/project/openscad/project_components/horizontal-edge-coupler/design/img/03-profile-vertical-arm.png --text © 2026 brainboxemb
consumer:scad.docs | SCons design built: .cache/scad-project/design-stage/project/openscad/project_components/horizontal-edge-coupler/design/img/03-profile-vertical-arm.png
consumer:scad.docs | _action([".cache/scad-project/design-stage/project/openscad/project_components/horizontal-edge-coupler/design/img/04-profile-raw-cross.png"], [".cache/scad-project/state/design-entrypoints/601a387b9fa3b2b9.scad", "dsg/openscad/ext/lib.scad.hub75/openscad/p5-64x32-panel/hub75_p5_64x32_panel.scad", "dsg/openscad/project_components/horizontal-edge-coupler/design/design.md", "dsg/openscad/project_components/horizontal-edge-coupler/hub75_horizontal_edge_coupler.scad", "dsg/openscad/project_components/horizontal-edge-coupler/hub75_horizontal_edge_coupler_render.scad", "dsg/openscad/project_components/hub75_panel_mating.scad"])
consumer:scad.docs | + xvfb-run -a openscad --enable=object-function --render --projection=o --camera=0.0,0.0,-10.0,0.0,0.0,0.0,220.0 --imgsize=640,480 -o /__w/2026-009-01.cad.HUB75-display-frame/2026-009-01.cad.HUB75-display-frame/.cache/scad-project/design-stage/project/openscad/project_components/horizontal-edge-coupler/design/img/.04-profile-raw-cross.unwatermarked.png /__w/2026-009-01.cad.HUB75-display-frame/2026-009-01.cad.HUB75-display-frame/.cache/scad-project/state/design-entrypoints/601a387b9fa3b2b9.scad
consumer:scad.docs | Geometries in cache: 9
consumer:scad.docs | Geometry cache size in bytes: 12904
consumer:scad.docs | CGAL Polyhedrons in cache: 0
consumer:scad.docs | CGAL cache size in bytes: 0
consumer:scad.docs | Total rendering time: 0:00:00.071
consumer:scad.docs | Top level object is a 3D object (PolySet):
consumer:scad.docs |    Convex:       no
consumer:scad.docs |    Triangles:     44
consumer:scad.docs | + scad-image-watermark /__w/2026-009-01.cad.HUB75-display-frame/2026-009-01.cad.HUB75-display-frame/.cache/scad-project/design-stage/project/openscad/project_components/horizontal-edge-coupler/design/img/.04-profile-raw-cross.unwatermarked.png /__w/2026-009-01.cad.HUB75-display-frame/2026-009-01.cad.HUB75-display-frame/.cache/scad-project/design-stage/project/openscad/project_components/horizontal-edge-coupler/design/img/04-profile-raw-cross.png --text © 2026 brainboxemb
consumer:scad.docs | SCons design built: .cache/scad-project/design-stage/project/openscad/project_components/horizontal-edge-coupler/design/img/04-profile-raw-cross.png
consumer:scad.docs | _action([".cache/scad-project/design-stage/project/openscad/project_components/horizontal-edge-coupler/design/img/05-profile-rounded-cross.png"], [".cache/scad-project/state/design-entrypoints/409863641638453f.scad", "dsg/openscad/ext/lib.scad.hub75/openscad/p5-64x32-panel/hub75_p5_64x32_panel.scad", "dsg/openscad/project_components/horizontal-edge-coupler/design/design.md", "dsg/openscad/project_components/horizontal-edge-coupler/hub75_horizontal_edge_coupler.scad", "dsg/openscad/project_components/horizontal-edge-coupler/hub75_horizontal_edge_coupler_render.scad", "dsg/openscad/project_components/hub75_panel_mating.scad"])
consumer:scad.docs | + xvfb-run -a openscad --enable=object-function --render --projection=o --camera=0.0,0.0,-10.0,0.0,0.0,0.0,220.0 --imgsize=640,480 -o /__w/2026-009-01.cad.HUB75-display-frame/2026-009-01.cad.HUB75-display-frame/.cache/scad-project/design-stage/project/openscad/project_components/horizontal-edge-coupler/design/img/.05-profile-rounded-cross.unwatermarked.png /__w/2026-009-01.cad.HUB75-display-frame/2026-009-01.cad.HUB75-display-frame/.cache/scad-project/state/design-entrypoints/409863641638453f.scad
consumer:scad.docs | Geometries in cache: 15
consumer:scad.docs | Geometry cache size in bytes: 587552
consumer:scad.docs | CGAL Polyhedrons in cache: 1
consumer:scad.docs | CGAL cache size in bytes: 300000
consumer:scad.docs | Total rendering time: 0:00:00.099
consumer:scad.docs |    Top level object is a 3D object (manifold):
consumer:scad.docs |    Status:     NoError
consumer:scad.docs |    Genus:      -1
consumer:scad.docs |    Vertices:     1200
consumer:scad.docs |    Facets:       2392
consumer:scad.docs | + scad-image-watermark /__w/2026-009-01.cad.HUB75-display-frame/2026-009-01.cad.HUB75-display-frame/.cache/scad-project/design-stage/project/openscad/project_components/horizontal-edge-coupler/design/img/.05-profile-rounded-cross.unwatermarked.png /__w/2026-009-01.cad.HUB75-display-frame/2026-009-01.cad.HUB75-display-frame/.cache/scad-project/design-stage/project/openscad/project_components/horizontal-edge-coupler/design/img/05-profile-rounded-cross.png --text © 2026 brainboxemb
consumer:scad.docs | SCons design built: .cache/scad-project/design-stage/project/openscad/project_components/horizontal-edge-coupler/design/img/05-profile-rounded-cross.png
consumer:scad.docs | _action([".cache/scad-project/design-stage/project/openscad/project_components/horizontal-edge-coupler/design/img/06-profile-t.png"], [".cache/scad-project/state/design-entrypoints/32f5fc501da41775.scad", "dsg/openscad/ext/lib.scad.hub75/openscad/p5-64x32-panel/hub75_p5_64x32_panel.scad", "dsg/openscad/project_components/horizontal-edge-coupler/design/design.md", "dsg/openscad/project_components/horizontal-edge-coupler/hub75_horizontal_edge_coupler.scad", "dsg/openscad/project_components/horizontal-edge-coupler/hub75_horizontal_edge_coupler_render.scad", "dsg/openscad/project_components/hub75_panel_mating.scad"])
consumer:scad.docs | + xvfb-run -a openscad --enable=object-function --render --projection=o --camera=0.0,0.0,-10.0,0.0,0.0,0.0,220.0 --imgsize=640,480 -o /__w/2026-009-01.cad.HUB75-display-frame/2026-009-01.cad.HUB75-display-frame/.cache/scad-project/design-stage/project/openscad/project_components/horizontal-edge-coupler/design/img/.06-profile-t.unwatermarked.png /__w/2026-009-01.cad.HUB75-display-frame/2026-009-01.cad.HUB75-display-frame/.cache/scad-project/state/design-entrypoints/32f5fc501da41775.scad
consumer:scad.docs | Geometries in cache: 14
consumer:scad.docs | Geometry cache size in bytes: 987568
consumer:scad.docs | CGAL Polyhedrons in cache: 1
consumer:scad.docs | CGAL cache size in bytes: 505000
consumer:scad.docs | Total rendering time: 0:00:00.139
consumer:scad.docs |    Top level object is a 3D object (manifold):
consumer:scad.docs |    Status:     NoError
consumer:scad.docs |    Genus:      -1
consumer:scad.docs |    Vertices:     2020
consumer:scad.docs |    Facets:       4032
consumer:scad.docs | + scad-image-watermark /__w/2026-009-01.cad.HUB75-display-frame/2026-009-01.cad.HUB75-display-frame/.cache/scad-project/design-stage/project/openscad/project_components/horizontal-edge-coupler/design/img/.06-profile-t.unwatermarked.png /__w/2026-009-01.cad.HUB75-display-frame/2026-009-01.cad.HUB75-display-frame/.cache/scad-project/design-stage/project/openscad/project_components/horizontal-edge-coupler/design/img/06-profile-t.png --text © 2026 brainboxemb
consumer:scad.docs | SCons design built: .cache/scad-project/design-stage/project/openscad/project_components/horizontal-edge-coupler/design/img/06-profile-t.png
consumer:scad.docs | _action([".cache/scad-project/design-stage/project/openscad/project_components/horizontal-edge-coupler/design/img/07-reinforcement-support-profile.png"], [".cache/scad-project/state/design-entrypoints/7cdcf5ae26f9a0fb.scad", "dsg/openscad/ext/lib.scad.hub75/openscad/p5-64x32-panel/hub75_p5_64x32_panel.scad", "dsg/openscad/project_components/horizontal-edge-coupler/design/design.md", "dsg/openscad/project_components/horizontal-edge-coupler/hub75_horizontal_edge_coupler.scad", "dsg/openscad/project_components/horizontal-edge-coupler/hub75_horizontal_edge_coupler_render.scad", "dsg/openscad/project_components/hub75_panel_mating.scad"])
consumer:scad.docs | + xvfb-run -a openscad --enable=object-function --render --projection=o --camera=0.0,0.0,-12.0,0.0,0.0,0.0,220.0 --imgsize=640,480 -o /__w/2026-009-01.cad.HUB75-display-frame/2026-009-01.cad.HUB75-display-frame/.cache/scad-project/design-stage/project/openscad/project_components/horizontal-edge-coupler/design/img/.07-reinforcement-support-profile.unwatermarked.png /__w/2026-009-01.cad.HUB75-display-frame/2026-009-01.cad.HUB75-display-frame/.cache/scad-project/state/design-entrypoints/7cdcf5ae26f9a0fb.scad
consumer:scad.docs | Geometries in cache: 20
consumer:scad.docs | Geometry cache size in bytes: 542240
consumer:scad.docs | CGAL Polyhedrons in cache: 1
consumer:scad.docs | CGAL cache size in bytes: 264000
consumer:scad.docs | Total rendering time: 0:00:00.086
consumer:scad.docs |    Top level object is a 3D object (manifold):
consumer:scad.docs |    Status:     NoError
consumer:scad.docs |    Genus:      -2
consumer:scad.docs |    Vertices:     1056
consumer:scad.docs |    Facets:       2100
consumer:scad.docs | + scad-image-watermark /__w/2026-009-01.cad.HUB75-display-frame/2026-009-01.cad.HUB75-display-frame/.cache/scad-project/design-stage/project/openscad/project_components/horizontal-edge-coupler/design/img/.07-reinforcement-support-profile.unwatermarked.png /__w/2026-009-01.cad.HUB75-display-frame/2026-009-01.cad.HUB75-display-frame/.cache/scad-project/design-stage/project/openscad/project_components/horizontal-edge-coupler/design/img/07-reinforcement-support-profile.png --text © 2026 brainboxemb
consumer:scad.docs | SCons design built: .cache/scad-project/design-stage/project/openscad/project_components/horizontal-edge-coupler/design/img/07-reinforcement-support-profile.png
consumer:scad.docs | _action([".cache/scad-project/design-stage/project/openscad/project_components/horizontal-edge-coupler/design/img/08-screw-holes.png"], [".cache/scad-project/state/design-entrypoints/4beb94944528906f.scad", "dsg/openscad/ext/lib.scad.hub75/openscad/p5-64x32-panel/hub75_p5_64x32_panel.scad", "dsg/openscad/project_components/horizontal-edge-coupler/design/design.md", "dsg/openscad/project_components/horizontal-edge-coupler/hub75_horizontal_edge_coupler.scad", "dsg/openscad/project_components/horizontal-edge-coupler/hub75_horizontal_edge_coupler_render.scad", "dsg/openscad/project_components/hub75_panel_mating.scad"])
consumer:scad.docs | + xvfb-run -a openscad --enable=object-function --render --projection=o --camera=0.0,0.0,-20.0,68.0,0.0,35.0,220.0 --imgsize=640,480 -o /__w/2026-009-01.cad.HUB75-display-frame/2026-009-01.cad.HUB75-display-frame/.cache/scad-project/design-stage/project/openscad/project_components/horizontal-edge-coupler/design/img/.08-screw-holes.unwatermarked.png /__w/2026-009-01.cad.HUB75-display-frame/2026-009-01.cad.HUB75-display-frame/.cache/scad-project/state/design-entrypoints/4beb94944528906f.scad
consumer:scad.docs | Geometries in cache: 20
consumer:scad.docs | Geometry cache size in bytes: 590872
consumer:scad.docs | CGAL Polyhedrons in cache: 7
consumer:scad.docs | CGAL cache size in bytes: 3236000
consumer:scad.docs | Total rendering time: 0:00:00.133
consumer:scad.docs |    Top level object is a 3D object (manifold):
consumer:scad.docs |    Status:     NoError
consumer:scad.docs |    Genus:      0
consumer:scad.docs |    Vertices:     2768
consumer:scad.docs |    Facets:       5532
consumer:scad.docs | + scad-image-watermark /__w/2026-009-01.cad.HUB75-display-frame/2026-009-01.cad.HUB75-display-frame/.cache/scad-project/design-stage/project/openscad/project_components/horizontal-edge-coupler/design/img/.08-screw-holes.unwatermarked.png /__w/2026-009-01.cad.HUB75-display-frame/2026-009-01.cad.HUB75-display-frame/.cache/scad-project/design-stage/project/openscad/project_components/horizontal-edge-coupler/design/img/08-screw-holes.png --text © 2026 brainboxemb
consumer:scad.docs | SCons design built: .cache/scad-project/design-stage/project/openscad/project_components/horizontal-edge-coupler/design/img/08-screw-holes.png
consumer:scad.docs | _action([".cache/scad-project/design-stage/project/openscad/project_components/horizontal-edge-coupler/design/img/09-tube-pockets.png"], [".cache/scad-project/state/design-entrypoints/1c52a5558d31f335.scad", "dsg/openscad/ext/lib.scad.hub75/openscad/p5-64x32-panel/hub75_p5_64x32_panel.scad", "dsg/openscad/project_components/horizontal-edge-coupler/design/design.md", "dsg/openscad/project_components/horizontal-edge-coupler/hub75_horizontal_edge_coupler.scad", "dsg/openscad/project_components/horizontal-edge-coupler/hub75_horizontal_edge_coupler_render.scad", "dsg/openscad/project_components/hub75_panel_mating.scad"])
consumer:scad.docs | + xvfb-run -a openscad --enable=object-function --render --projection=o --camera=0.0,0.0,-20.0,68.0,0.0,35.0,220.0 --imgsize=640,480 -o /__w/2026-009-01.cad.HUB75-display-frame/2026-009-01.cad.HUB75-display-frame/.cache/scad-project/design-stage/project/openscad/project_components/horizontal-edge-coupler/design/img/.09-tube-pockets.unwatermarked.png /__w/2026-009-01.cad.HUB75-display-frame/2026-009-01.cad.HUB75-display-frame/.cache/scad-project/state/design-entrypoints/1c52a5558d31f335.scad
consumer:scad.docs | Geometries in cache: 23
consumer:scad.docs | Geometry cache size in bytes: 639088
consumer:scad.docs | CGAL Polyhedrons in cache: 10
consumer:scad.docs | CGAL cache size in bytes: 4620000
consumer:scad.docs | Total rendering time: 0:00:00.175
consumer:scad.docs |    Top level object is a 3D object (manifold):
consumer:scad.docs |    Status:     NoError
consumer:scad.docs |    Genus:      0
consumer:scad.docs |    Vertices:     3152
consumer:scad.docs |    Facets:       6300
consumer:scad.docs | + scad-image-watermark /__w/2026-009-01.cad.HUB75-display-frame/2026-009-01.cad.HUB75-display-frame/.cache/scad-project/design-stage/project/openscad/project_components/horizontal-edge-coupler/design/img/.09-tube-pockets.unwatermarked.png /__w/2026-009-01.cad.HUB75-display-frame/2026-009-01.cad.HUB75-display-frame/.cache/scad-project/design-stage/project/openscad/project_components/horizontal-edge-coupler/design/img/09-tube-pockets.png --text © 2026 brainboxemb
consumer:scad.docs | SCons design built: .cache/scad-project/design-stage/project/openscad/project_components/horizontal-edge-coupler/design/img/09-tube-pockets.png
consumer:scad.docs | _action([".cache/scad-project/design-stage/project/openscad/project_components/horizontal-edge-coupler/design/img/10-locator-pin-clearance.png"], [".cache/scad-project/state/design-entrypoints/97aaafef07ccdfe3.scad", "dsg/openscad/ext/lib.scad.hub75/openscad/p5-64x32-panel/hub75_p5_64x32_panel.scad", "dsg/openscad/project_components/horizontal-edge-coupler/design/design.md", "dsg/openscad/project_components/horizontal-edge-coupler/hub75_horizontal_edge_coupler.scad", "dsg/openscad/project_components/horizontal-edge-coupler/hub75_horizontal_edge_coupler_render.scad", "dsg/openscad/project_components/hub75_panel_mating.scad"])
consumer:scad.docs | + xvfb-run -a openscad --enable=object-function --render --projection=o --camera=0.0,0.0,-20.0,68.0,0.0,35.0,220.0 --imgsize=640,480 -o /__w/2026-009-01.cad.HUB75-display-frame/2026-009-01.cad.HUB75-display-frame/.cache/scad-project/design-stage/project/openscad/project_components/horizontal-edge-coupler/design/img/.10-locator-pin-clearance.unwatermarked.png /__w/2026-009-01.cad.HUB75-display-frame/2026-009-01.cad.HUB75-display-frame/.cache/scad-project/state/design-entrypoints/97aaafef07ccdfe3.scad
consumer:scad.docs | Geometries in cache: 36
consumer:scad.docs | Geometry cache size in bytes: 713192
consumer:scad.docs | CGAL Polyhedrons in cache: 17
consumer:scad.docs | CGAL cache size in bytes: 3506500
consumer:scad.docs | Total rendering time: 0:00:00.168
consumer:scad.docs |    Top level object is a 3D object (manifold):
consumer:scad.docs |    Status:     NoError
consumer:scad.docs |    Genus:      0
consumer:scad.docs |    Vertices:      710
consumer:scad.docs |    Facets:       1416
consumer:scad.docs | + scad-image-watermark /__w/2026-009-01.cad.HUB75-display-frame/2026-009-01.cad.HUB75-display-frame/.cache/scad-project/design-stage/project/openscad/project_components/horizontal-edge-coupler/design/img/.10-locator-pin-clearance.unwatermarked.png /__w/2026-009-01.cad.HUB75-display-frame/2026-009-01.cad.HUB75-display-frame/.cache/scad-project/design-stage/project/openscad/project_components/horizontal-edge-coupler/design/img/10-locator-pin-clearance.png --text © 2026 brainboxemb
consumer:scad.docs | SCons design built: .cache/scad-project/design-stage/project/openscad/project_components/horizontal-edge-coupler/design/img/10-locator-pin-clearance.png
consumer:scad.docs | _action([".cache/scad-project/design-stage/project/openscad/project_components/horizontal-edge-coupler/design/img/11-guide-keepout.png"], [".cache/scad-project/state/design-entrypoints/98014e206eaf1bdd.scad", "dsg/openscad/ext/lib.scad.hub75/openscad/p5-64x32-panel/hub75_p5_64x32_panel.scad", "dsg/openscad/project_components/horizontal-edge-coupler/design/design.md", "dsg/openscad/project_components/horizontal-edge-coupler/hub75_horizontal_edge_coupler.scad", "dsg/openscad/project_components/horizontal-edge-coupler/hub75_horizontal_edge_coupler_render.scad", "dsg/openscad/project_components/hub75_panel_mating.scad"])
consumer:scad.docs | + xvfb-run -a openscad --enable=object-function --render --projection=o --camera=0.0,0.0,-15.0,0.0,0.0,0.0,220.0 --imgsize=640,480 -o /__w/2026-009-01.cad.HUB75-display-frame/2026-009-01.cad.HUB75-display-frame/.cache/scad-project/design-stage/project/openscad/project_components/horizontal-edge-coupler/design/img/.11-guide-keepout.unwatermarked.png /__w/2026-009-01.cad.HUB75-display-frame/2026-009-01.cad.HUB75-display-frame/.cache/scad-project/state/design-entrypoints/98014e206eaf1bdd.scad
consumer:scad.docs | Geometries in cache: 32
consumer:scad.docs | Geometry cache size in bytes: 990912
consumer:scad.docs | CGAL Polyhedrons in cache: 1
consumer:scad.docs | CGAL cache size in bytes: 489000
consumer:scad.docs | Total rendering time: 0:00:00.086
consumer:scad.docs |    Top level object is a 3D object (manifold):
consumer:scad.docs |    Status:     NoError
consumer:scad.docs |    Genus:      0
consumer:scad.docs |    Vertices:     1956
consumer:scad.docs |    Facets:       3908
consumer:scad.docs | + scad-image-watermark /__w/2026-009-01.cad.HUB75-display-frame/2026-009-01.cad.HUB75-display-frame/.cache/scad-project/design-stage/project/openscad/project_components/horizontal-edge-coupler/design/img/.11-guide-keepout.unwatermarked.png /__w/2026-009-01.cad.HUB75-display-frame/2026-009-01.cad.HUB75-display-frame/.cache/scad-project/design-stage/project/openscad/project_components/horizontal-edge-coupler/design/img/11-guide-keepout.png --text © 2026 brainboxemb
consumer:scad.docs | SCons design built: .cache/scad-project/design-stage/project/openscad/project_components/horizontal-edge-coupler/design/img/11-guide-keepout.png
consumer:scad.docs | _action([".cache/scad-project/design-stage/project/openscad/project_components/horizontal-edge-coupler/design/img/12-guide-raw-shell.png"], [".cache/scad-project/state/design-entrypoints/9d3e8ec75c1b1aab.scad", "dsg/openscad/ext/lib.scad.hub75/openscad/p5-64x32-panel/hub75_p5_64x32_panel.scad", "dsg/openscad/project_components/horizontal-edge-coupler/design/design.md", "dsg/openscad/project_components/horizontal-edge-coupler/hub75_horizontal_edge_coupler.scad", "dsg/openscad/project_components/horizontal-edge-coupler/hub75_horizontal_edge_coupler_render.scad", "dsg/openscad/project_components/hub75_panel_mating.scad"])
consumer:scad.docs | + xvfb-run -a openscad --enable=object-function --render --projection=o --camera=0.0,0.0,-15.0,0.0,0.0,0.0,220.0 --imgsize=640,480 -o /__w/2026-009-01.cad.HUB75-display-frame/2026-009-01.cad.HUB75-display-frame/.cache/scad-project/design-stage/project/openscad/project_components/horizontal-edge-coupler/design/img/.12-guide-raw-shell.unwatermarked.png /__w/2026-009-01.cad.HUB75-display-frame/2026-009-01.cad.HUB75-display-frame/.cache/scad-project/state/design-entrypoints/9d3e8ec75c1b1aab.scad
consumer:scad.docs | Geometries in cache: 35
consumer:scad.docs | Geometry cache size in bytes: 847648
consumer:scad.docs | CGAL Polyhedrons in cache: 1
consumer:scad.docs | CGAL cache size in bytes: 415000
consumer:scad.docs | Total rendering time: 0:00:00.074
consumer:scad.docs |    Top level object is a 3D object (manifold):
consumer:scad.docs |    Status:     NoError
consumer:scad.docs |    Genus:      -3
consumer:scad.docs |    Vertices:     1660
consumer:scad.docs |    Facets:       3304
consumer:scad.docs | + scad-image-watermark /__w/2026-009-01.cad.HUB75-display-frame/2026-009-01.cad.HUB75-display-frame/.cache/scad-project/design-stage/project/openscad/project_components/horizontal-edge-coupler/design/img/.12-guide-raw-shell.unwatermarked.png /__w/2026-009-01.cad.HUB75-display-frame/2026-009-01.cad.HUB75-display-frame/.cache/scad-project/design-stage/project/openscad/project_components/horizontal-edge-coupler/design/img/12-guide-raw-shell.png --text © 2026 brainboxemb
consumer:scad.docs | SCons design built: .cache/scad-project/design-stage/project/openscad/project_components/horizontal-edge-coupler/design/img/12-guide-raw-shell.png
consumer:scad.docs | _action([".cache/scad-project/design-stage/project/openscad/project_components/horizontal-edge-coupler/design/img/13-guide-rounded-shell.png"], [".cache/scad-project/state/design-entrypoints/965cc61b9f219249.scad", "dsg/openscad/ext/lib.scad.hub75/openscad/p5-64x32-panel/hub75_p5_64x32_panel.scad", "dsg/openscad/project_components/horizontal-edge-coupler/design/design.md", "dsg/openscad/project_components/horizontal-edge-coupler/hub75_horizontal_edge_coupler.scad", "dsg/openscad/project_components/horizontal-edge-coupler/hub75_horizontal_edge_coupler_render.scad", "dsg/openscad/project_components/hub75_panel_mating.scad"])
consumer:scad.docs | + xvfb-run -a openscad --enable=object-function --render --projection=o --camera=0.0,0.0,-15.0,0.0,0.0,0.0,220.0 --imgsize=640,480 -o /__w/2026-009-01.cad.HUB75-display-frame/2026-009-01.cad.HUB75-display-frame/.cache/scad-project/design-stage/project/openscad/project_components/horizontal-edge-coupler/design/img/.13-guide-rounded-shell.unwatermarked.png /__w/2026-009-01.cad.HUB75-display-frame/2026-009-01.cad.HUB75-display-frame/.cache/scad-project/state/design-entrypoints/965cc61b9f219249.scad
consumer:scad.docs | Geometries in cache: 37
consumer:scad.docs | Geometry cache size in bytes: 1249472
consumer:scad.docs | CGAL Polyhedrons in cache: 1
consumer:scad.docs | CGAL cache size in bytes: 615000
consumer:scad.docs | Total rendering time: 0:00:00.083
consumer:scad.docs |    Top level object is a 3D object (manifold):
consumer:scad.docs |    Status:     NoError
consumer:scad.docs |    Genus:      -5
consumer:scad.docs |    Vertices:     2460
consumer:scad.docs |    Facets:       4896
consumer:scad.docs | + scad-image-watermark /__w/2026-009-01.cad.HUB75-display-frame/2026-009-01.cad.HUB75-display-frame/.cache/scad-project/design-stage/project/openscad/project_components/horizontal-edge-coupler/design/img/.13-guide-rounded-shell.unwatermarked.png /__w/2026-009-01.cad.HUB75-display-frame/2026-009-01.cad.HUB75-display-frame/.cache/scad-project/design-stage/project/openscad/project_components/horizontal-edge-coupler/design/img/13-guide-rounded-shell.png --text © 2026 brainboxemb
consumer:scad.docs | SCons design built: .cache/scad-project/design-stage/project/openscad/project_components/horizontal-edge-coupler/design/img/13-guide-rounded-shell.png
consumer:scad.docs | _action([".cache/scad-project/design-stage/project/openscad/project_components/horizontal-edge-coupler/design/img/14-guide-zones.png"], [".cache/scad-project/state/design-entrypoints/5f2040fbe8f1c92d.scad", "dsg/openscad/ext/lib.scad.hub75/openscad/p5-64x32-panel/hub75_p5_64x32_panel.scad", "dsg/openscad/project_components/horizontal-edge-coupler/design/design.md", "dsg/openscad/project_components/horizontal-edge-coupler/hub75_horizontal_edge_coupler.scad", "dsg/openscad/project_components/horizontal-edge-coupler/hub75_horizontal_edge_coupler_render.scad", "dsg/openscad/project_components/hub75_panel_mating.scad"])
consumer:scad.docs | + xvfb-run -a openscad --enable=object-function --render --projection=o --camera=0.0,0.0,-15.0,0.0,0.0,0.0,220.0 --imgsize=640,480 -o /__w/2026-009-01.cad.HUB75-display-frame/2026-009-01.cad.HUB75-display-frame/.cache/scad-project/design-stage/project/openscad/project_components/horizontal-edge-coupler/design/img/.14-guide-zones.unwatermarked.png /__w/2026-009-01.cad.HUB75-display-frame/2026-009-01.cad.HUB75-display-frame/.cache/scad-project/state/design-entrypoints/5f2040fbe8f1c92d.scad
consumer:scad.docs | Geometries in cache: 41
consumer:scad.docs | Geometry cache size in bytes: 872144
consumer:scad.docs | CGAL Polyhedrons in cache: 1
consumer:scad.docs | CGAL cache size in bytes: 411000
consumer:scad.docs | Total rendering time: 0:00:00.089
consumer:scad.docs |    Top level object is a 3D object (manifold):
consumer:scad.docs |    Status:     NoError
consumer:scad.docs |    Genus:      -2
consumer:scad.docs |    Vertices:     1644
consumer:scad.docs |    Facets:       3276
consumer:scad.docs | + scad-image-watermark /__w/2026-009-01.cad.HUB75-display-frame/2026-009-01.cad.HUB75-display-frame/.cache/scad-project/design-stage/project/openscad/project_components/horizontal-edge-coupler/design/img/.14-guide-zones.unwatermarked.png /__w/2026-009-01.cad.HUB75-display-frame/2026-009-01.cad.HUB75-display-frame/.cache/scad-project/design-stage/project/openscad/project_components/horizontal-edge-coupler/design/img/14-guide-zones.png --text © 2026 brainboxemb
consumer:scad.docs | SCons design built: .cache/scad-project/design-stage/project/openscad/project_components/horizontal-edge-coupler/design/img/14-guide-zones.png
consumer:scad.docs | _action([".cache/scad-project/design-stage/project/openscad/project_components/horizontal-edge-coupler/design/img/15-guide-outer-taper.png"], [".cache/scad-project/state/design-entrypoints/c2710f87992dc51c.scad", "dsg/openscad/ext/lib.scad.hub75/openscad/p5-64x32-panel/hub75_p5_64x32_panel.scad", "dsg/openscad/project_components/horizontal-edge-coupler/design/design.md", "dsg/openscad/project_components/horizontal-edge-coupler/hub75_horizontal_edge_coupler.scad", "dsg/openscad/project_components/horizontal-edge-coupler/hub75_horizontal_edge_coupler_render.scad", "dsg/openscad/project_components/hub75_panel_mating.scad"])
consumer:scad.docs | + xvfb-run -a openscad --enable=object-function --render --projection=o --camera=0.0,-2.0,0.0,72.0,0.0,35.0,150.0 --imgsize=640,480 -o /__w/2026-009-01.cad.HUB75-display-frame/2026-009-01.cad.HUB75-display-frame/.cache/scad-project/design-stage/project/openscad/project_components/horizontal-edge-coupler/design/img/.15-guide-outer-taper.unwatermarked.png /__w/2026-009-01.cad.HUB75-display-frame/2026-009-01.cad.HUB75-display-frame/.cache/scad-project/state/design-entrypoints/c2710f87992dc51c.scad
consumer:scad.docs | Geometries in cache: 43
consumer:scad.docs | Geometry cache size in bytes: 83200
consumer:scad.docs | CGAL Polyhedrons in cache: 2
consumer:scad.docs | CGAL cache size in bytes: 8000
consumer:scad.docs | Total rendering time: 0:00:00.089
consumer:scad.docs |    Top level object is a 3D object (manifold):
consumer:scad.docs |    Status:     NoError
consumer:scad.docs |    Genus:      -1
consumer:scad.docs |    Vertices:       16
consumer:scad.docs |    Facets:         24
consumer:scad.docs | + scad-image-watermark /__w/2026-009-01.cad.HUB75-display-frame/2026-009-01.cad.HUB75-display-frame/.cache/scad-project/design-stage/project/openscad/project_components/horizontal-edge-coupler/design/img/.15-guide-outer-taper.unwatermarked.png /__w/2026-009-01.cad.HUB75-display-frame/2026-009-01.cad.HUB75-display-frame/.cache/scad-project/design-stage/project/openscad/project_components/horizontal-edge-coupler/design/img/15-guide-outer-taper.png --text © 2026 brainboxemb
consumer:scad.docs | SCons design built: .cache/scad-project/design-stage/project/openscad/project_components/horizontal-edge-coupler/design/img/15-guide-outer-taper.png
consumer:scad.docs | _action([".cache/scad-project/design-stage/project/openscad/project_components/horizontal-edge-coupler/design/img/16-guide-reinforcement-reliefs.png"], [".cache/scad-project/state/design-entrypoints/8b78c144421df1c8.scad", "dsg/openscad/ext/lib.scad.hub75/openscad/p5-64x32-panel/hub75_p5_64x32_panel.scad", "dsg/openscad/project_components/horizontal-edge-coupler/design/design.md", "dsg/openscad/project_components/horizontal-edge-coupler/hub75_horizontal_edge_coupler.scad", "dsg/openscad/project_components/horizontal-edge-coupler/hub75_horizontal_edge_coupler_render.scad", "dsg/openscad/project_components/hub75_panel_mating.scad"])
consumer:scad.docs | + xvfb-run -a openscad --enable=object-function --render --projection=o --camera=0.0,0.0,-20.0,68.0,0.0,35.0,220.0 --imgsize=640,480 -o /__w/2026-009-01.cad.HUB75-display-frame/2026-009-01.cad.HUB75-display-frame/.cache/scad-project/design-stage/project/openscad/project_components/horizontal-edge-coupler/design/img/.16-guide-reinforcement-reliefs.unwatermarked.png /__w/2026-009-01.cad.HUB75-display-frame/2026-009-01.cad.HUB75-display-frame/.cache/scad-project/state/design-entrypoints/8b78c144421df1c8.scad
consumer:scad.docs | Geometries in cache: 38
consumer:scad.docs | Geometry cache size in bytes: 617664
consumer:scad.docs | CGAL Polyhedrons in cache: 3
consumer:scad.docs | CGAL cache size in bytes: 673000
consumer:scad.docs | Total rendering time: 0:00:00.090
consumer:scad.docs |    Top level object is a 3D object (manifold):
consumer:scad.docs |    Status:     NoError
consumer:scad.docs |    Genus:      -1
consumer:scad.docs |    Vertices:     1732
consumer:scad.docs |    Facets:       3456
consumer:scad.docs | + scad-image-watermark /__w/2026-009-01.cad.HUB75-display-frame/2026-009-01.cad.HUB75-display-frame/.cache/scad-project/design-stage/project/openscad/project_components/horizontal-edge-coupler/design/img/.16-guide-reinforcement-reliefs.unwatermarked.png /__w/2026-009-01.cad.HUB75-display-frame/2026-009-01.cad.HUB75-display-frame/.cache/scad-project/design-stage/project/openscad/project_components/horizontal-edge-coupler/design/img/16-guide-reinforcement-reliefs.png --text © 2026 brainboxemb
consumer:scad.docs | SCons design built: .cache/scad-project/design-stage/project/openscad/project_components/horizontal-edge-coupler/design/img/16-guide-reinforcement-reliefs.png
consumer:scad.docs | _action([".cache/scad-project/design-stage/project/openscad/project_components/horizontal-edge-coupler/design/img/17-guide-reinforcement-detail.png"], [".cache/scad-project/state/design-entrypoints/c5476d1418736e54.scad", "dsg/openscad/ext/lib.scad.hub75/openscad/p5-64x32-panel/hub75_p5_64x32_panel.scad", "dsg/openscad/project_components/horizontal-edge-coupler/design/design.md", "dsg/openscad/project_components/horizontal-edge-coupler/hub75_horizontal_edge_coupler.scad", "dsg/openscad/project_components/horizontal-edge-coupler/hub75_horizontal_edge_coupler_render.scad", "dsg/openscad/project_components/hub75_panel_mating.scad"])
consumer:scad.docs | + xvfb-run -a openscad --enable=object-function --render --projection=o --camera=0.0,0.0,-20.0,68.0,0.0,35.0,220.0 --imgsize=480,360 -o /__w/2026-009-01.cad.HUB75-display-frame/2026-009-01.cad.HUB75-display-frame/.cache/scad-project/design-stage/project/openscad/project_components/horizontal-edge-coupler/design/img/.17-guide-reinforcement-detail.unwatermarked.png /__w/2026-009-01.cad.HUB75-display-frame/2026-009-01.cad.HUB75-display-frame/.cache/scad-project/state/design-entrypoints/c5476d1418736e54.scad
consumer:scad.docs | Geometries in cache: 60
consumer:scad.docs | Geometry cache size in bytes: 825936
consumer:scad.docs | CGAL Polyhedrons in cache: 14
consumer:scad.docs | CGAL cache size in bytes: 1941250
consumer:scad.docs | Total rendering time: 0:00:00.092
consumer:scad.docs |    Top level object is a 3D object (manifold):
consumer:scad.docs |    Status:     NoError
consumer:scad.docs |    Genus:      7
consumer:scad.docs |    Vertices:     1103
consumer:scad.docs |    Facets:       2230
consumer:scad.docs | + scad-image-watermark /__w/2026-009-01.cad.HUB75-display-frame/2026-009-01.cad.HUB75-display-frame/.cache/scad-project/design-stage/project/openscad/project_components/horizontal-edge-coupler/design/img/.17-guide-reinforcement-detail.unwatermarked.png /__w/2026-009-01.cad.HUB75-display-frame/2026-009-01.cad.HUB75-display-frame/.cache/scad-project/design-stage/project/openscad/project_components/horizontal-edge-coupler/design/img/17-guide-reinforcement-detail.png --text © 2026 brainboxemb
consumer:scad.docs | SCons design built: .cache/scad-project/design-stage/project/openscad/project_components/horizontal-edge-coupler/design/img/17-guide-reinforcement-detail.png
consumer:scad.docs | _action([".cache/scad-project/design-stage/project/openscad/project_components/horizontal-edge-coupler/design/img/18-guides.png"], [".cache/scad-project/state/design-entrypoints/41866fdca94621f2.scad", "dsg/openscad/ext/lib.scad.hub75/openscad/p5-64x32-panel/hub75_p5_64x32_panel.scad", "dsg/openscad/project_components/horizontal-edge-coupler/design/design.md", "dsg/openscad/project_components/horizontal-edge-coupler/hub75_horizontal_edge_coupler.scad", "dsg/openscad/project_components/horizontal-edge-coupler/hub75_horizontal_edge_coupler_render.scad", "dsg/openscad/project_components/hub75_panel_mating.scad"])
consumer:scad.docs | + xvfb-run -a openscad --enable=object-function --render --projection=o --camera=0.0,0.0,-20.0,68.0,0.0,35.0,220.0 --imgsize=640,480 -o /__w/2026-009-01.cad.HUB75-display-frame/2026-009-01.cad.HUB75-display-frame/.cache/scad-project/design-stage/project/openscad/project_components/horizontal-edge-coupler/design/img/.18-guides.unwatermarked.png /__w/2026-009-01.cad.HUB75-display-frame/2026-009-01.cad.HUB75-display-frame/.cache/scad-project/state/design-entrypoints/41866fdca94621f2.scad
consumer:scad.docs | Geometries in cache: 67
consumer:scad.docs | Geometry cache size in bytes: 1841264
consumer:scad.docs | CGAL Polyhedrons in cache: 19
consumer:scad.docs | CGAL cache size in bytes: 8928750
consumer:scad.docs | Total rendering time: 0:00:00.320
consumer:scad.docs |    Top level object is a 3D object (manifold):
consumer:scad.docs |    Status:     NoError
consumer:scad.docs |    Genus:      2
consumer:scad.docs |    Vertices:     5536
consumer:scad.docs |    Facets:      11076
consumer:scad.docs | + scad-image-watermark /__w/2026-009-01.cad.HUB75-display-frame/2026-009-01.cad.HUB75-display-frame/.cache/scad-project/design-stage/project/openscad/project_components/horizontal-edge-coupler/design/img/.18-guides.unwatermarked.png /__w/2026-009-01.cad.HUB75-display-frame/2026-009-01.cad.HUB75-display-frame/.cache/scad-project/design-stage/project/openscad/project_components/horizontal-edge-coupler/design/img/18-guides.png --text © 2026 brainboxemb
consumer:scad.docs | SCons design built: .cache/scad-project/design-stage/project/openscad/project_components/horizontal-edge-coupler/design/img/18-guides.png
consumer:scad.docs | _action([".cache/scad-project/design-stage/project/openscad/project_components/horizontal-edge-coupler/design/img/19-reinforcement-locators.png"], [".cache/scad-project/state/design-entrypoints/df85e8932286ac74.scad", "dsg/openscad/ext/lib.scad.hub75/openscad/p5-64x32-panel/hub75_p5_64x32_panel.scad", "dsg/openscad/project_components/horizontal-edge-coupler/design/design.md", "dsg/openscad/project_components/horizontal-edge-coupler/hub75_horizontal_edge_coupler.scad", "dsg/openscad/project_components/horizontal-edge-coupler/hub75_horizontal_edge_coupler_render.scad", "dsg/openscad/project_components/hub75_panel_mating.scad"])
consumer:scad.docs | + xvfb-run -a openscad --enable=object-function --render --projection=o --camera=0.0,0.0,-20.0,68.0,0.0,35.0,220.0 --imgsize=640,480 -o /__w/2026-009-01.cad.HUB75-display-frame/2026-009-01.cad.HUB75-display-frame/.cache/scad-project/design-stage/project/openscad/project_components/horizontal-edge-coupler/design/img/.19-reinforcement-locators.unwatermarked.png /__w/2026-009-01.cad.HUB75-display-frame/2026-009-01.cad.HUB75-display-frame/.cache/scad-project/state/design-entrypoints/df85e8932286ac74.scad
consumer:scad.docs | Geometries in cache: 73
consumer:scad.docs | Geometry cache size in bytes: 2035904
consumer:scad.docs | CGAL Polyhedrons in cache: 23
consumer:scad.docs | CGAL cache size in bytes: 10685000
consumer:scad.docs | Total rendering time: 0:00:00.382
consumer:scad.docs |    Top level object is a 3D object (manifold):
consumer:scad.docs |    Status:     NoError
consumer:scad.docs |    Genus:      2
consumer:scad.docs |    Vertices:     7073
consumer:scad.docs |    Facets:      14150
consumer:scad.docs | + scad-image-watermark /__w/2026-009-01.cad.HUB75-display-frame/2026-009-01.cad.HUB75-display-frame/.cache/scad-project/design-stage/project/openscad/project_components/horizontal-edge-coupler/design/img/.19-reinforcement-locators.unwatermarked.png /__w/2026-009-01.cad.HUB75-display-frame/2026-009-01.cad.HUB75-display-frame/.cache/scad-project/design-stage/project/openscad/project_components/horizontal-edge-coupler/design/img/19-reinforcement-locators.png --text © 2026 brainboxemb
consumer:scad.docs | SCons design built: .cache/scad-project/design-stage/project/openscad/project_components/horizontal-edge-coupler/design/img/19-reinforcement-locators.png
consumer:scad.docs | _action([".cache/scad-project/design-stage/project/openscad/project_components/horizontal-edge-coupler/design/img/20-seam-locator.png"], [".cache/scad-project/state/design-entrypoints/c4553dd7b30e05f8.scad", "dsg/openscad/ext/lib.scad.hub75/openscad/p5-64x32-panel/hub75_p5_64x32_panel.scad", "dsg/openscad/project_components/horizontal-edge-coupler/design/design.md", "dsg/openscad/project_components/horizontal-edge-coupler/hub75_horizontal_edge_coupler.scad", "dsg/openscad/project_components/horizontal-edge-coupler/hub75_horizontal_edge_coupler_render.scad", "dsg/openscad/project_components/hub75_panel_mating.scad"])
consumer:scad.docs | + xvfb-run -a openscad --enable=object-function --render --projection=o --camera=0.0,0.0,-20.0,68.0,0.0,35.0,220.0 --imgsize=640,480 -o /__w/2026-009-01.cad.HUB75-display-frame/2026-009-01.cad.HUB75-display-frame/.cache/scad-project/design-stage/project/openscad/project_components/horizontal-edge-coupler/design/img/.20-seam-locator.unwatermarked.png /__w/2026-009-01.cad.HUB75-display-frame/2026-009-01.cad.HUB75-display-frame/.cache/scad-project/state/design-entrypoints/c4553dd7b30e05f8.scad
consumer:scad.docs | Geometries in cache: 85
consumer:scad.docs | Geometry cache size in bytes: 2275664
consumer:scad.docs | CGAL Polyhedrons in cache: 25
consumer:scad.docs | CGAL cache size in bytes: 11201500
consumer:scad.docs | Total rendering time: 0:00:00.306
consumer:scad.docs |    Top level object is a 3D object (manifold):
consumer:scad.docs |    Status:     NoError
consumer:scad.docs |    Genus:      2
consumer:scad.docs |    Vertices:     7375
consumer:scad.docs |    Facets:      14754
consumer:scad.docs | + scad-image-watermark /__w/2026-009-01.cad.HUB75-display-frame/2026-009-01.cad.HUB75-display-frame/.cache/scad-project/design-stage/project/openscad/project_components/horizontal-edge-coupler/design/img/.20-seam-locator.unwatermarked.png /__w/2026-009-01.cad.HUB75-display-frame/2026-009-01.cad.HUB75-display-frame/.cache/scad-project/design-stage/project/openscad/project_components/horizontal-edge-coupler/design/img/20-seam-locator.png --text © 2026 brainboxemb
consumer:scad.docs | SCons design built: .cache/scad-project/design-stage/project/openscad/project_components/horizontal-edge-coupler/design/img/20-seam-locator.png
consumer:scad.docs | _action([".cache/scad-project/design-stage/project/openscad/project_components/horizontal-edge-coupler/design/img/21-functional.png"], [".cache/scad-project/state/design-entrypoints/76ca4d2035bf3c4f.scad", "dsg/openscad/ext/lib.scad.hub75/openscad/p5-64x32-panel/hub75_p5_64x32_panel.scad", "dsg/openscad/project_components/horizontal-edge-coupler/design/design.md", "dsg/openscad/project_components/horizontal-edge-coupler/hub75_horizontal_edge_coupler.scad", "dsg/openscad/project_components/horizontal-edge-coupler/hub75_horizontal_edge_coupler_render.scad", "dsg/openscad/project_components/hub75_panel_mating.scad"])
consumer:scad.docs | + xvfb-run -a openscad --enable=object-function --render --projection=o --camera=0.0,0.0,-20.0,68.0,0.0,35.0,220.0 --imgsize=640,480 -o /__w/2026-009-01.cad.HUB75-display-frame/2026-009-01.cad.HUB75-display-frame/.cache/scad-project/design-stage/project/openscad/project_components/horizontal-edge-coupler/design/img/.21-functional.unwatermarked.png /__w/2026-009-01.cad.HUB75-display-frame/2026-009-01.cad.HUB75-display-frame/.cache/scad-project/state/design-entrypoints/76ca4d2035bf3c4f.scad
consumer:scad.docs | Geometries in cache: 85
consumer:scad.docs | Geometry cache size in bytes: 2275664
consumer:scad.docs | CGAL Polyhedrons in cache: 24
consumer:scad.docs | CGAL cache size in bytes: 11130000
consumer:scad.docs | Total rendering time: 0:00:00.335
consumer:scad.docs |    Top level object is a 3D object (manifold):
consumer:scad.docs |    Status:     NoError
consumer:scad.docs |    Genus:      2
consumer:scad.docs |    Vertices:     7375
consumer:scad.docs |    Facets:      14754
consumer:scad.docs | + scad-image-watermark /__w/2026-009-01.cad.HUB75-display-frame/2026-009-01.cad.HUB75-display-frame/.cache/scad-project/design-stage/project/openscad/project_components/horizontal-edge-coupler/design/img/.21-functional.unwatermarked.png /__w/2026-009-01.cad.HUB75-display-frame/2026-009-01.cad.HUB75-display-frame/.cache/scad-project/design-stage/project/openscad/project_components/horizontal-edge-coupler/design/img/21-functional.png --text © 2026 brainboxemb
consumer:scad.docs | SCons design built: .cache/scad-project/design-stage/project/openscad/project_components/horizontal-edge-coupler/design/img/21-functional.png
consumer:scad.docs | _action([".cache/scad-project/design-stage/project/openscad/project_components/horizontal-edge-coupler/design/img/22-reference-pockets.png"], [".cache/scad-project/state/design-entrypoints/0480389451a064a5.scad", "dsg/openscad/ext/lib.scad.hub75/openscad/p5-64x32-panel/hub75_p5_64x32_panel.scad", "dsg/openscad/project_components/horizontal-edge-coupler/design/design.md", "dsg/openscad/project_components/horizontal-edge-coupler/hub75_horizontal_edge_coupler.scad", "dsg/openscad/project_components/horizontal-edge-coupler/hub75_horizontal_edge_coupler_render.scad", "dsg/openscad/project_components/hub75_panel_mating.scad"])
consumer:scad.docs | + xvfb-run -a openscad --enable=object-function --render --projection=o --camera=0.0,0.0,-20.0,68.0,0.0,215.0,220.0 --imgsize=640,480 -o /__w/2026-009-01.cad.HUB75-display-frame/2026-009-01.cad.HUB75-display-frame/.cache/scad-project/design-stage/project/openscad/project_components/horizontal-edge-coupler/design/img/.22-reference-pockets.unwatermarked.png /__w/2026-009-01.cad.HUB75-display-frame/2026-009-01.cad.HUB75-display-frame/.cache/scad-project/state/design-entrypoints/0480389451a064a5.scad
consumer:scad.docs | Geometries in cache: 95
consumer:scad.docs | Geometry cache size in bytes: 2718248
consumer:scad.docs | CGAL Polyhedrons in cache: 47
consumer:scad.docs | CGAL cache size in bytes: 27181750
consumer:scad.docs | Total rendering time: 0:00:00.882
consumer:scad.docs |    Top level object is a 3D object (manifold):
consumer:scad.docs |    Status:     NoError
consumer:scad.docs |    Genus:      2
consumer:scad.docs |    Vertices:    10447
consumer:scad.docs |    Facets:      20898
consumer:scad.docs | + scad-image-watermark /__w/2026-009-01.cad.HUB75-display-frame/2026-009-01.cad.HUB75-display-frame/.cache/scad-project/design-stage/project/openscad/project_components/horizontal-edge-coupler/design/img/.22-reference-pockets.unwatermarked.png /__w/2026-009-01.cad.HUB75-display-frame/2026-009-01.cad.HUB75-display-frame/.cache/scad-project/design-stage/project/openscad/project_components/horizontal-edge-coupler/design/img/22-reference-pockets.png --text © 2026 brainboxemb
consumer:scad.docs | SCons design built: .cache/scad-project/design-stage/project/openscad/project_components/horizontal-edge-coupler/design/img/22-reference-pockets.png
consumer:scad.docs | _action([".cache/scad-project/design-stage/project/openscad/project_components/horizontal-edge-coupler/design/img/23-center-marks.png"], [".cache/scad-project/state/design-entrypoints/57f8927692716c39.scad", "dsg/openscad/ext/lib.scad.hub75/openscad/p5-64x32-panel/hub75_p5_64x32_panel.scad", "dsg/openscad/project_components/horizontal-edge-coupler/design/design.md", "dsg/openscad/project_components/horizontal-edge-coupler/hub75_horizontal_edge_coupler.scad", "dsg/openscad/project_components/horizontal-edge-coupler/hub75_horizontal_edge_coupler_render.scad", "dsg/openscad/project_components/hub75_panel_mating.scad"])
consumer:scad.docs | + xvfb-run -a openscad --enable=object-function --render --projection=o --camera=0.0,0.0,-20.0,68.0,0.0,215.0,220.0 --imgsize=640,480 -o /__w/2026-009-01.cad.HUB75-display-frame/2026-009-01.cad.HUB75-display-frame/.cache/scad-project/design-stage/project/openscad/project_components/horizontal-edge-coupler/design/img/.23-center-marks.unwatermarked.png /__w/2026-009-01.cad.HUB75-display-frame/2026-009-01.cad.HUB75-display-frame/.cache/scad-project/state/design-entrypoints/57f8927692716c39.scad
consumer:scad.docs | Geometries in cache: 146
consumer:scad.docs | Geometry cache size in bytes: 2110440
consumer:scad.docs | CGAL Polyhedrons in cache: 48
consumer:scad.docs | CGAL cache size in bytes: 21136750
consumer:scad.docs | Total rendering time: 0:00:00.545
consumer:scad.docs |    Top level object is a 3D object (manifold):
consumer:scad.docs |    Status:     NoError
consumer:scad.docs |    Genus:      2
consumer:scad.docs |    Vertices:     9267
consumer:scad.docs |    Facets:      18538
consumer:scad.docs | + scad-image-watermark /__w/2026-009-01.cad.HUB75-display-frame/2026-009-01.cad.HUB75-display-frame/.cache/scad-project/design-stage/project/openscad/project_components/horizontal-edge-coupler/design/img/.23-center-marks.unwatermarked.png /__w/2026-009-01.cad.HUB75-display-frame/2026-009-01.cad.HUB75-display-frame/.cache/scad-project/design-stage/project/openscad/project_components/horizontal-edge-coupler/design/img/23-center-marks.png --text © 2026 brainboxemb
consumer:scad.docs | SCons design built: .cache/scad-project/design-stage/project/openscad/project_components/horizontal-edge-coupler/design/img/23-center-marks.png
consumer:scad.docs | _action([".cache/scad-project/design-stage/project/openscad/project_components/horizontal-edge-coupler/design/img/24-final.png"], [".cache/scad-project/state/design-entrypoints/36d138229aca48c4.scad", "dsg/openscad/ext/lib.scad.hub75/openscad/p5-64x32-panel/hub75_p5_64x32_panel.scad", "dsg/openscad/project_components/horizontal-edge-coupler/design/design.md", "dsg/openscad/project_components/horizontal-edge-coupler/hub75_horizontal_edge_coupler.scad", "dsg/openscad/project_components/horizontal-edge-coupler/hub75_horizontal_edge_coupler_render.scad", "dsg/openscad/project_components/hub75_panel_mating.scad"])
consumer:scad.docs | + xvfb-run -a openscad --enable=object-function --render --projection=o --camera=0.0,0.0,-20.0,68.0,0.0,35.0,220.0 --imgsize=640,480 -o /__w/2026-009-01.cad.HUB75-display-frame/2026-009-01.cad.HUB75-display-frame/.cache/scad-project/design-stage/project/openscad/project_components/horizontal-edge-coupler/design/img/.24-final.unwatermarked.png /__w/2026-009-01.cad.HUB75-display-frame/2026-009-01.cad.HUB75-display-frame/.cache/scad-project/state/design-entrypoints/36d138229aca48c4.scad
consumer:scad.docs | Geometries in cache: 145
consumer:scad.docs | Geometry cache size in bytes: 2816944
consumer:scad.docs | CGAL Polyhedrons in cache: 46
consumer:scad.docs | CGAL cache size in bytes: 28592000
consumer:scad.docs | Total rendering time: 0:00:00.746
consumer:scad.docs |    Top level object is a 3D object (manifold):
consumer:scad.docs |    Status:     NoError
consumer:scad.docs |    Genus:      2
consumer:scad.docs |    Vertices:    13735
consumer:scad.docs |    Facets:      27474
consumer:scad.docs | + scad-image-watermark /__w/2026-009-01.cad.HUB75-display-frame/2026-009-01.cad.HUB75-display-frame/.cache/scad-project/design-stage/project/openscad/project_components/horizontal-edge-coupler/design/img/.24-final.unwatermarked.png /__w/2026-009-01.cad.HUB75-display-frame/2026-009-01.cad.HUB75-display-frame/.cache/scad-project/design-stage/project/openscad/project_components/horizontal-edge-coupler/design/img/24-final.png --text © 2026 brainboxemb
consumer:scad.docs | SCons design built: .cache/scad-project/design-stage/project/openscad/project_components/horizontal-edge-coupler/design/img/24-final.png
consumer:scad.docs | _action([".cache/scad-project/design-stage/project/openscad/project_components/middle-coupler/design/img/01-mating-reference.png"], [".cache/scad-project/state/design-entrypoints/8786f868a06f16dd.scad", "dsg/openscad/ext/lib.scad.hub75/openscad/p5-64x32-panel/hub75_p5_64x32_panel.scad", "dsg/openscad/project_components/hub75_panel_mating.scad", "dsg/openscad/project_components/middle-coupler/design/design.md", "dsg/openscad/project_components/middle-coupler/hub75_middle_coupler.scad", "dsg/openscad/project_components/middle-coupler/hub75_middle_coupler_render.scad"])
consumer:scad.docs | + xvfb-run -a openscad --enable=object-function --render --projection=o --camera=0.0,0.0,0.0,0.0,0.0,0.0,0.0 --autocenter --viewall --imgsize=640,480 -o /__w/2026-009-01.cad.HUB75-display-frame/2026-009-01.cad.HUB75-display-frame/.cache/scad-project/design-stage/project/openscad/project_components/middle-coupler/design/img/.01-mating-reference.unwatermarked.png /__w/2026-009-01.cad.HUB75-display-frame/2026-009-01.cad.HUB75-display-frame/.cache/scad-project/state/design-entrypoints/8786f868a06f16dd.scad
consumer:scad.docs | Geometries in cache: 24
consumer:scad.docs | Geometry cache size in bytes: 269392
consumer:scad.docs | CGAL Polyhedrons in cache: 1
consumer:scad.docs | CGAL cache size in bytes: 132000
consumer:scad.docs | Total rendering time: 0:00:00.071
consumer:scad.docs |    Top level object is a 3D object (manifold):
consumer:scad.docs |    Status:     NoError
consumer:scad.docs |    Genus:      -1
consumer:scad.docs |    Vertices:      528
consumer:scad.docs |    Facets:       1048
consumer:scad.docs | + scad-image-watermark /__w/2026-009-01.cad.HUB75-display-frame/2026-009-01.cad.HUB75-display-frame/.cache/scad-project/design-stage/project/openscad/project_components/middle-coupler/design/img/.01-mating-reference.unwatermarked.png /__w/2026-009-01.cad.HUB75-display-frame/2026-009-01.cad.HUB75-display-frame/.cache/scad-project/design-stage/project/openscad/project_components/middle-coupler/design/img/01-mating-reference.png --text © 2026 brainboxemb
consumer:scad.docs | SCons design built: .cache/scad-project/design-stage/project/openscad/project_components/middle-coupler/design/img/01-mating-reference.png
consumer:scad.docs | _action([".cache/scad-project/design-stage/project/openscad/project_components/middle-coupler/design/img/02-profile-horizontal-arm.png"], [".cache/scad-project/state/design-entrypoints/e708853b9279e65d.scad", "dsg/openscad/ext/lib.scad.hub75/openscad/p5-64x32-panel/hub75_p5_64x32_panel.scad", "dsg/openscad/project_components/hub75_panel_mating.scad", "dsg/openscad/project_components/middle-coupler/design/design.md", "dsg/openscad/project_components/middle-coupler/hub75_middle_coupler.scad", "dsg/openscad/project_components/middle-coupler/hub75_middle_coupler_render.scad"])
consumer:scad.docs | + xvfb-run -a openscad --enable=object-function --render --projection=o --camera=0.0,0.0,0.0,0.0,0.0,0.0,0.0 --autocenter --viewall --imgsize=640,480 -o /__w/2026-009-01.cad.HUB75-display-frame/2026-009-01.cad.HUB75-display-frame/.cache/scad-project/design-stage/project/openscad/project_components/middle-coupler/design/img/.02-profile-horizontal-arm.unwatermarked.png /__w/2026-009-01.cad.HUB75-display-frame/2026-009-01.cad.HUB75-display-frame/.cache/scad-project/state/design-entrypoints/e708853b9279e65d.scad
consumer:scad.docs | Geometries in cache: 12
consumer:scad.docs | Geometry cache size in bytes: 9328
consumer:scad.docs | CGAL Polyhedrons in cache: 1
consumer:scad.docs | CGAL cache size in bytes: 4000
consumer:scad.docs | Total rendering time: 0:00:00.062
consumer:scad.docs |    Top level object is a 3D object (manifold):
consumer:scad.docs |    Status:     NoError
consumer:scad.docs |    Genus:      -1
consumer:scad.docs |    Vertices:       16
consumer:scad.docs |    Facets:         24
consumer:scad.docs | + scad-image-watermark /__w/2026-009-01.cad.HUB75-display-frame/2026-009-01.cad.HUB75-display-frame/.cache/scad-project/design-stage/project/openscad/project_components/middle-coupler/design/img/.02-profile-horizontal-arm.unwatermarked.png /__w/2026-009-01.cad.HUB75-display-frame/2026-009-01.cad.HUB75-display-frame/.cache/scad-project/design-stage/project/openscad/project_components/middle-coupler/design/img/02-profile-horizontal-arm.png --text © 2026 brainboxemb
consumer:scad.docs | SCons design built: .cache/scad-project/design-stage/project/openscad/project_components/middle-coupler/design/img/02-profile-horizontal-arm.png
consumer:scad.docs | _action([".cache/scad-project/design-stage/project/openscad/project_components/middle-coupler/design/img/03-profile-vertical-arm.png"], [".cache/scad-project/state/design-entrypoints/8742747fdffee485.scad", "dsg/openscad/ext/lib.scad.hub75/openscad/p5-64x32-panel/hub75_p5_64x32_panel.scad", "dsg/openscad/project_components/hub75_panel_mating.scad", "dsg/openscad/project_components/middle-coupler/design/design.md", "dsg/openscad/project_components/middle-coupler/hub75_middle_coupler.scad", "dsg/openscad/project_components/middle-coupler/hub75_middle_coupler_render.scad"])
consumer:scad.docs | + xvfb-run -a openscad --enable=object-function --render --projection=o --camera=0.0,0.0,0.0,0.0,0.0,0.0,0.0 --autocenter --viewall --imgsize=640,480 -o /__w/2026-009-01.cad.HUB75-display-frame/2026-009-01.cad.HUB75-display-frame/.cache/scad-project/design-stage/project/openscad/project_components/middle-coupler/design/img/.03-profile-vertical-arm.unwatermarked.png /__w/2026-009-01.cad.HUB75-display-frame/2026-009-01.cad.HUB75-display-frame/.cache/scad-project/state/design-entrypoints/8742747fdffee485.scad
consumer:scad.docs | Geometries in cache: 12
consumer:scad.docs | Geometry cache size in bytes: 9328
consumer:scad.docs | CGAL Polyhedrons in cache: 1
consumer:scad.docs | CGAL cache size in bytes: 4000
consumer:scad.docs | Total rendering time: 0:00:00.070
consumer:scad.docs |    Top level object is a 3D object (manifold):
consumer:scad.docs |    Status:     NoError
consumer:scad.docs |    Genus:      -1
consumer:scad.docs |    Vertices:       16
consumer:scad.docs |    Facets:         24
consumer:scad.docs | + scad-image-watermark /__w/2026-009-01.cad.HUB75-display-frame/2026-009-01.cad.HUB75-display-frame/.cache/scad-project/design-stage/project/openscad/project_components/middle-coupler/design/img/.03-profile-vertical-arm.unwatermarked.png /__w/2026-009-01.cad.HUB75-display-frame/2026-009-01.cad.HUB75-display-frame/.cache/scad-project/design-stage/project/openscad/project_components/middle-coupler/design/img/03-profile-vertical-arm.png --text © 2026 brainboxemb
consumer:scad.docs | SCons design built: .cache/scad-project/design-stage/project/openscad/project_components/middle-coupler/design/img/03-profile-vertical-arm.png
consumer:scad.docs | _action([".cache/scad-project/design-stage/project/openscad/project_components/middle-coupler/design/img/04-profile-raw-plus.png"], [".cache/scad-project/state/design-entrypoints/82eca408de818778.scad", "dsg/openscad/ext/lib.scad.hub75/openscad/p5-64x32-panel/hub75_p5_64x32_panel.scad", "dsg/openscad/project_components/hub75_panel_mating.scad", "dsg/openscad/project_components/middle-coupler/design/design.md", "dsg/openscad/project_components/middle-coupler/hub75_middle_coupler.scad", "dsg/openscad/project_components/middle-coupler/hub75_middle_coupler_render.scad"])
consumer:scad.docs | + xvfb-run -a openscad --enable=object-function --render --projection=o --camera=0.0,0.0,0.0,0.0,0.0,0.0,0.0 --autocenter --viewall --imgsize=640,480 -o /__w/2026-009-01.cad.HUB75-display-frame/2026-009-01.cad.HUB75-display-frame/.cache/scad-project/design-stage/project/openscad/project_components/middle-coupler/design/img/.04-profile-raw-plus.unwatermarked.png /__w/2026-009-01.cad.HUB75-display-frame/2026-009-01.cad.HUB75-display-frame/.cache/scad-project/state/design-entrypoints/82eca408de818778.scad
consumer:scad.docs | Geometries in cache: 8
consumer:scad.docs | Geometry cache size in bytes: 12760
consumer:scad.docs | CGAL Polyhedrons in cache: 0
consumer:scad.docs | CGAL cache size in bytes: 0
consumer:scad.docs | Total rendering time: 0:00:00.085
consumer:scad.docs | Top level object is a 3D object (PolySet):
consumer:scad.docs |    Convex:       no
consumer:scad.docs |    Triangles:     44
consumer:scad.docs | + scad-image-watermark /__w/2026-009-01.cad.HUB75-display-frame/2026-009-01.cad.HUB75-display-frame/.cache/scad-project/design-stage/project/openscad/project_components/middle-coupler/design/img/.04-profile-raw-plus.unwatermarked.png /__w/2026-009-01.cad.HUB75-display-frame/2026-009-01.cad.HUB75-display-frame/.cache/scad-project/design-stage/project/openscad/project_components/middle-coupler/design/img/04-profile-raw-plus.png --text © 2026 brainboxemb
consumer:scad.docs | SCons design built: .cache/scad-project/design-stage/project/openscad/project_components/middle-coupler/design/img/04-profile-raw-plus.png
consumer:scad.docs | _action([".cache/scad-project/design-stage/project/openscad/project_components/middle-coupler/design/img/05-profile-rounded.png"], [".cache/scad-project/state/design-entrypoints/cd7c098838922238.scad", "dsg/openscad/ext/lib.scad.hub75/openscad/p5-64x32-panel/hub75_p5_64x32_panel.scad", "dsg/openscad/project_components/hub75_panel_mating.scad", "dsg/openscad/project_components/middle-coupler/design/design.md", "dsg/openscad/project_components/middle-coupler/hub75_middle_coupler.scad", "dsg/openscad/project_components/middle-coupler/hub75_middle_coupler_render.scad"])
consumer:scad.docs | + xvfb-run -a openscad --enable=object-function --render --projection=o --camera=0.0,0.0,0.0,0.0,0.0,0.0,0.0 --autocenter --viewall --imgsize=640,480 -o /__w/2026-009-01.cad.HUB75-display-frame/2026-009-01.cad.HUB75-display-frame/.cache/scad-project/design-stage/project/openscad/project_components/middle-coupler/design/img/.05-profile-rounded.unwatermarked.png /__w/2026-009-01.cad.HUB75-display-frame/2026-009-01.cad.HUB75-display-frame/.cache/scad-project/state/design-entrypoints/cd7c098838922238.scad
consumer:scad.docs | Geometries in cache: 14
consumer:scad.docs | Geometry cache size in bytes: 587408
consumer:scad.docs | CGAL Polyhedrons in cache: 1
consumer:scad.docs | CGAL cache size in bytes: 300000
consumer:scad.docs | Total rendering time: 0:00:00.115
consumer:scad.docs |    Top level object is a 3D object (manifold):
consumer:scad.docs |    Status:     NoError
consumer:scad.docs |    Genus:      -1
consumer:scad.docs |    Vertices:     1200
consumer:scad.docs |    Facets:       2392
consumer:scad.docs | + scad-image-watermark /__w/2026-009-01.cad.HUB75-display-frame/2026-009-01.cad.HUB75-display-frame/.cache/scad-project/design-stage/project/openscad/project_components/middle-coupler/design/img/.05-profile-rounded.unwatermarked.png /__w/2026-009-01.cad.HUB75-display-frame/2026-009-01.cad.HUB75-display-frame/.cache/scad-project/design-stage/project/openscad/project_components/middle-coupler/design/img/05-profile-rounded.png --text © 2026 brainboxemb
consumer:scad.docs | SCons design built: .cache/scad-project/design-stage/project/openscad/project_components/middle-coupler/design/img/05-profile-rounded.png
consumer:scad.docs | _action([".cache/scad-project/design-stage/project/openscad/project_components/middle-coupler/design/img/06-base.png"], [".cache/scad-project/state/design-entrypoints/9158b53b92337d04.scad", "dsg/openscad/ext/lib.scad.hub75/openscad/p5-64x32-panel/hub75_p5_64x32_panel.scad", "dsg/openscad/project_components/hub75_panel_mating.scad", "dsg/openscad/project_components/middle-coupler/design/design.md", "dsg/openscad/project_components/middle-coupler/hub75_middle_coupler.scad", "dsg/openscad/project_components/middle-coupler/hub75_middle_coupler_render.scad"])
consumer:scad.docs | + xvfb-run -a openscad --enable=object-function --render --projection=o --camera=0.0,0.0,0.0,68.0,0.0,35.0,0.0 --autocenter --viewall --imgsize=640,480 -o /__w/2026-009-01.cad.HUB75-display-frame/2026-009-01.cad.HUB75-display-frame/.cache/scad-project/design-stage/project/openscad/project_components/middle-coupler/design/img/.06-base.unwatermarked.png /__w/2026-009-01.cad.HUB75-display-frame/2026-009-01.cad.HUB75-display-frame/.cache/scad-project/state/design-entrypoints/9158b53b92337d04.scad
consumer:scad.docs | Geometries in cache: 5
consumer:scad.docs | Geometry cache size in bytes: 461616
consumer:scad.docs | CGAL Polyhedrons in cache: 0
consumer:scad.docs | CGAL cache size in bytes: 0
consumer:scad.docs | Total rendering time: 0:00:00.093
consumer:scad.docs | Top level object is a 3D object (PolySet):
consumer:scad.docs |    Convex:       no
consumer:scad.docs |    Triangles:   2348
consumer:scad.docs | + scad-image-watermark /__w/2026-009-01.cad.HUB75-display-frame/2026-009-01.cad.HUB75-display-frame/.cache/scad-project/design-stage/project/openscad/project_components/middle-coupler/design/img/.06-base.unwatermarked.png /__w/2026-009-01.cad.HUB75-display-frame/2026-009-01.cad.HUB75-display-frame/.cache/scad-project/design-stage/project/openscad/project_components/middle-coupler/design/img/06-base.png --text © 2026 brainboxemb
consumer:scad.docs | SCons design built: .cache/scad-project/design-stage/project/openscad/project_components/middle-coupler/design/img/06-base.png
consumer:scad.docs | _action([".cache/scad-project/design-stage/project/openscad/project_components/middle-coupler/design/img/07-screw-holes.png"], [".cache/scad-project/state/design-entrypoints/bac91c5dbe94a360.scad", "dsg/openscad/ext/lib.scad.hub75/openscad/p5-64x32-panel/hub75_p5_64x32_panel.scad", "dsg/openscad/project_components/hub75_panel_mating.scad", "dsg/openscad/project_components/middle-coupler/design/design.md", "dsg/openscad/project_components/middle-coupler/hub75_middle_coupler.scad", "dsg/openscad/project_components/middle-coupler/hub75_middle_coupler_render.scad"])
consumer:scad.docs | + xvfb-run -a openscad --enable=object-function --render --projection=o --camera=0.0,0.0,0.0,68.0,0.0,35.0,0.0 --autocenter --viewall --imgsize=640,480 -o /__w/2026-009-01.cad.HUB75-display-frame/2026-009-01.cad.HUB75-display-frame/.cache/scad-project/design-stage/project/openscad/project_components/middle-coupler/design/img/.07-screw-holes.unwatermarked.png /__w/2026-009-01.cad.HUB75-display-frame/2026-009-01.cad.HUB75-display-frame/.cache/scad-project/state/design-entrypoints/bac91c5dbe94a360.scad
consumer:scad.docs | Geometries in cache: 12
consumer:scad.docs | Geometry cache size in bytes: 688696
consumer:scad.docs | CGAL Polyhedrons in cache: 6
consumer:scad.docs | CGAL cache size in bytes: 2982000
consumer:scad.docs | Total rendering time: 0:00:00.202
consumer:scad.docs |    Top level object is a 3D object (manifold):
consumer:scad.docs |    Status:     NoError
consumer:scad.docs |    Genus:      0
consumer:scad.docs |    Vertices:     3096
consumer:scad.docs |    Facets:       6188
consumer:scad.docs | + scad-image-watermark /__w/2026-009-01.cad.HUB75-display-frame/2026-009-01.cad.HUB75-display-frame/.cache/scad-project/design-stage/project/openscad/project_components/middle-coupler/design/img/.07-screw-holes.unwatermarked.png /__w/2026-009-01.cad.HUB75-display-frame/2026-009-01.cad.HUB75-display-frame/.cache/scad-project/design-stage/project/openscad/project_components/middle-coupler/design/img/07-screw-holes.png --text © 2026 brainboxemb
consumer:scad.docs | SCons design built: .cache/scad-project/design-stage/project/openscad/project_components/middle-coupler/design/img/07-screw-holes.png
consumer:scad.docs | _action([".cache/scad-project/design-stage/project/openscad/project_components/middle-coupler/design/img/08-tube-pockets.png"], [".cache/scad-project/state/design-entrypoints/dbc2bdc1474e6d3f.scad", "dsg/openscad/ext/lib.scad.hub75/openscad/p5-64x32-panel/hub75_p5_64x32_panel.scad", "dsg/openscad/project_components/hub75_panel_mating.scad", "dsg/openscad/project_components/middle-coupler/design/design.md", "dsg/openscad/project_components/middle-coupler/hub75_middle_coupler.scad", "dsg/openscad/project_components/middle-coupler/hub75_middle_coupler_render.scad"])
consumer:scad.docs | + xvfb-run -a openscad --enable=object-function --render --projection=o --camera=0.0,0.0,0.0,68.0,0.0,35.0,0.0 --autocenter --viewall --imgsize=640,480 -o /__w/2026-009-01.cad.HUB75-display-frame/2026-009-01.cad.HUB75-display-frame/.cache/scad-project/design-stage/project/openscad/project_components/middle-coupler/design/img/.08-tube-pockets.unwatermarked.png /__w/2026-009-01.cad.HUB75-display-frame/2026-009-01.cad.HUB75-display-frame/.cache/scad-project/state/design-entrypoints/dbc2bdc1474e6d3f.scad
consumer:scad.docs | Geometries in cache: 15
consumer:scad.docs | Geometry cache size in bytes: 705424
consumer:scad.docs | CGAL Polyhedrons in cache: 9
consumer:scad.docs | CGAL cache size in bytes: 4530000
consumer:scad.docs | Total rendering time: 0:00:00.173
consumer:scad.docs |    Top level object is a 3D object (manifold):
consumer:scad.docs |    Status:     NoError
consumer:scad.docs |    Genus:      0
consumer:scad.docs |    Vertices:     3480
consumer:scad.docs |    Facets:       6956
consumer:scad.docs | + scad-image-watermark /__w/2026-009-01.cad.HUB75-display-frame/2026-009-01.cad.HUB75-display-frame/.cache/scad-project/design-stage/project/openscad/project_components/middle-coupler/design/img/.08-tube-pockets.unwatermarked.png /__w/2026-009-01.cad.HUB75-display-frame/2026-009-01.cad.HUB75-display-frame/.cache/scad-project/design-stage/project/openscad/project_components/middle-coupler/design/img/08-tube-pockets.png --text © 2026 brainboxemb
consumer:scad.docs | SCons design built: .cache/scad-project/design-stage/project/openscad/project_components/middle-coupler/design/img/08-tube-pockets.png
consumer:scad.docs | _action([".cache/scad-project/design-stage/project/openscad/project_components/middle-coupler/design/img/09-guide-keepout.png"], [".cache/scad-project/state/design-entrypoints/23815b1c582cefe2.scad", "dsg/openscad/ext/lib.scad.hub75/openscad/p5-64x32-panel/hub75_p5_64x32_panel.scad", "dsg/openscad/project_components/hub75_panel_mating.scad", "dsg/openscad/project_components/middle-coupler/design/design.md", "dsg/openscad/project_components/middle-coupler/hub75_middle_coupler.scad", "dsg/openscad/project_components/middle-coupler/hub75_middle_coupler_render.scad"])
consumer:scad.docs | + xvfb-run -a openscad --enable=object-function --render --projection=o --camera=0.0,0.0,0.0,0.0,0.0,0.0,0.0 --autocenter --viewall --imgsize=640,480 -o /__w/2026-009-01.cad.HUB75-display-frame/2026-009-01.cad.HUB75-display-frame/.cache/scad-project/design-stage/project/openscad/project_components/middle-coupler/design/img/.09-guide-keepout.unwatermarked.png /__w/2026-009-01.cad.HUB75-display-frame/2026-009-01.cad.HUB75-display-frame/.cache/scad-project/state/design-entrypoints/23815b1c582cefe2.scad
consumer:scad.docs | Geometries in cache: 28
consumer:scad.docs | Geometry cache size in bytes: 1397856
consumer:scad.docs | CGAL Polyhedrons in cache: 1
consumer:scad.docs | CGAL cache size in bytes: 698000
consumer:scad.docs | Total rendering time: 0:00:00.105
consumer:scad.docs |    Top level object is a 3D object (manifold):
consumer:scad.docs |    Status:     NoError
consumer:scad.docs |    Genus:      0
consumer:scad.docs |    Vertices:     2792
consumer:scad.docs |    Facets:       5580
consumer:scad.docs | + scad-image-watermark /__w/2026-009-01.cad.HUB75-display-frame/2026-009-01.cad.HUB75-display-frame/.cache/scad-project/design-stage/project/openscad/project_components/middle-coupler/design/img/.09-guide-keepout.unwatermarked.png /__w/2026-009-01.cad.HUB75-display-frame/2026-009-01.cad.HUB75-display-frame/.cache/scad-project/design-stage/project/openscad/project_components/middle-coupler/design/img/09-guide-keepout.png --text © 2026 brainboxemb
consumer:scad.docs | SCons design built: .cache/scad-project/design-stage/project/openscad/project_components/middle-coupler/design/img/09-guide-keepout.png
consumer:scad.docs | _action([".cache/scad-project/design-stage/project/openscad/project_components/middle-coupler/design/img/10-guide-raw-shell.png"], [".cache/scad-project/state/design-entrypoints/6991577a1fcb6ad8.scad", "dsg/openscad/ext/lib.scad.hub75/openscad/p5-64x32-panel/hub75_p5_64x32_panel.scad", "dsg/openscad/project_components/hub75_panel_mating.scad", "dsg/openscad/project_components/middle-coupler/design/design.md", "dsg/openscad/project_components/middle-coupler/hub75_middle_coupler.scad", "dsg/openscad/project_components/middle-coupler/hub75_middle_coupler_render.scad"])
consumer:scad.docs | + xvfb-run -a openscad --enable=object-function --render --projection=o --camera=0.0,0.0,0.0,0.0,0.0,0.0,0.0 --autocenter --viewall --imgsize=640,480 -o /__w/2026-009-01.cad.HUB75-display-frame/2026-009-01.cad.HUB75-display-frame/.cache/scad-project/design-stage/project/openscad/project_components/middle-coupler/design/img/.10-guide-raw-shell.unwatermarked.png /__w/2026-009-01.cad.HUB75-display-frame/2026-009-01.cad.HUB75-display-frame/.cache/scad-project/state/design-entrypoints/6991577a1fcb6ad8.scad
consumer:scad.docs | Geometries in cache: 26
consumer:scad.docs | Geometry cache size in bytes: 1206208
consumer:scad.docs | CGAL Polyhedrons in cache: 1
consumer:scad.docs | CGAL cache size in bytes: 610000
consumer:scad.docs | Total rendering time: 0:00:00.157
consumer:scad.docs |    Top level object is a 3D object (manifold):
consumer:scad.docs |    Status:     NoError
consumer:scad.docs |    Genus:      -4
consumer:scad.docs |    Vertices:     2440
consumer:scad.docs |    Facets:       4860
consumer:scad.docs | + scad-image-watermark /__w/2026-009-01.cad.HUB75-display-frame/2026-009-01.cad.HUB75-display-frame/.cache/scad-project/design-stage/project/openscad/project_components/middle-coupler/design/img/.10-guide-raw-shell.unwatermarked.png /__w/2026-009-01.cad.HUB75-display-frame/2026-009-01.cad.HUB75-display-frame/.cache/scad-project/design-stage/project/openscad/project_components/middle-coupler/design/img/10-guide-raw-shell.png --text © 2026 brainboxemb
consumer:scad.docs | SCons design built: .cache/scad-project/design-stage/project/openscad/project_components/middle-coupler/design/img/10-guide-raw-shell.png
consumer:scad.docs | _action([".cache/scad-project/design-stage/project/openscad/project_components/middle-coupler/design/img/11-guide-rounded-shell.png"], [".cache/scad-project/state/design-entrypoints/6fbc0842f6aab30f.scad", "dsg/openscad/ext/lib.scad.hub75/openscad/p5-64x32-panel/hub75_p5_64x32_panel.scad", "dsg/openscad/project_components/hub75_panel_mating.scad", "dsg/openscad/project_components/middle-coupler/design/design.md", "dsg/openscad/project_components/middle-coupler/hub75_middle_coupler.scad", "dsg/openscad/project_components/middle-coupler/hub75_middle_coupler_render.scad"])
consumer:scad.docs | + xvfb-run -a openscad --enable=object-function --render --projection=o --camera=0.0,0.0,0.0,0.0,0.0,0.0,0.0 --autocenter --viewall --imgsize=640,480 -o /__w/2026-009-01.cad.HUB75-display-frame/2026-009-01.cad.HUB75-display-frame/.cache/scad-project/design-stage/project/openscad/project_components/middle-coupler/design/img/.11-guide-rounded-shell.unwatermarked.png /__w/2026-009-01.cad.HUB75-display-frame/2026-009-01.cad.HUB75-display-frame/.cache/scad-project/state/design-entrypoints/6fbc0842f6aab30f.scad
consumer:scad.docs | Geometries in cache: 28
consumer:scad.docs | Geometry cache size in bytes: 1793168
consumer:scad.docs | CGAL Polyhedrons in cache: 1
consumer:scad.docs | CGAL cache size in bytes: 902000
consumer:scad.docs | Total rendering time: 0:00:00.116
consumer:scad.docs |    Top level object is a 3D object (manifold):
consumer:scad.docs |    Status:     NoError
consumer:scad.docs |    Genus:      -7
consumer:scad.docs |    Vertices:     3608
consumer:scad.docs |    Facets:       7184
consumer:scad.docs | + scad-image-watermark /__w/2026-009-01.cad.HUB75-display-frame/2026-009-01.cad.HUB75-display-frame/.cache/scad-project/design-stage/project/openscad/project_components/middle-coupler/design/img/.11-guide-rounded-shell.unwatermarked.png /__w/2026-009-01.cad.HUB75-display-frame/2026-009-01.cad.HUB75-display-frame/.cache/scad-project/design-stage/project/openscad/project_components/middle-coupler/design/img/11-guide-rounded-shell.png --text © 2026 brainboxemb
consumer:scad.docs | SCons design built: .cache/scad-project/design-stage/project/openscad/project_components/middle-coupler/design/img/11-guide-rounded-shell.png
consumer:scad.docs | _action([".cache/scad-project/design-stage/project/openscad/project_components/middle-coupler/design/img/12-guide-reinforcement-reliefs.png"], [".cache/scad-project/state/design-entrypoints/d7bbb556733d1562.scad", "dsg/openscad/ext/lib.scad.hub75/openscad/p5-64x32-panel/hub75_p5_64x32_panel.scad", "dsg/openscad/project_components/hub75_panel_mating.scad", "dsg/openscad/project_components/middle-coupler/design/design.md", "dsg/openscad/project_components/middle-coupler/hub75_middle_coupler.scad", "dsg/openscad/project_components/middle-coupler/hub75_middle_coupler_render.scad"])
consumer:scad.docs | + xvfb-run -a openscad --enable=object-function --render --projection=o --camera=0.0,0.0,0.0,68.0,0.0,35.0,0.0 --autocenter --viewall --imgsize=640,480 -o /__w/2026-009-01.cad.HUB75-display-frame/2026-009-01.cad.HUB75-display-frame/.cache/scad-project/design-stage/project/openscad/project_components/middle-coupler/design/img/.12-guide-reinforcement-reliefs.unwatermarked.png /__w/2026-009-01.cad.HUB75-display-frame/2026-009-01.cad.HUB75-display-frame/.cache/scad-project/state/design-entrypoints/d7bbb556733d1562.scad
consumer:scad.docs | Geometries in cache: 26
consumer:scad.docs | Geometry cache size in bytes: 1042848
consumer:scad.docs | CGAL Polyhedrons in cache: 3
consumer:scad.docs | CGAL cache size in bytes: 923000
consumer:scad.docs | Total rendering time: 0:00:00.088
consumer:scad.docs |    Top level object is a 3D object (manifold):
consumer:scad.docs |    Status:     NoError
consumer:scad.docs |    Genus:      -3
consumer:scad.docs |    Vertices:     2732
consumer:scad.docs |    Facets:       5448
consumer:scad.docs | + scad-image-watermark /__w/2026-009-01.cad.HUB75-display-frame/2026-009-01.cad.HUB75-display-frame/.cache/scad-project/design-stage/project/openscad/project_components/middle-coupler/design/img/.12-guide-reinforcement-reliefs.unwatermarked.png /__w/2026-009-01.cad.HUB75-display-frame/2026-009-01.cad.HUB75-display-frame/.cache/scad-project/design-stage/project/openscad/project_components/middle-coupler/design/img/12-guide-reinforcement-reliefs.png --text © 2026 brainboxemb
consumer:scad.docs | SCons design built: .cache/scad-project/design-stage/project/openscad/project_components/middle-coupler/design/img/12-guide-reinforcement-reliefs.png
consumer:scad.docs | _action([".cache/scad-project/design-stage/project/openscad/project_components/middle-coupler/design/img/13-guide-reinforcement-detail.png"], [".cache/scad-project/state/design-entrypoints/3fd7b9994fac7f52.scad", "dsg/openscad/ext/lib.scad.hub75/openscad/p5-64x32-panel/hub75_p5_64x32_panel.scad", "dsg/openscad/project_components/hub75_panel_mating.scad", "dsg/openscad/project_components/middle-coupler/design/design.md", "dsg/openscad/project_components/middle-coupler/hub75_middle_coupler.scad", "dsg/openscad/project_components/middle-coupler/hub75_middle_coupler_render.scad"])
consumer:scad.docs | + xvfb-run -a openscad --enable=object-function --render --projection=o --camera=0.0,0.0,0.0,68.0,0.0,35.0,0.0 --autocenter --viewall --imgsize=480,360 -o /__w/2026-009-01.cad.HUB75-display-frame/2026-009-01.cad.HUB75-display-frame/.cache/scad-project/design-stage/project/openscad/project_components/middle-coupler/design/img/.13-guide-reinforcement-detail.unwatermarked.png /__w/2026-009-01.cad.HUB75-display-frame/2026-009-01.cad.HUB75-display-frame/.cache/scad-project/state/design-entrypoints/3fd7b9994fac7f52.scad
consumer:scad.docs | Geometries in cache: 48
consumer:scad.docs | Geometry cache size in bytes: 1140624
consumer:scad.docs | CGAL Polyhedrons in cache: 12
consumer:scad.docs | CGAL cache size in bytes: 1375000
consumer:scad.docs | Total rendering time: 0:00:00.144
consumer:scad.docs |    Top level object is a 3D object (manifold):
consumer:scad.docs |    Status:     NoError
consumer:scad.docs |    Genus:      10
consumer:scad.docs |    Vertices:     1112
consumer:scad.docs |    Facets:       2260
consumer:scad.docs | + scad-image-watermark /__w/2026-009-01.cad.HUB75-display-frame/2026-009-01.cad.HUB75-display-frame/.cache/scad-project/design-stage/project/openscad/project_components/middle-coupler/design/img/.13-guide-reinforcement-detail.unwatermarked.png /__w/2026-009-01.cad.HUB75-display-frame/2026-009-01.cad.HUB75-display-frame/.cache/scad-project/design-stage/project/openscad/project_components/middle-coupler/design/img/13-guide-reinforcement-detail.png --text © 2026 brainboxemb
consumer:scad.docs | SCons design built: .cache/scad-project/design-stage/project/openscad/project_components/middle-coupler/design/img/13-guide-reinforcement-detail.png
consumer:scad.docs | _action([".cache/scad-project/design-stage/project/openscad/project_components/middle-coupler/design/img/14-guides.png"], [".cache/scad-project/state/design-entrypoints/964fa5acb3ed3ef0.scad", "dsg/openscad/ext/lib.scad.hub75/openscad/p5-64x32-panel/hub75_p5_64x32_panel.scad", "dsg/openscad/project_components/hub75_panel_mating.scad", "dsg/openscad/project_components/middle-coupler/design/design.md", "dsg/openscad/project_components/middle-coupler/hub75_middle_coupler.scad", "dsg/openscad/project_components/middle-coupler/hub75_middle_coupler_render.scad"])
consumer:scad.docs | + xvfb-run -a openscad --enable=object-function --render --projection=o --camera=0.0,0.0,0.0,68.0,0.0,35.0,0.0 --autocenter --viewall --imgsize=640,480 -o /__w/2026-009-01.cad.HUB75-display-frame/2026-009-01.cad.HUB75-display-frame/.cache/scad-project/design-stage/project/openscad/project_components/middle-coupler/design/img/.14-guides.unwatermarked.png /__w/2026-009-01.cad.HUB75-display-frame/2026-009-01.cad.HUB75-display-frame/.cache/scad-project/state/design-entrypoints/964fa5acb3ed3ef0.scad
consumer:scad.docs | Geometries in cache: 39
consumer:scad.docs | Geometry cache size in bytes: 1789800
consumer:scad.docs | CGAL Polyhedrons in cache: 12
consumer:scad.docs | CGAL cache size in bytes: 7656250
consumer:scad.docs | Total rendering time: 0:00:00.223
consumer:scad.docs |    Top level object is a 3D object (manifold):
consumer:scad.docs |    Status:     NoError
consumer:scad.docs |    Genus:      2
consumer:scad.docs |    Vertices:     6657
consumer:scad.docs |    Facets:      13318
consumer:scad.docs | + scad-image-watermark /__w/2026-009-01.cad.HUB75-display-frame/2026-009-01.cad.HUB75-display-frame/.cache/scad-project/design-stage/project/openscad/project_components/middle-coupler/design/img/.14-guides.unwatermarked.png /__w/2026-009-01.cad.HUB75-display-frame/2026-009-01.cad.HUB75-display-frame/.cache/scad-project/design-stage/project/openscad/project_components/middle-coupler/design/img/14-guides.png --text © 2026 brainboxemb
consumer:scad.docs | SCons design built: .cache/scad-project/design-stage/project/openscad/project_components/middle-coupler/design/img/14-guides.png
consumer:scad.docs | _action([".cache/scad-project/design-stage/project/openscad/project_components/middle-coupler/design/img/15-reinforcement-locators.png"], [".cache/scad-project/state/design-entrypoints/a10f26e775bb998b.scad", "dsg/openscad/ext/lib.scad.hub75/openscad/p5-64x32-panel/hub75_p5_64x32_panel.scad", "dsg/openscad/project_components/hub75_panel_mating.scad", "dsg/openscad/project_components/middle-coupler/design/design.md", "dsg/openscad/project_components/middle-coupler/hub75_middle_coupler.scad", "dsg/openscad/project_components/middle-coupler/hub75_middle_coupler_render.scad"])
consumer:scad.docs | + xvfb-run -a openscad --enable=object-function --render --projection=o --camera=0.0,0.0,0.0,68.0,0.0,35.0,0.0 --autocenter --viewall --imgsize=640,480 -o /__w/2026-009-01.cad.HUB75-display-frame/2026-009-01.cad.HUB75-display-frame/.cache/scad-project/design-stage/project/openscad/project_components/middle-coupler/design/img/.15-reinforcement-locators.unwatermarked.png /__w/2026-009-01.cad.HUB75-display-frame/2026-009-01.cad.HUB75-display-frame/.cache/scad-project/state/design-entrypoints/a10f26e775bb998b.scad
consumer:scad.docs | Geometries in cache: 45
consumer:scad.docs | Geometry cache size in bytes: 1984440
consumer:scad.docs | CGAL Polyhedrons in cache: 16
consumer:scad.docs | CGAL cache size in bytes: 9447500
consumer:scad.docs | Total rendering time: 0:00:00.235
consumer:scad.docs |    Top level object is a 3D object (manifold):
consumer:scad.docs |    Status:     NoError
consumer:scad.docs |    Genus:      2
consumer:scad.docs |    Vertices:     8193
consumer:scad.docs |    Facets:      16390
consumer:scad.docs | + scad-image-watermark /__w/2026-009-01.cad.HUB75-display-frame/2026-009-01.cad.HUB75-display-frame/.cache/scad-project/design-stage/project/openscad/project_components/middle-coupler/design/img/.15-reinforcement-locators.unwatermarked.png /__w/2026-009-01.cad.HUB75-display-frame/2026-009-01.cad.HUB75-display-frame/.cache/scad-project/design-stage/project/openscad/project_components/middle-coupler/design/img/15-reinforcement-locators.png --text © 2026 brainboxemb
consumer:scad.docs | SCons design built: .cache/scad-project/design-stage/project/openscad/project_components/middle-coupler/design/img/15-reinforcement-locators.png
consumer:scad.docs | _action([".cache/scad-project/design-stage/project/openscad/project_components/middle-coupler/design/img/16-seam-locator.png"], [".cache/scad-project/state/design-entrypoints/fd9fed4b048a4bcb.scad", "dsg/openscad/ext/lib.scad.hub75/openscad/p5-64x32-panel/hub75_p5_64x32_panel.scad", "dsg/openscad/project_components/hub75_panel_mating.scad", "dsg/openscad/project_components/middle-coupler/design/design.md", "dsg/openscad/project_components/middle-coupler/hub75_middle_coupler.scad", "dsg/openscad/project_components/middle-coupler/hub75_middle_coupler_render.scad"])
consumer:scad.docs | + xvfb-run -a openscad --enable=object-function --render --projection=o --camera=0.0,0.0,0.0,68.0,0.0,35.0,0.0 --autocenter --viewall --imgsize=640,480 -o /__w/2026-009-01.cad.HUB75-display-frame/2026-009-01.cad.HUB75-display-frame/.cache/scad-project/design-stage/project/openscad/project_components/middle-coupler/design/img/.16-seam-locator.unwatermarked.png /__w/2026-009-01.cad.HUB75-display-frame/2026-009-01.cad.HUB75-display-frame/.cache/scad-project/state/design-entrypoints/fd9fed4b048a4bcb.scad
consumer:scad.docs | Geometries in cache: 55
consumer:scad.docs | Geometry cache size in bytes: 2217768
consumer:scad.docs | CGAL Polyhedrons in cache: 18
consumer:scad.docs | CGAL cache size in bytes: 10036750
consumer:scad.docs | Total rendering time: 0:00:00.298
consumer:scad.docs |    Top level object is a 3D object (manifold):
consumer:scad.docs |    Status:     NoError
consumer:scad.docs |    Genus:      2
consumer:scad.docs |    Vertices:     8786
consumer:scad.docs |    Facets:      17576
consumer:scad.docs | + scad-image-watermark /__w/2026-009-01.cad.HUB75-display-frame/2026-009-01.cad.HUB75-display-frame/.cache/scad-project/design-stage/project/openscad/project_components/middle-coupler/design/img/.16-seam-locator.unwatermarked.png /__w/2026-009-01.cad.HUB75-display-frame/2026-009-01.cad.HUB75-display-frame/.cache/scad-project/design-stage/project/openscad/project_components/middle-coupler/design/img/16-seam-locator.png --text © 2026 brainboxemb
consumer:scad.docs | SCons design built: .cache/scad-project/design-stage/project/openscad/project_components/middle-coupler/design/img/16-seam-locator.png
consumer:scad.docs | _action([".cache/scad-project/design-stage/project/openscad/project_components/middle-coupler/design/img/17-functional.png"], [".cache/scad-project/state/design-entrypoints/536d21b3282d1204.scad", "dsg/openscad/ext/lib.scad.hub75/openscad/p5-64x32-panel/hub75_p5_64x32_panel.scad", "dsg/openscad/project_components/hub75_panel_mating.scad", "dsg/openscad/project_components/middle-coupler/design/design.md", "dsg/openscad/project_components/middle-coupler/hub75_middle_coupler.scad", "dsg/openscad/project_components/middle-coupler/hub75_middle_coupler_render.scad"])
consumer:scad.docs | + xvfb-run -a openscad --enable=object-function --render --projection=o --camera=0.0,0.0,0.0,68.0,0.0,35.0,0.0 --autocenter --viewall --imgsize=640,480 -o /__w/2026-009-01.cad.HUB75-display-frame/2026-009-01.cad.HUB75-display-frame/.cache/scad-project/design-stage/project/openscad/project_components/middle-coupler/design/img/.17-functional.unwatermarked.png /__w/2026-009-01.cad.HUB75-display-frame/2026-009-01.cad.HUB75-display-frame/.cache/scad-project/state/design-entrypoints/536d21b3282d1204.scad
consumer:scad.docs | Geometries in cache: 55
consumer:scad.docs | Geometry cache size in bytes: 2217768
consumer:scad.docs | CGAL Polyhedrons in cache: 17
consumer:scad.docs | CGAL cache size in bytes: 10037500
consumer:scad.docs | Total rendering time: 0:00:00.327
consumer:scad.docs |    Top level object is a 3D object (manifold):
consumer:scad.docs |    Status:     NoError
consumer:scad.docs |    Genus:      2
consumer:scad.docs |    Vertices:     8785
consumer:scad.docs |    Facets:      17574
consumer:scad.docs | + scad-image-watermark /__w/2026-009-01.cad.HUB75-display-frame/2026-009-01.cad.HUB75-display-frame/.cache/scad-project/design-stage/project/openscad/project_components/middle-coupler/design/img/.17-functional.unwatermarked.png /__w/2026-009-01.cad.HUB75-display-frame/2026-009-01.cad.HUB75-display-frame/.cache/scad-project/design-stage/project/openscad/project_components/middle-coupler/design/img/17-functional.png --text © 2026 brainboxemb
consumer:scad.docs | SCons design built: .cache/scad-project/design-stage/project/openscad/project_components/middle-coupler/design/img/17-functional.png
consumer:scad.docs | _action([".cache/scad-project/design-stage/project/openscad/project_components/middle-coupler/design/img/18-reference-pockets.png"], [".cache/scad-project/state/design-entrypoints/f556e0677d0d1ec2.scad", "dsg/openscad/ext/lib.scad.hub75/openscad/p5-64x32-panel/hub75_p5_64x32_panel.scad", "dsg/openscad/project_components/hub75_panel_mating.scad", "dsg/openscad/project_components/middle-coupler/design/design.md", "dsg/openscad/project_components/middle-coupler/hub75_middle_coupler.scad", "dsg/openscad/project_components/middle-coupler/hub75_middle_coupler_render.scad"])
consumer:scad.docs | + xvfb-run -a openscad --enable=object-function --render --projection=o --camera=0.0,0.0,0.0,68.0,0.0,215.0,0.0 --autocenter --viewall --imgsize=640,480 -o /__w/2026-009-01.cad.HUB75-display-frame/2026-009-01.cad.HUB75-display-frame/.cache/scad-project/design-stage/project/openscad/project_components/middle-coupler/design/img/.18-reference-pockets.unwatermarked.png /__w/2026-009-01.cad.HUB75-display-frame/2026-009-01.cad.HUB75-display-frame/.cache/scad-project/state/design-entrypoints/f556e0677d0d1ec2.scad
consumer:scad.docs | Geometries in cache: 65
consumer:scad.docs | Geometry cache size in bytes: 2760992
consumer:scad.docs | CGAL Polyhedrons in cache: 46
consumer:scad.docs | CGAL cache size in bytes: 33737750
consumer:scad.docs | Total rendering time: 0:00:00.830
consumer:scad.docs |    Top level object is a 3D object (manifold):
consumer:scad.docs |    Status:     NoError
consumer:scad.docs |    Genus:      2
consumer:scad.docs |    Vertices:    14929
consumer:scad.docs |    Facets:      29862
consumer:scad.docs | + scad-image-watermark /__w/2026-009-01.cad.HUB75-display-frame/2026-009-01.cad.HUB75-display-frame/.cache/scad-project/design-stage/project/openscad/project_components/middle-coupler/design/img/.18-reference-pockets.unwatermarked.png /__w/2026-009-01.cad.HUB75-display-frame/2026-009-01.cad.HUB75-display-frame/.cache/scad-project/design-stage/project/openscad/project_components/middle-coupler/design/img/18-reference-pockets.png --text © 2026 brainboxemb
consumer:scad.docs | SCons design built: .cache/scad-project/design-stage/project/openscad/project_components/middle-coupler/design/img/18-reference-pockets.png
consumer:scad.docs | _action([".cache/scad-project/design-stage/project/openscad/project_components/middle-coupler/design/img/19-center-marks.png"], [".cache/scad-project/state/design-entrypoints/03544efca5482ba4.scad", "dsg/openscad/ext/lib.scad.hub75/openscad/p5-64x32-panel/hub75_p5_64x32_panel.scad", "dsg/openscad/project_components/hub75_panel_mating.scad", "dsg/openscad/project_components/middle-coupler/design/design.md", "dsg/openscad/project_components/middle-coupler/hub75_middle_coupler.scad", "dsg/openscad/project_components/middle-coupler/hub75_middle_coupler_render.scad"])
consumer:scad.docs | + xvfb-run -a openscad --enable=object-function --render --projection=o --camera=0.0,0.0,0.0,68.0,0.0,215.0,0.0 --autocenter --viewall --imgsize=640,480 -o /__w/2026-009-01.cad.HUB75-display-frame/2026-009-01.cad.HUB75-display-frame/.cache/scad-project/design-stage/project/openscad/project_components/middle-coupler/design/img/.19-center-marks.unwatermarked.png /__w/2026-009-01.cad.HUB75-display-frame/2026-009-01.cad.HUB75-display-frame/.cache/scad-project/state/design-entrypoints/03544efca5482ba4.scad
consumer:scad.docs | Geometries in cache: 116
consumer:scad.docs | Geometry cache size in bytes: 2227856
consumer:scad.docs | CGAL Polyhedrons in cache: 46
consumer:scad.docs | CGAL cache size in bytes: 27631000
consumer:scad.docs | Total rendering time: 0:00:00.608
consumer:scad.docs |    Top level object is a 3D object (manifold):
consumer:scad.docs |    Status:     NoError
consumer:scad.docs |    Genus:      2
consumer:scad.docs |    Vertices:    14332
consumer:scad.docs |    Facets:      28668
consumer:scad.docs | + scad-image-watermark /__w/2026-009-01.cad.HUB75-display-frame/2026-009-01.cad.HUB75-display-frame/.cache/scad-project/design-stage/project/openscad/project_components/middle-coupler/design/img/.19-center-marks.unwatermarked.png /__w/2026-009-01.cad.HUB75-display-frame/2026-009-01.cad.HUB75-display-frame/.cache/scad-project/design-stage/project/openscad/project_components/middle-coupler/design/img/19-center-marks.png --text © 2026 brainboxemb
consumer:scad.docs | SCons design built: .cache/scad-project/design-stage/project/openscad/project_components/middle-coupler/design/img/19-center-marks.png
consumer:scad.docs | _action([".cache/scad-project/design-stage/project/openscad/project_components/middle-coupler/design/img/20-final.png"], [".cache/scad-project/state/design-entrypoints/b0e46ebfc8d3270f.scad", "dsg/openscad/ext/lib.scad.hub75/openscad/p5-64x32-panel/hub75_p5_64x32_panel.scad", "dsg/openscad/project_components/hub75_panel_mating.scad", "dsg/openscad/project_components/middle-coupler/design/design.md", "dsg/openscad/project_components/middle-coupler/hub75_middle_coupler.scad", "dsg/openscad/project_components/middle-coupler/hub75_middle_coupler_render.scad"])
consumer:scad.docs | + xvfb-run -a openscad --enable=object-function --render --projection=o --camera=0.0,0.0,0.0,68.0,0.0,35.0,0.0 --autocenter --viewall --imgsize=640,480 -o /__w/2026-009-01.cad.HUB75-display-frame/2026-009-01.cad.HUB75-display-frame/.cache/scad-project/design-stage/project/openscad/project_components/middle-coupler/design/img/.20-final.unwatermarked.png /__w/2026-009-01.cad.HUB75-display-frame/2026-009-01.cad.HUB75-display-frame/.cache/scad-project/state/design-entrypoints/b0e46ebfc8d3270f.scad
consumer:scad.docs | Geometries in cache: 115
consumer:scad.docs | Geometry cache size in bytes: 2853384
consumer:scad.docs | CGAL Polyhedrons in cache: 45
consumer:scad.docs | CGAL cache size in bytes: 37183000
consumer:scad.docs | Total rendering time: 0:00:00.720
consumer:scad.docs |    Top level object is a 3D object (manifold):
consumer:scad.docs |    Status:     NoError
consumer:scad.docs |    Genus:      2
consumer:scad.docs |    Vertices:    21291
consumer:scad.docs |    Facets:      42586
consumer:scad.docs | + scad-image-watermark /__w/2026-009-01.cad.HUB75-display-frame/2026-009-01.cad.HUB75-display-frame/.cache/scad-project/design-stage/project/openscad/project_components/middle-coupler/design/img/.20-final.unwatermarked.png /__w/2026-009-01.cad.HUB75-display-frame/2026-009-01.cad.HUB75-display-frame/.cache/scad-project/design-stage/project/openscad/project_components/middle-coupler/design/img/20-final.png --text © 2026 brainboxemb
consumer:scad.docs | SCons design built: .cache/scad-project/design-stage/project/openscad/project_components/middle-coupler/design/img/20-final.png
consumer:scad.docs | SCons design summary: targets=68 built=68 cache-restored=0 current=0 error=0
consumer:scad.docs |   built: .cache/scad-project/design-stage/project/openscad/project_components/corner-edge-coupler/design/img/01-mating-reference.png
consumer:scad.docs |   built: .cache/scad-project/design-stage/project/openscad/project_components/corner-edge-coupler/design/img/02-profile-horizontal-arm.png
consumer:scad.docs |   built: .cache/scad-project/design-stage/project/openscad/project_components/corner-edge-coupler/design/img/03-profile-vertical-arm.png
consumer:scad.docs |   built: .cache/scad-project/design-stage/project/openscad/project_components/corner-edge-coupler/design/img/04-profile-raw-cross.png
consumer:scad.docs |   built: .cache/scad-project/design-stage/project/openscad/project_components/corner-edge-coupler/design/img/05-profile-rounded.png
consumer:scad.docs |   built: .cache/scad-project/design-stage/project/openscad/project_components/corner-edge-coupler/design/img/06-reinforcement-support-profile.png
consumer:scad.docs |   built: .cache/scad-project/design-stage/project/openscad/project_components/corner-edge-coupler/design/img/07-base.png
consumer:scad.docs |   built: .cache/scad-project/design-stage/project/openscad/project_components/corner-edge-coupler/design/img/08-screw-hole.png
consumer:scad.docs |   built: .cache/scad-project/design-stage/project/openscad/project_components/corner-edge-coupler/design/img/09-tube-pocket.png
consumer:scad.docs |   built: .cache/scad-project/design-stage/project/openscad/project_components/corner-edge-coupler/design/img/10-locator-pin-clearance.png
consumer:scad.docs |   built: .cache/scad-project/design-stage/project/openscad/project_components/corner-edge-coupler/design/img/11-guide-keepout.png
consumer:scad.docs |   built: .cache/scad-project/design-stage/project/openscad/project_components/corner-edge-coupler/design/img/12-guide-raw-shell.png
consumer:scad.docs |   built: .cache/scad-project/design-stage/project/openscad/project_components/corner-edge-coupler/design/img/13-guide-end-mask.png
consumer:scad.docs |   built: .cache/scad-project/design-stage/project/openscad/project_components/corner-edge-coupler/design/img/14-guide-zones.png
consumer:scad.docs |   built: .cache/scad-project/design-stage/project/openscad/project_components/corner-edge-coupler/design/img/15-guide-taper.png
consumer:scad.docs |   built: .cache/scad-project/design-stage/project/openscad/project_components/corner-edge-coupler/design/img/16-guide-reinforcement-relief.png
consumer:scad.docs |   built: .cache/scad-project/design-stage/project/openscad/project_components/corner-edge-coupler/design/img/17-guide-reinforcement-detail.png
consumer:scad.docs |   built: .cache/scad-project/design-stage/project/openscad/project_components/corner-edge-coupler/design/img/18-guides.png
consumer:scad.docs |   built: .cache/scad-project/design-stage/project/openscad/project_components/corner-edge-coupler/design/img/19-reinforcement-locator.png
consumer:scad.docs |   built: .cache/scad-project/design-stage/project/openscad/project_components/corner-edge-coupler/design/img/20-functional.png
consumer:scad.docs |   built: .cache/scad-project/design-stage/project/openscad/project_components/corner-edge-coupler/design/img/21-reference-pockets.png
consumer:scad.docs |   built: .cache/scad-project/design-stage/project/openscad/project_components/corner-edge-coupler/design/img/22-center-marks.png
consumer:scad.docs |   built: .cache/scad-project/design-stage/project/openscad/project_components/corner-edge-coupler/design/img/23-final.png
consumer:scad.docs |   built: .cache/scad-project/design-stage/project/openscad/project_components/corner-edge-coupler/design/img/24-right-final.png
consumer:scad.docs |   built: .cache/scad-project/design-stage/project/openscad/project_components/horizontal-edge-coupler/design/img/01-mating-reference.png
consumer:scad.docs |   built: .cache/scad-project/design-stage/project/openscad/project_components/horizontal-edge-coupler/design/img/02-profile-horizontal-arm.png
consumer:scad.docs |   built: .cache/scad-project/design-stage/project/openscad/project_components/horizontal-edge-coupler/design/img/03-profile-vertical-arm.png
consumer:scad.docs |   built: .cache/scad-project/design-stage/project/openscad/project_components/horizontal-edge-coupler/design/img/04-profile-raw-cross.png
consumer:scad.docs |   built: .cache/scad-project/design-stage/project/openscad/project_components/horizontal-edge-coupler/design/img/05-profile-rounded-cross.png
consumer:scad.docs |   built: .cache/scad-project/design-stage/project/openscad/project_components/horizontal-edge-coupler/design/img/06-profile-t.png
consumer:scad.docs |   built: .cache/scad-project/design-stage/project/openscad/project_components/horizontal-edge-coupler/design/img/07-reinforcement-support-profile.png
consumer:scad.docs |   built: .cache/scad-project/design-stage/project/openscad/project_components/horizontal-edge-coupler/design/img/08-screw-holes.png
consumer:scad.docs |   built: .cache/scad-project/design-stage/project/openscad/project_components/horizontal-edge-coupler/design/img/09-tube-pockets.png
consumer:scad.docs |   built: .cache/scad-project/design-stage/project/openscad/project_components/horizontal-edge-coupler/design/img/10-locator-pin-clearance.png
consumer:scad.docs |   built: .cache/scad-project/design-stage/project/openscad/project_components/horizontal-edge-coupler/design/img/11-guide-keepout.png
consumer:scad.docs |   built: .cache/scad-project/design-stage/project/openscad/project_components/horizontal-edge-coupler/design/img/12-guide-raw-shell.png
consumer:scad.docs |   built: .cache/scad-project/design-stage/project/openscad/project_components/horizontal-edge-coupler/design/img/13-guide-rounded-shell.png
consumer:scad.docs |   built: .cache/scad-project/design-stage/project/openscad/project_components/horizontal-edge-coupler/design/img/14-guide-zones.png
consumer:scad.docs |   built: .cache/scad-project/design-stage/project/openscad/project_components/horizontal-edge-coupler/design/img/15-guide-outer-taper.png
consumer:scad.docs |   built: .cache/scad-project/design-stage/project/openscad/project_components/horizontal-edge-coupler/design/img/16-guide-reinforcement-reliefs.png
consumer:scad.docs |   built: .cache/scad-project/design-stage/project/openscad/project_components/horizontal-edge-coupler/design/img/17-guide-reinforcement-detail.png
consumer:scad.docs |   built: .cache/scad-project/design-stage/project/openscad/project_components/horizontal-edge-coupler/design/img/18-guides.png
consumer:scad.docs |   built: .cache/scad-project/design-stage/project/openscad/project_components/horizontal-edge-coupler/design/img/19-reinforcement-locators.png
consumer:scad.docs |   built: .cache/scad-project/design-stage/project/openscad/project_components/horizontal-edge-coupler/design/img/20-seam-locator.png
consumer:scad.docs |   built: .cache/scad-project/design-stage/project/openscad/project_components/horizontal-edge-coupler/design/img/21-functional.png
consumer:scad.docs |   built: .cache/scad-project/design-stage/project/openscad/project_components/horizontal-edge-coupler/design/img/22-reference-pockets.png
consumer:scad.docs |   built: .cache/scad-project/design-stage/project/openscad/project_components/horizontal-edge-coupler/design/img/23-center-marks.png
consumer:scad.docs |   built: .cache/scad-project/design-stage/project/openscad/project_components/horizontal-edge-coupler/design/img/24-final.png
consumer:scad.docs |   built: .cache/scad-project/design-stage/project/openscad/project_components/middle-coupler/design/img/01-mating-reference.png
consumer:scad.docs |   built: .cache/scad-project/design-stage/project/openscad/project_components/middle-coupler/design/img/02-profile-horizontal-arm.png
consumer:scad.docs |   built: .cache/scad-project/design-stage/project/openscad/project_components/middle-coupler/design/img/03-profile-vertical-arm.png
consumer:scad.docs |   built: .cache/scad-project/design-stage/project/openscad/project_components/middle-coupler/design/img/04-profile-raw-plus.png
consumer:scad.docs |   built: .cache/scad-project/design-stage/project/openscad/project_components/middle-coupler/design/img/05-profile-rounded.png
consumer:scad.docs |   built: .cache/scad-project/design-stage/project/openscad/project_components/middle-coupler/design/img/06-base.png
consumer:scad.docs |   built: .cache/scad-project/design-stage/project/openscad/project_components/middle-coupler/design/img/07-screw-holes.png
consumer:scad.docs |   built: .cache/scad-project/design-stage/project/openscad/project_components/middle-coupler/design/img/08-tube-pockets.png
consumer:scad.docs |   built: .cache/scad-project/design-stage/project/openscad/project_components/middle-coupler/design/img/09-guide-keepout.png
consumer:scad.docs |   built: .cache/scad-project/design-stage/project/openscad/project_components/middle-coupler/design/img/10-guide-raw-shell.png
consumer:scad.docs |   built: .cache/scad-project/design-stage/project/openscad/project_components/middle-coupler/design/img/11-guide-rounded-shell.png
consumer:scad.docs |   built: .cache/scad-project/design-stage/project/openscad/project_components/middle-coupler/design/img/12-guide-reinforcement-reliefs.png
consumer:scad.docs |   built: .cache/scad-project/design-stage/project/openscad/project_components/middle-coupler/design/img/13-guide-reinforcement-detail.png
consumer:scad.docs |   built: .cache/scad-project/design-stage/project/openscad/project_components/middle-coupler/design/img/14-guides.png
consumer:scad.docs |   built: .cache/scad-project/design-stage/project/openscad/project_components/middle-coupler/design/img/15-reinforcement-locators.png
consumer:scad.docs |   built: .cache/scad-project/design-stage/project/openscad/project_components/middle-coupler/design/img/16-seam-locator.png
consumer:scad.docs |   built: .cache/scad-project/design-stage/project/openscad/project_components/middle-coupler/design/img/17-functional.png
consumer:scad.docs |   built: .cache/scad-project/design-stage/project/openscad/project_components/middle-coupler/design/img/18-reference-pockets.png
consumer:scad.docs |   built: .cache/scad-project/design-stage/project/openscad/project_components/middle-coupler/design/img/19-center-marks.png
consumer:scad.docs |   built: .cache/scad-project/design-stage/project/openscad/project_components/middle-coupler/design/img/20-final.png
consumer:scad.docs | Generated design documentation: bld/design
consumer:scad.docs | design build: OK
▮▮▮▮ consumer:scad.docs (30s 565ms, 07a7782f)
consumer:scad.build | SCons build engine: 32 target(s), cache=/__w/2026-009-01.cad.HUB75-display-frame/2026-009-01.cad.HUB75-display-frame/.cache/scad-project/scons
consumer:scad.build | + scons -Q -f /__w/2026-009-01.cad.HUB75-display-frame/2026-009-01.cad.HUB75-display-frame/tools/tool.scad-project/src/scad_project/scons_driver.py SCAD_PROJECT_MANIFEST=/__w/2026-009-01.cad.HUB75-display-frame/2026-009-01.cad.HUB75-display-frame/.cache/scad-project/state/build-manifest.json
consumer:scad.build | _action(["bld/png/corner-edge-coupler-left-small.png"], ["dsg/openscad/render/corner-edge-coupler-left.scad", "dsg/openscad/project_components/corner-edge-coupler/hub75_corner_edge_coupler.scad", "dsg/openscad/ext/lib.scad.hub75/openscad/p5-64x32-panel/hub75_p5_64x32_panel.scad", "dsg/openscad/project_components/hub75_panel_mating.scad"])
consumer:scad.build | + xvfb-run -a openscad --enable=object-function --render --projection=o -D size="small" --autocenter --viewall --imgsize=2560,1440 -o /__w/2026-009-01.cad.HUB75-display-frame/2026-009-01.cad.HUB75-display-frame/bld/png/.corner-edge-coupler-left-small.unwatermarked.png /__w/2026-009-01.cad.HUB75-display-frame/2026-009-01.cad.HUB75-display-frame/dsg/openscad/render/corner-edge-coupler-left.scad
consumer:scad.build | WARNING: Viewall and autocenter disabled in favor of $vp*
consumer:scad.build | Geometries in cache: 118
consumer:scad.build | Geometry cache size in bytes: 2272856
consumer:scad.build | CGAL Polyhedrons in cache: 44
consumer:scad.build | CGAL cache size in bytes: 22308250
consumer:scad.build | Total rendering time: 0:00:00.642
consumer:scad.build |    Top level object is a 3D object (manifold):
consumer:scad.build |    Status:     NoError
consumer:scad.build |    Genus:      1
consumer:scad.build |    Vertices:     5620
consumer:scad.build |    Facets:      11240
consumer:scad.build | + scad-image-watermark /__w/2026-009-01.cad.HUB75-display-frame/2026-009-01.cad.HUB75-display-frame/bld/png/.corner-edge-coupler-left-small.unwatermarked.png /__w/2026-009-01.cad.HUB75-display-frame/2026-009-01.cad.HUB75-display-frame/bld/png/corner-edge-coupler-left-small.png --text © 2026 brainboxemb
consumer:scad.build | SCons built: bld/png/corner-edge-coupler-left-small.png
consumer:scad.build | _action(["bld/png/corner-edge-coupler-left-medium.png"], ["dsg/openscad/render/corner-edge-coupler-left.scad", "dsg/openscad/project_components/corner-edge-coupler/hub75_corner_edge_coupler.scad", "dsg/openscad/ext/lib.scad.hub75/openscad/p5-64x32-panel/hub75_p5_64x32_panel.scad", "dsg/openscad/project_components/hub75_panel_mating.scad"])
consumer:scad.build | + xvfb-run -a openscad --enable=object-function --render --projection=o -D size="medium" --autocenter --viewall --imgsize=2560,1440 -o /__w/2026-009-01.cad.HUB75-display-frame/2026-009-01.cad.HUB75-display-frame/bld/png/.corner-edge-coupler-left-medium.unwatermarked.png /__w/2026-009-01.cad.HUB75-display-frame/2026-009-01.cad.HUB75-display-frame/dsg/openscad/render/corner-edge-coupler-left.scad
consumer:scad.build | WARNING: Viewall and autocenter disabled in favor of $vp*
consumer:scad.build | Geometries in cache: 126
consumer:scad.build | Geometry cache size in bytes: 2318056
consumer:scad.build | CGAL Polyhedrons in cache: 44
consumer:scad.build | CGAL cache size in bytes: 24010750
consumer:scad.build | Total rendering time: 0:00:00.810
consumer:scad.build |    Top level object is a 3D object (manifold):
consumer:scad.build |    Status:     NoError
consumer:scad.build |    Genus:      1
consumer:scad.build |    Vertices:     7307
consumer:scad.build |    Facets:      14614
consumer:scad.build | + scad-image-watermark /__w/2026-009-01.cad.HUB75-display-frame/2026-009-01.cad.HUB75-display-frame/bld/png/.corner-edge-coupler-left-medium.unwatermarked.png /__w/2026-009-01.cad.HUB75-display-frame/2026-009-01.cad.HUB75-display-frame/bld/png/corner-edge-coupler-left-medium.png --text © 2026 brainboxemb
consumer:scad.build | SCons built: bld/png/corner-edge-coupler-left-medium.png
consumer:scad.build | _action(["bld/png/corner-edge-coupler-left-large.png"], ["dsg/openscad/render/corner-edge-coupler-left.scad", "dsg/openscad/project_components/corner-edge-coupler/hub75_corner_edge_coupler.scad", "dsg/openscad/ext/lib.scad.hub75/openscad/p5-64x32-panel/hub75_p5_64x32_panel.scad", "dsg/openscad/project_components/hub75_panel_mating.scad"])
consumer:scad.build | + xvfb-run -a openscad --enable=object-function --render --projection=o -D size="large" --autocenter --viewall --imgsize=2560,1440 -o /__w/2026-009-01.cad.HUB75-display-frame/2026-009-01.cad.HUB75-display-frame/bld/png/.corner-edge-coupler-left-large.unwatermarked.png /__w/2026-009-01.cad.HUB75-display-frame/2026-009-01.cad.HUB75-display-frame/dsg/openscad/render/corner-edge-coupler-left.scad
consumer:scad.build | WARNING: Viewall and autocenter disabled in favor of $vp*
consumer:scad.build | Geometries in cache: 134
consumer:scad.build | Geometry cache size in bytes: 2376904
consumer:scad.build | CGAL Polyhedrons in cache: 44
consumer:scad.build | CGAL cache size in bytes: 26055500
consumer:scad.build | Total rendering time: 0:00:00.711
consumer:scad.build |    Top level object is a 3D object (manifold):
consumer:scad.build |    Status:     NoError
consumer:scad.build |    Genus:      1
consumer:scad.build |    Vertices:     9533
consumer:scad.build |    Facets:      19066
consumer:scad.build | + scad-image-watermark /__w/2026-009-01.cad.HUB75-display-frame/2026-009-01.cad.HUB75-display-frame/bld/png/.corner-edge-coupler-left-large.unwatermarked.png /__w/2026-009-01.cad.HUB75-display-frame/2026-009-01.cad.HUB75-display-frame/bld/png/corner-edge-coupler-left-large.png --text © 2026 brainboxemb
consumer:scad.build | SCons built: bld/png/corner-edge-coupler-left-large.png
consumer:scad.build | _action(["bld/png/corner-edge-coupler-right-small.png"], ["dsg/openscad/render/corner-edge-coupler-right.scad", "dsg/openscad/project_components/corner-edge-coupler/hub75_corner_edge_coupler.scad", "dsg/openscad/ext/lib.scad.hub75/openscad/p5-64x32-panel/hub75_p5_64x32_panel.scad", "dsg/openscad/project_components/hub75_panel_mating.scad"])
consumer:scad.build | + xvfb-run -a openscad --enable=object-function --render --projection=o -D size="small" --autocenter --viewall --imgsize=2560,1440 -o /__w/2026-009-01.cad.HUB75-display-frame/2026-009-01.cad.HUB75-display-frame/bld/png/.corner-edge-coupler-right-small.unwatermarked.png /__w/2026-009-01.cad.HUB75-display-frame/2026-009-01.cad.HUB75-display-frame/dsg/openscad/render/corner-edge-coupler-right.scad
consumer:scad.build | WARNING: Viewall and autocenter disabled in favor of $vp*
consumer:scad.build | Geometries in cache: 112
consumer:scad.build | Geometry cache size in bytes: 2045776
consumer:scad.build | CGAL Polyhedrons in cache: 41
consumer:scad.build | CGAL cache size in bytes: 21415000
consumer:scad.build | Total rendering time: 0:00:00.628
consumer:scad.build |    Top level object is a 3D object (manifold):
consumer:scad.build |    Status:     NoError
consumer:scad.build |    Genus:      1
consumer:scad.build |    Vertices:     5588
consumer:scad.build |    Facets:      11176
consumer:scad.build | + scad-image-watermark /__w/2026-009-01.cad.HUB75-display-frame/2026-009-01.cad.HUB75-display-frame/bld/png/.corner-edge-coupler-right-small.unwatermarked.png /__w/2026-009-01.cad.HUB75-display-frame/2026-009-01.cad.HUB75-display-frame/bld/png/corner-edge-coupler-right-small.png --text © 2026 brainboxemb
consumer:scad.build | SCons built: bld/png/corner-edge-coupler-right-small.png
consumer:scad.build | _action(["bld/png/corner-edge-coupler-right-medium.png"], ["dsg/openscad/render/corner-edge-coupler-right.scad", "dsg/openscad/project_components/corner-edge-coupler/hub75_corner_edge_coupler.scad", "dsg/openscad/ext/lib.scad.hub75/openscad/p5-64x32-panel/hub75_p5_64x32_panel.scad", "dsg/openscad/project_components/hub75_panel_mating.scad"])
consumer:scad.build | + xvfb-run -a openscad --enable=object-function --render --projection=o -D size="medium" --autocenter --viewall --imgsize=2560,1440 -o /__w/2026-009-01.cad.HUB75-display-frame/2026-009-01.cad.HUB75-display-frame/bld/png/.corner-edge-coupler-right-medium.unwatermarked.png /__w/2026-009-01.cad.HUB75-display-frame/2026-009-01.cad.HUB75-display-frame/dsg/openscad/render/corner-edge-coupler-right.scad
consumer:scad.build | WARNING: Viewall and autocenter disabled in favor of $vp*
consumer:scad.build | Geometries in cache: 120
consumer:scad.build | Geometry cache size in bytes: 2090976
consumer:scad.build | CGAL Polyhedrons in cache: 41
consumer:scad.build | CGAL cache size in bytes: 23103250
consumer:scad.build | Total rendering time: 0:00:00.717
consumer:scad.build |    Top level object is a 3D object (manifold):
consumer:scad.build |    Status:     NoError
consumer:scad.build |    Genus:      1
consumer:scad.build |    Vertices:     7253
consumer:scad.build |    Facets:      14506
consumer:scad.build | + scad-image-watermark /__w/2026-009-01.cad.HUB75-display-frame/2026-009-01.cad.HUB75-display-frame/bld/png/.corner-edge-coupler-right-medium.unwatermarked.png /__w/2026-009-01.cad.HUB75-display-frame/2026-009-01.cad.HUB75-display-frame/bld/png/corner-edge-coupler-right-medium.png --text © 2026 brainboxemb
consumer:scad.build | SCons built: bld/png/corner-edge-coupler-right-medium.png
consumer:scad.build | _action(["bld/png/corner-edge-coupler-right-large.png"], ["dsg/openscad/render/corner-edge-coupler-right.scad", "dsg/openscad/project_components/corner-edge-coupler/hub75_corner_edge_coupler.scad", "dsg/openscad/ext/lib.scad.hub75/openscad/p5-64x32-panel/hub75_p5_64x32_panel.scad", "dsg/openscad/project_components/hub75_panel_mating.scad"])
consumer:scad.build | + xvfb-run -a openscad --enable=object-function --render --projection=o -D size="large" --autocenter --viewall --imgsize=2560,1440 -o /__w/2026-009-01.cad.HUB75-display-frame/2026-009-01.cad.HUB75-display-frame/bld/png/.corner-edge-coupler-right-large.unwatermarked.png /__w/2026-009-01.cad.HUB75-display-frame/2026-009-01.cad.HUB75-display-frame/dsg/openscad/render/corner-edge-coupler-right.scad
consumer:scad.build | WARNING: Viewall and autocenter disabled in favor of $vp*
consumer:scad.build | Geometries in cache: 128
consumer:scad.build | Geometry cache size in bytes: 2149824
consumer:scad.build | CGAL Polyhedrons in cache: 41
consumer:scad.build | CGAL cache size in bytes: 24657000
consumer:scad.build | Total rendering time: 0:00:00.690
consumer:scad.build |    Top level object is a 3D object (manifold):
consumer:scad.build |    Status:     NoError
consumer:scad.build |    Genus:      1
consumer:scad.build |    Vertices:     8887
consumer:scad.build |    Facets:      17774
consumer:scad.build | + scad-image-watermark /__w/2026-009-01.cad.HUB75-display-frame/2026-009-01.cad.HUB75-display-frame/bld/png/.corner-edge-coupler-right-large.unwatermarked.png /__w/2026-009-01.cad.HUB75-display-frame/2026-009-01.cad.HUB75-display-frame/bld/png/corner-edge-coupler-right-large.png --text © 2026 brainboxemb
consumer:scad.build | SCons built: bld/png/corner-edge-coupler-right-large.png
consumer:scad.build | _action(["bld/png/front-angled.png"], ["dsg/openscad/render/front-angled.scad", "dsg/openscad/assemblies/panels_assembly.scad", "dsg/openscad/ext/lib.scad.hub75/openscad/p5-64x32-panel/hub75_p5_64x32_panel.scad"])
consumer:scad.build | + xvfb-run -a openscad --enable=object-function --render --projection=o --autocenter --viewall --imgsize=2560,1440 -o /__w/2026-009-01.cad.HUB75-display-frame/2026-009-01.cad.HUB75-display-frame/bld/png/.front-angled.unwatermarked.png /__w/2026-009-01.cad.HUB75-display-frame/2026-009-01.cad.HUB75-display-frame/dsg/openscad/render/front-angled.scad
consumer:scad.build | WARNING: Viewall and autocenter disabled in favor of $vp*
consumer:scad.build | Geometries in cache: 176
consumer:scad.build | Geometry cache size in bytes: 980192
consumer:scad.build | CGAL Polyhedrons in cache: 45
consumer:scad.build | CGAL cache size in bytes: 26536500
consumer:scad.build | Total rendering time: 0:00:00.512
consumer:scad.build |    Top level object is a 3D object (manifold):
consumer:scad.build |    Status:     NoError
consumer:scad.build |    Genus:      -19
consumer:scad.build |    Vertices:    26825
consumer:scad.build |    Facets:      53570
consumer:scad.build | + scad-image-watermark /__w/2026-009-01.cad.HUB75-display-frame/2026-009-01.cad.HUB75-display-frame/bld/png/.front-angled.unwatermarked.png /__w/2026-009-01.cad.HUB75-display-frame/2026-009-01.cad.HUB75-display-frame/bld/png/front-angled.png --text © 2026 brainboxemb
consumer:scad.build | SCons built: bld/png/front-angled.png
consumer:scad.build | _action(["bld/png/front.png"], ["dsg/openscad/render/front.scad", "dsg/openscad/assemblies/panels_assembly.scad", "dsg/openscad/ext/lib.scad.hub75/openscad/p5-64x32-panel/hub75_p5_64x32_panel.scad"])
consumer:scad.build | + xvfb-run -a openscad --enable=object-function --render --projection=o --autocenter --viewall --imgsize=2560,1440 -o /__w/2026-009-01.cad.HUB75-display-frame/2026-009-01.cad.HUB75-display-frame/bld/png/.front.unwatermarked.png /__w/2026-009-01.cad.HUB75-display-frame/2026-009-01.cad.HUB75-display-frame/dsg/openscad/render/front.scad
consumer:scad.build | WARNING: Viewall and autocenter disabled in favor of $vp*
consumer:scad.build | Geometries in cache: 176
consumer:scad.build | Geometry cache size in bytes: 980192
consumer:scad.build | CGAL Polyhedrons in cache: 45
consumer:scad.build | CGAL cache size in bytes: 26536500
consumer:scad.build | Total rendering time: 0:00:00.444
consumer:scad.build |    Top level object is a 3D object (manifold):
consumer:scad.build |    Status:     NoError
consumer:scad.build |    Genus:      -19
consumer:scad.build |    Vertices:    26825
consumer:scad.build |    Facets:      53570
consumer:scad.build | + scad-image-watermark /__w/2026-009-01.cad.HUB75-display-frame/2026-009-01.cad.HUB75-display-frame/bld/png/.front.unwatermarked.png /__w/2026-009-01.cad.HUB75-display-frame/2026-009-01.cad.HUB75-display-frame/bld/png/front.png --text © 2026 brainboxemb
consumer:scad.build | SCons built: bld/png/front.png
consumer:scad.build | _action(["bld/png/horizontal-edge-coupler-small.png"], ["dsg/openscad/render/horizontal-edge-coupler.scad", "dsg/openscad/project_components/horizontal-edge-coupler/hub75_horizontal_edge_coupler.scad", "dsg/openscad/ext/lib.scad.hub75/openscad/p5-64x32-panel/hub75_p5_64x32_panel.scad", "dsg/openscad/project_components/hub75_panel_mating.scad"])
consumer:scad.build | + xvfb-run -a openscad --enable=object-function --render --projection=o -D size="small" --autocenter --viewall --imgsize=2560,1440 -o /__w/2026-009-01.cad.HUB75-display-frame/2026-009-01.cad.HUB75-display-frame/bld/png/.horizontal-edge-coupler-small.unwatermarked.png /__w/2026-009-01.cad.HUB75-display-frame/2026-009-01.cad.HUB75-display-frame/dsg/openscad/render/horizontal-edge-coupler.scad
consumer:scad.build | WARNING: Viewall and autocenter disabled in favor of $vp*
consumer:scad.build | Geometries in cache: 137
consumer:scad.build | Geometry cache size in bytes: 2770928
consumer:scad.build | CGAL Polyhedrons in cache: 46
consumer:scad.build | CGAL cache size in bytes: 25307250
consumer:scad.build | Total rendering time: 0:00:00.689
consumer:scad.build |    Top level object is a 3D object (manifold):
consumer:scad.build |    Status:     NoError
consumer:scad.build |    Genus:      2
consumer:scad.build |    Vertices:    10394
consumer:scad.build |    Facets:      20792
consumer:scad.build | + scad-image-watermark /__w/2026-009-01.cad.HUB75-display-frame/2026-009-01.cad.HUB75-display-frame/bld/png/.horizontal-edge-coupler-small.unwatermarked.png /__w/2026-009-01.cad.HUB75-display-frame/2026-009-01.cad.HUB75-display-frame/bld/png/horizontal-edge-coupler-small.png --text © 2026 brainboxemb
consumer:scad.build | SCons built: bld/png/horizontal-edge-coupler-small.png
consumer:scad.build | _action(["bld/png/horizontal-edge-coupler-medium.png"], ["dsg/openscad/render/horizontal-edge-coupler.scad", "dsg/openscad/project_components/horizontal-edge-coupler/hub75_horizontal_edge_coupler.scad", "dsg/openscad/ext/lib.scad.hub75/openscad/p5-64x32-panel/hub75_p5_64x32_panel.scad", "dsg/openscad/project_components/hub75_panel_mating.scad"])
consumer:scad.build | + xvfb-run -a openscad --enable=object-function --render --projection=o -D size="medium" --autocenter --viewall --imgsize=2560,1440 -o /__w/2026-009-01.cad.HUB75-display-frame/2026-009-01.cad.HUB75-display-frame/bld/png/.horizontal-edge-coupler-medium.unwatermarked.png /__w/2026-009-01.cad.HUB75-display-frame/2026-009-01.cad.HUB75-display-frame/dsg/openscad/render/horizontal-edge-coupler.scad
consumer:scad.build | WARNING: Viewall and autocenter disabled in favor of $vp*
consumer:scad.build | Geometries in cache: 145
consumer:scad.build | Geometry cache size in bytes: 2816944
consumer:scad.build | CGAL Polyhedrons in cache: 46
consumer:scad.build | CGAL cache size in bytes: 28592000
consumer:scad.build | Total rendering time: 0:00:00.887
consumer:scad.build |    Top level object is a 3D object (manifold):
consumer:scad.build |    Status:     NoError
consumer:scad.build |    Genus:      2
consumer:scad.build |    Vertices:    13735
consumer:scad.build |    Facets:      27474
consumer:scad.build | + scad-image-watermark /__w/2026-009-01.cad.HUB75-display-frame/2026-009-01.cad.HUB75-display-frame/bld/png/.horizontal-edge-coupler-medium.unwatermarked.png /__w/2026-009-01.cad.HUB75-display-frame/2026-009-01.cad.HUB75-display-frame/bld/png/horizontal-edge-coupler-medium.png --text © 2026 brainboxemb
consumer:scad.build | SCons built: bld/png/horizontal-edge-coupler-medium.png
consumer:scad.build | _action(["bld/png/horizontal-edge-coupler-large.png"], ["dsg/openscad/render/horizontal-edge-coupler.scad", "dsg/openscad/project_components/horizontal-edge-coupler/hub75_horizontal_edge_coupler.scad", "dsg/openscad/ext/lib.scad.hub75/openscad/p5-64x32-panel/hub75_p5_64x32_panel.scad", "dsg/openscad/project_components/hub75_panel_mating.scad"])
consumer:scad.build | + xvfb-run -a openscad --enable=object-function --render --projection=o -D size="large" --autocenter --viewall --imgsize=2560,1440 -o /__w/2026-009-01.cad.HUB75-display-frame/2026-009-01.cad.HUB75-display-frame/bld/png/.horizontal-edge-coupler-large.unwatermarked.png /__w/2026-009-01.cad.HUB75-display-frame/2026-009-01.cad.HUB75-display-frame/dsg/openscad/render/horizontal-edge-coupler.scad
consumer:scad.build | WARNING: Viewall and autocenter disabled in favor of $vp*
consumer:scad.build | Geometries in cache: 153
consumer:scad.build | Geometry cache size in bytes: 2899376
consumer:scad.build | CGAL Polyhedrons in cache: 46
consumer:scad.build | CGAL cache size in bytes: 32102750
consumer:scad.build | Total rendering time: 0:00:00.972
consumer:scad.build |    Top level object is a 3D object (manifold):
consumer:scad.build |    Status:     NoError
consumer:scad.build |    Genus:      2
consumer:scad.build |    Vertices:    17674
consumer:scad.build |    Facets:      35352
consumer:scad.build | + scad-image-watermark /__w/2026-009-01.cad.HUB75-display-frame/2026-009-01.cad.HUB75-display-frame/bld/png/.horizontal-edge-coupler-large.unwatermarked.png /__w/2026-009-01.cad.HUB75-display-frame/2026-009-01.cad.HUB75-display-frame/bld/png/horizontal-edge-coupler-large.png --text © 2026 brainboxemb
consumer:scad.build | SCons built: bld/png/horizontal-edge-coupler-large.png
consumer:scad.build | _action(["bld/png/middle-coupler-small.png"], ["dsg/openscad/render/middle-coupler.scad", "dsg/openscad/project_components/middle-coupler/hub75_middle_coupler.scad", "dsg/openscad/ext/lib.scad.hub75/openscad/p5-64x32-panel/hub75_p5_64x32_panel.scad", "dsg/openscad/project_components/hub75_panel_mating.scad"])
consumer:scad.build | + xvfb-run -a openscad --enable=object-function --render --projection=o -D size="small" --autocenter --viewall --imgsize=2560,1440 -o /__w/2026-009-01.cad.HUB75-display-frame/2026-009-01.cad.HUB75-display-frame/bld/png/.middle-coupler-small.unwatermarked.png /__w/2026-009-01.cad.HUB75-display-frame/2026-009-01.cad.HUB75-display-frame/dsg/openscad/render/middle-coupler.scad
consumer:scad.build | WARNING: Viewall and autocenter disabled in favor of $vp*
consumer:scad.build | Geometries in cache: 107
consumer:scad.build | Geometry cache size in bytes: 2808232
consumer:scad.build | CGAL Polyhedrons in cache: 45
consumer:scad.build | CGAL cache size in bytes: 30828500
consumer:scad.build | Total rendering time: 0:00:00.790
consumer:scad.build |    Top level object is a 3D object (manifold):
consumer:scad.build |    Status:     NoError
consumer:scad.build |    Genus:      2
consumer:scad.build |    Vertices:    14812
consumer:scad.build |    Facets:      29628
consumer:scad.build | + scad-image-watermark /__w/2026-009-01.cad.HUB75-display-frame/2026-009-01.cad.HUB75-display-frame/bld/png/.middle-coupler-small.unwatermarked.png /__w/2026-009-01.cad.HUB75-display-frame/2026-009-01.cad.HUB75-display-frame/bld/png/middle-coupler-small.png --text © 2026 brainboxemb
consumer:scad.build | SCons built: bld/png/middle-coupler-small.png
consumer:scad.build | _action(["bld/png/middle-coupler-medium.png"], ["dsg/openscad/render/middle-coupler.scad", "dsg/openscad/project_components/middle-coupler/hub75_middle_coupler.scad", "dsg/openscad/ext/lib.scad.hub75/openscad/p5-64x32-panel/hub75_p5_64x32_panel.scad", "dsg/openscad/project_components/hub75_panel_mating.scad"])
consumer:scad.build | + xvfb-run -a openscad --enable=object-function --render --projection=o -D size="medium" --autocenter --viewall --imgsize=2560,1440 -o /__w/2026-009-01.cad.HUB75-display-frame/2026-009-01.cad.HUB75-display-frame/bld/png/.middle-coupler-medium.unwatermarked.png /__w/2026-009-01.cad.HUB75-display-frame/2026-009-01.cad.HUB75-display-frame/dsg/openscad/render/middle-coupler.scad
consumer:scad.build | WARNING: Viewall and autocenter disabled in favor of $vp*
consumer:scad.build | Geometries in cache: 115
consumer:scad.build | Geometry cache size in bytes: 2853384
consumer:scad.build | CGAL Polyhedrons in cache: 45
consumer:scad.build | CGAL cache size in bytes: 37183000
consumer:scad.build | Total rendering time: 0:00:00.937
consumer:scad.build |    Top level object is a 3D object (manifold):
consumer:scad.build |    Status:     NoError
consumer:scad.build |    Genus:      2
consumer:scad.build |    Vertices:    21291
consumer:scad.build |    Facets:      42586
consumer:scad.build | + scad-image-watermark /__w/2026-009-01.cad.HUB75-display-frame/2026-009-01.cad.HUB75-display-frame/bld/png/.middle-coupler-medium.unwatermarked.png /__w/2026-009-01.cad.HUB75-display-frame/2026-009-01.cad.HUB75-display-frame/bld/png/middle-coupler-medium.png --text © 2026 brainboxemb
consumer:scad.build | SCons built: bld/png/middle-coupler-medium.png
consumer:scad.build | _action(["bld/png/middle-coupler-large.png"], ["dsg/openscad/render/middle-coupler.scad", "dsg/openscad/project_components/middle-coupler/hub75_middle_coupler.scad", "dsg/openscad/ext/lib.scad.hub75/openscad/p5-64x32-panel/hub75_p5_64x32_panel.scad", "dsg/openscad/project_components/hub75_panel_mating.scad"])
consumer:scad.build | + xvfb-run -a openscad --enable=object-function --render --projection=o -D size="large" --autocenter --viewall --imgsize=2560,1440 -o /__w/2026-009-01.cad.HUB75-display-frame/2026-009-01.cad.HUB75-display-frame/bld/png/.middle-coupler-large.unwatermarked.png /__w/2026-009-01.cad.HUB75-display-frame/2026-009-01.cad.HUB75-display-frame/dsg/openscad/render/middle-coupler.scad
consumer:scad.build | WARNING: Viewall and autocenter disabled in favor of $vp*
consumer:scad.build | Geometries in cache: 123
consumer:scad.build | Geometry cache size in bytes: 2958856
consumer:scad.build | CGAL Polyhedrons in cache: 45
consumer:scad.build | CGAL cache size in bytes: 43483500
consumer:scad.build | Total rendering time: 0:00:01.149
consumer:scad.build |    Top level object is a 3D object (manifold):
consumer:scad.build |    Status:     NoError
consumer:scad.build |    Genus:      2
consumer:scad.build |    Vertices:    27964
consumer:scad.build |    Facets:      55932
consumer:scad.build | + scad-image-watermark /__w/2026-009-01.cad.HUB75-display-frame/2026-009-01.cad.HUB75-display-frame/bld/png/.middle-coupler-large.unwatermarked.png /__w/2026-009-01.cad.HUB75-display-frame/2026-009-01.cad.HUB75-display-frame/bld/png/middle-coupler-large.png --text © 2026 brainboxemb
consumer:scad.build | SCons built: bld/png/middle-coupler-large.png
consumer:scad.build | _action(["bld/png/rear-angled-couplers-only.png"], ["dsg/openscad/render/rear-angled-couplers-only.scad", "dsg/openscad/assemblies/display_frame_assembly.scad", "dsg/openscad/ext/lib.scad.hub75/openscad/p5-64x32-panel/hub75_p5_64x32_panel.scad", "dsg/openscad/assemblies/panels_assembly.scad", "dsg/openscad/project_components/middle-coupler/hub75_middle_coupler.scad", "dsg/openscad/project_components/hub75_panel_mating.scad", "dsg/openscad/project_components/horizontal-edge-coupler/hub75_horizontal_edge_coupler.scad", "dsg/openscad/project_components/corner-edge-coupler/hub75_corner_edge_coupler.scad"])
consumer:scad.build | + xvfb-run -a openscad --enable=object-function --render --projection=o --autocenter --viewall --imgsize=2560,1440 -o /__w/2026-009-01.cad.HUB75-display-frame/2026-009-01.cad.HUB75-display-frame/bld/png/.rear-angled-couplers-only.unwatermarked.png /__w/2026-009-01.cad.HUB75-display-frame/2026-009-01.cad.HUB75-display-frame/dsg/openscad/render/rear-angled-couplers-only.scad
consumer:scad.build | WARNING: Viewall and autocenter disabled in favor of $vp*
consumer:scad.build | Geometries in cache: 288
consumer:scad.build | Geometry cache size in bytes: 7605792
consumer:scad.build | CGAL Polyhedrons in cache: 18
consumer:scad.build | CGAL cache size in bytes: 102212250
consumer:scad.build | Total rendering time: 0:00:03.400
consumer:scad.build |    Top level object is a 3D object (manifold):
consumer:scad.build |    Status:     NoError
consumer:scad.build |    Genus:      13
consumer:scad.build |    Vertices:   224162
consumer:scad.build |    Facets:     448372
consumer:scad.build | + scad-image-watermark /__w/2026-009-01.cad.HUB75-display-frame/2026-009-01.cad.HUB75-display-frame/bld/png/.rear-angled-couplers-only.unwatermarked.png /__w/2026-009-01.cad.HUB75-display-frame/2026-009-01.cad.HUB75-display-frame/bld/png/rear-angled-couplers-only.png --text © 2026 brainboxemb
consumer:scad.build | SCons built: bld/png/rear-angled-couplers-only.png
consumer:scad.build | _action(["bld/png/rear-angled-couplers.png"], ["dsg/openscad/render/rear-angled-couplers.scad", "dsg/openscad/assemblies/display_frame_assembly.scad", "dsg/openscad/ext/lib.scad.hub75/openscad/p5-64x32-panel/hub75_p5_64x32_panel.scad", "dsg/openscad/assemblies/panels_assembly.scad", "dsg/openscad/project_components/middle-coupler/hub75_middle_coupler.scad", "dsg/openscad/project_components/hub75_panel_mating.scad", "dsg/openscad/project_components/horizontal-edge-coupler/hub75_horizontal_edge_coupler.scad", "dsg/openscad/project_components/corner-edge-coupler/hub75_corner_edge_coupler.scad"])
consumer:scad.build | + xvfb-run -a openscad --enable=object-function --render --projection=o --autocenter --viewall --imgsize=2560,1440 -o /__w/2026-009-01.cad.HUB75-display-frame/2026-009-01.cad.HUB75-display-frame/bld/png/.rear-angled-couplers.unwatermarked.png /__w/2026-009-01.cad.HUB75-display-frame/2026-009-01.cad.HUB75-display-frame/dsg/openscad/render/rear-angled-couplers.scad
consumer:scad.build | WARNING: Viewall and autocenter disabled in favor of $vp*
consumer:scad.build | Geometries in cache: 464
consumer:scad.build | Geometry cache size in bytes: 8585984
consumer:scad.build | CGAL Polyhedrons in cache: 7
consumer:scad.build | CGAL cache size in bytes: 103370000
consumer:scad.build | Total rendering time: 0:00:03.759
consumer:scad.build |    Top level object is a 3D object (manifold):
consumer:scad.build |    Status:     NoError
consumer:scad.build |    Genus:      -27
consumer:scad.build |    Vertices:   250560
consumer:scad.build |    Facets:     501008
consumer:scad.build | + scad-image-watermark /__w/2026-009-01.cad.HUB75-display-frame/2026-009-01.cad.HUB75-display-frame/bld/png/.rear-angled-couplers.unwatermarked.png /__w/2026-009-01.cad.HUB75-display-frame/2026-009-01.cad.HUB75-display-frame/bld/png/rear-angled-couplers.png --text © 2026 brainboxemb
consumer:scad.build | SCons built: bld/png/rear-angled-couplers.png
consumer:scad.build | _action(["bld/png/rear-angled-exploded.png"], ["dsg/openscad/render/rear-angled-exploded.scad", "dsg/openscad/assemblies/display_frame_assembly.scad", "dsg/openscad/ext/lib.scad.hub75/openscad/p5-64x32-panel/hub75_p5_64x32_panel.scad", "dsg/openscad/assemblies/panels_assembly.scad", "dsg/openscad/project_components/middle-coupler/hub75_middle_coupler.scad", "dsg/openscad/project_components/hub75_panel_mating.scad", "dsg/openscad/project_components/horizontal-edge-coupler/hub75_horizontal_edge_coupler.scad", "dsg/openscad/project_components/corner-edge-coupler/hub75_corner_edge_coupler.scad"])
consumer:scad.build | + xvfb-run -a openscad --enable=object-function --render --projection=o --autocenter --viewall --imgsize=2560,1440 -o /__w/2026-009-01.cad.HUB75-display-frame/2026-009-01.cad.HUB75-display-frame/bld/png/.rear-angled-exploded.unwatermarked.png /__w/2026-009-01.cad.HUB75-display-frame/2026-009-01.cad.HUB75-display-frame/dsg/openscad/render/rear-angled-exploded.scad
consumer:scad.build | WARNING: Viewall and autocenter disabled in favor of $vp*
consumer:scad.build | Geometries in cache: 464
consumer:scad.build | Geometry cache size in bytes: 8585984
consumer:scad.build | CGAL Polyhedrons in cache: 7
consumer:scad.build | CGAL cache size in bytes: 103476750
consumer:scad.build | Total rendering time: 0:00:03.666
consumer:scad.build |    Top level object is a 3D object (manifold):
consumer:scad.build |    Status:     NoError
consumer:scad.build |    Genus:      -7
consumer:scad.build |    Vertices:   250987
consumer:scad.build |    Facets:     501942
consumer:scad.build | + scad-image-watermark /__w/2026-009-01.cad.HUB75-display-frame/2026-009-01.cad.HUB75-display-frame/bld/png/.rear-angled-exploded.unwatermarked.png /__w/2026-009-01.cad.HUB75-display-frame/2026-009-01.cad.HUB75-display-frame/bld/png/rear-angled-exploded.png --text © 2026 brainboxemb
consumer:scad.build | SCons built: bld/png/rear-angled-exploded.png
consumer:scad.build | _action(["bld/png/rear-angled.png"], ["dsg/openscad/render/rear-angled.scad", "dsg/openscad/assemblies/panels_assembly.scad", "dsg/openscad/ext/lib.scad.hub75/openscad/p5-64x32-panel/hub75_p5_64x32_panel.scad"])
consumer:scad.build | + xvfb-run -a openscad --enable=object-function --render --projection=o --autocenter --viewall --imgsize=2560,1440 -o /__w/2026-009-01.cad.HUB75-display-frame/2026-009-01.cad.HUB75-display-frame/bld/png/.rear-angled.unwatermarked.png /__w/2026-009-01.cad.HUB75-display-frame/2026-009-01.cad.HUB75-display-frame/dsg/openscad/render/rear-angled.scad
consumer:scad.build | WARNING: Viewall and autocenter disabled in favor of $vp*
consumer:scad.build | Geometries in cache: 176
consumer:scad.build | Geometry cache size in bytes: 980192
consumer:scad.build | CGAL Polyhedrons in cache: 45
consumer:scad.build | CGAL cache size in bytes: 26536500
consumer:scad.build | Total rendering time: 0:00:00.392
consumer:scad.build |    Top level object is a 3D object (manifold):
consumer:scad.build |    Status:     NoError
consumer:scad.build |    Genus:      -19
consumer:scad.build |    Vertices:    26825
consumer:scad.build |    Facets:      53570
consumer:scad.build | + scad-image-watermark /__w/2026-009-01.cad.HUB75-display-frame/2026-009-01.cad.HUB75-display-frame/bld/png/.rear-angled.unwatermarked.png /__w/2026-009-01.cad.HUB75-display-frame/2026-009-01.cad.HUB75-display-frame/bld/png/rear-angled.png --text © 2026 brainboxemb
consumer:scad.build | SCons built: bld/png/rear-angled.png
consumer:scad.build | _action(["bld/png/rear.png"], ["dsg/openscad/render/rear.scad", "dsg/openscad/assemblies/panels_assembly.scad", "dsg/openscad/ext/lib.scad.hub75/openscad/p5-64x32-panel/hub75_p5_64x32_panel.scad"])
consumer:scad.build | + xvfb-run -a openscad --enable=object-function --render --projection=o --autocenter --viewall --imgsize=2560,1440 -o /__w/2026-009-01.cad.HUB75-display-frame/2026-009-01.cad.HUB75-display-frame/bld/png/.rear.unwatermarked.png /__w/2026-009-01.cad.HUB75-display-frame/2026-009-01.cad.HUB75-display-frame/dsg/openscad/render/rear.scad
consumer:scad.build | WARNING: Viewall and autocenter disabled in favor of $vp*
consumer:scad.build | Geometries in cache: 176
consumer:scad.build | Geometry cache size in bytes: 980192
consumer:scad.build | CGAL Polyhedrons in cache: 45
consumer:scad.build | CGAL cache size in bytes: 26536500
consumer:scad.build | Total rendering time: 0:00:00.364
consumer:scad.build |    Top level object is a 3D object (manifold):
consumer:scad.build |    Status:     NoError
consumer:scad.build |    Genus:      -19
consumer:scad.build |    Vertices:    26825
consumer:scad.build |    Facets:      53570
consumer:scad.build | + scad-image-watermark /__w/2026-009-01.cad.HUB75-display-frame/2026-009-01.cad.HUB75-display-frame/bld/png/.rear.unwatermarked.png /__w/2026-009-01.cad.HUB75-display-frame/2026-009-01.cad.HUB75-display-frame/bld/png/rear.png --text © 2026 brainboxemb
consumer:scad.build | SCons built: bld/png/rear.png
consumer:scad.build | _action(["bld/stl/corner-edge-coupler-left-small.stl"], ["dsg/openscad/export/corner-edge-coupler-left.scad", "dsg/openscad/project_components/corner-edge-coupler/hub75_corner_edge_coupler.scad", "dsg/openscad/ext/lib.scad.hub75/openscad/p5-64x32-panel/hub75_p5_64x32_panel.scad", "dsg/openscad/project_components/hub75_panel_mating.scad"])
consumer:scad.build | + openscad --enable=object-function -D size="small" -o /__w/2026-009-01.cad.HUB75-display-frame/2026-009-01.cad.HUB75-display-frame/bld/stl/corner-edge-coupler-left-small.stl /__w/2026-009-01.cad.HUB75-display-frame/2026-009-01.cad.HUB75-display-frame/dsg/openscad/export/corner-edge-coupler-left.scad
consumer:scad.build | Geometries in cache: 118
consumer:scad.build | Geometry cache size in bytes: 2272856
consumer:scad.build | CGAL Polyhedrons in cache: 43
consumer:scad.build | CGAL cache size in bytes: 20903250
consumer:scad.build | Total rendering time: 0:00:00.324
consumer:scad.build |    Top level object is a 3D object (manifold):
consumer:scad.build |    Status:     NoError
consumer:scad.build |    Genus:      1
consumer:scad.build |    Vertices:     5620
consumer:scad.build |    Facets:      11240
consumer:scad.build | SCons built: bld/stl/corner-edge-coupler-left-small.stl
consumer:scad.build | _action(["bld/stl/corner-edge-coupler-left-medium.stl"], ["dsg/openscad/export/corner-edge-coupler-left.scad", "dsg/openscad/project_components/corner-edge-coupler/hub75_corner_edge_coupler.scad", "dsg/openscad/ext/lib.scad.hub75/openscad/p5-64x32-panel/hub75_p5_64x32_panel.scad", "dsg/openscad/project_components/hub75_panel_mating.scad"])
consumer:scad.build | + openscad --enable=object-function -D size="medium" -o /__w/2026-009-01.cad.HUB75-display-frame/2026-009-01.cad.HUB75-display-frame/bld/stl/corner-edge-coupler-left-medium.stl /__w/2026-009-01.cad.HUB75-display-frame/2026-009-01.cad.HUB75-display-frame/dsg/openscad/export/corner-edge-coupler-left.scad
consumer:scad.build | Geometries in cache: 126
consumer:scad.build | Geometry cache size in bytes: 2318056
consumer:scad.build | CGAL Polyhedrons in cache: 43
consumer:scad.build | CGAL cache size in bytes: 22184000
consumer:scad.build | Total rendering time: 0:00:00.365
consumer:scad.build |    Top level object is a 3D object (manifold):
consumer:scad.build |    Status:     NoError
consumer:scad.build |    Genus:      1
consumer:scad.build |    Vertices:     7307
consumer:scad.build |    Facets:      14614
consumer:scad.build | SCons built: bld/stl/corner-edge-coupler-left-medium.stl
consumer:scad.build | _action(["bld/stl/corner-edge-coupler-left-large.stl"], ["dsg/openscad/export/corner-edge-coupler-left.scad", "dsg/openscad/project_components/corner-edge-coupler/hub75_corner_edge_coupler.scad", "dsg/openscad/ext/lib.scad.hub75/openscad/p5-64x32-panel/hub75_p5_64x32_panel.scad", "dsg/openscad/project_components/hub75_panel_mating.scad"])
consumer:scad.build | + openscad --enable=object-function -D size="large" -o /__w/2026-009-01.cad.HUB75-display-frame/2026-009-01.cad.HUB75-display-frame/bld/stl/corner-edge-coupler-left-large.stl /__w/2026-009-01.cad.HUB75-display-frame/2026-009-01.cad.HUB75-display-frame/dsg/openscad/export/corner-edge-coupler-left.scad
consumer:scad.build | Geometries in cache: 134
consumer:scad.build | Geometry cache size in bytes: 2376904
consumer:scad.build | CGAL Polyhedrons in cache: 43
consumer:scad.build | CGAL cache size in bytes: 23672250
consumer:scad.build | Total rendering time: 0:00:00.361
consumer:scad.build |    Top level object is a 3D object (manifold):
consumer:scad.build |    Status:     NoError
consumer:scad.build |    Genus:      1
consumer:scad.build |    Vertices:     9533
consumer:scad.build |    Facets:      19066
consumer:scad.build | SCons built: bld/stl/corner-edge-coupler-left-large.stl
consumer:scad.build | _action(["bld/stl/corner-edge-coupler-right-small.stl"], ["dsg/openscad/export/corner-edge-coupler-right.scad", "dsg/openscad/project_components/corner-edge-coupler/hub75_corner_edge_coupler.scad", "dsg/openscad/ext/lib.scad.hub75/openscad/p5-64x32-panel/hub75_p5_64x32_panel.scad", "dsg/openscad/project_components/hub75_panel_mating.scad"])
consumer:scad.build | + openscad --enable=object-function -D size="small" -o /__w/2026-009-01.cad.HUB75-display-frame/2026-009-01.cad.HUB75-display-frame/bld/stl/corner-edge-coupler-right-small.stl /__w/2026-009-01.cad.HUB75-display-frame/2026-009-01.cad.HUB75-display-frame/dsg/openscad/export/corner-edge-coupler-right.scad
consumer:scad.build | Geometries in cache: 112
consumer:scad.build | Geometry cache size in bytes: 2045776
consumer:scad.build | CGAL Polyhedrons in cache: 40
consumer:scad.build | CGAL cache size in bytes: 20018000
consumer:scad.build | Total rendering time: 0:00:00.307
consumer:scad.build |    Top level object is a 3D object (manifold):
consumer:scad.build |    Status:     NoError
consumer:scad.build |    Genus:      1
consumer:scad.build |    Vertices:     5588
consumer:scad.build |    Facets:      11176
consumer:scad.build | SCons built: bld/stl/corner-edge-coupler-right-small.stl
consumer:scad.build | _action(["bld/stl/corner-edge-coupler-right-medium.stl"], ["dsg/openscad/export/corner-edge-coupler-right.scad", "dsg/openscad/project_components/corner-edge-coupler/hub75_corner_edge_coupler.scad", "dsg/openscad/ext/lib.scad.hub75/openscad/p5-64x32-panel/hub75_p5_64x32_panel.scad", "dsg/openscad/project_components/hub75_panel_mating.scad"])
consumer:scad.build | + openscad --enable=object-function -D size="medium" -o /__w/2026-009-01.cad.HUB75-display-frame/2026-009-01.cad.HUB75-display-frame/bld/stl/corner-edge-coupler-right-medium.stl /__w/2026-009-01.cad.HUB75-display-frame/2026-009-01.cad.HUB75-display-frame/dsg/openscad/export/corner-edge-coupler-right.scad
consumer:scad.build | Geometries in cache: 120
consumer:scad.build | Geometry cache size in bytes: 2090976
consumer:scad.build | CGAL Polyhedrons in cache: 40
consumer:scad.build | CGAL cache size in bytes: 21290000
consumer:scad.build | Total rendering time: 0:00:00.361
consumer:scad.build |    Top level object is a 3D object (manifold):
consumer:scad.build |    Status:     NoError
consumer:scad.build |    Genus:      1
consumer:scad.build |    Vertices:     7253
consumer:scad.build |    Facets:      14506
consumer:scad.build | SCons built: bld/stl/corner-edge-coupler-right-medium.stl
consumer:scad.build | _action(["bld/stl/corner-edge-coupler-right-large.stl"], ["dsg/openscad/export/corner-edge-coupler-right.scad", "dsg/openscad/project_components/corner-edge-coupler/hub75_corner_edge_coupler.scad", "dsg/openscad/ext/lib.scad.hub75/openscad/p5-64x32-panel/hub75_p5_64x32_panel.scad", "dsg/openscad/project_components/hub75_panel_mating.scad"])
consumer:scad.build | + openscad --enable=object-function -D size="large" -o /__w/2026-009-01.cad.HUB75-display-frame/2026-009-01.cad.HUB75-display-frame/bld/stl/corner-edge-coupler-right-large.stl /__w/2026-009-01.cad.HUB75-display-frame/2026-009-01.cad.HUB75-display-frame/dsg/openscad/export/corner-edge-coupler-right.scad
consumer:scad.build | Geometries in cache: 128
consumer:scad.build | Geometry cache size in bytes: 2149824
consumer:scad.build | CGAL Polyhedrons in cache: 40
consumer:scad.build | CGAL cache size in bytes: 22435250
consumer:scad.build | Total rendering time: 0:00:00.341
consumer:scad.build |    Top level object is a 3D object (manifold):
consumer:scad.build |    Status:     NoError
consumer:scad.build |    Genus:      1
consumer:scad.build |    Vertices:     8887
consumer:scad.build |    Facets:      17774
consumer:scad.build | SCons built: bld/stl/corner-edge-coupler-right-large.stl
consumer:scad.build | _action(["bld/stl/horizontal-edge-coupler-small.stl"], ["dsg/openscad/export/horizontal-edge-coupler.scad", "dsg/openscad/project_components/horizontal-edge-coupler/hub75_horizontal_edge_coupler.scad", "dsg/openscad/ext/lib.scad.hub75/openscad/p5-64x32-panel/hub75_p5_64x32_panel.scad", "dsg/openscad/project_components/hub75_panel_mating.scad"])
consumer:scad.build | + openscad --enable=object-function -D size="small" -o /__w/2026-009-01.cad.HUB75-display-frame/2026-009-01.cad.HUB75-display-frame/bld/stl/horizontal-edge-coupler-small.stl /__w/2026-009-01.cad.HUB75-display-frame/2026-009-01.cad.HUB75-display-frame/dsg/openscad/export/horizontal-edge-coupler.scad
consumer:scad.build | Geometries in cache: 137
consumer:scad.build | Geometry cache size in bytes: 2770928
consumer:scad.build | CGAL Polyhedrons in cache: 45
consumer:scad.build | CGAL cache size in bytes: 22708750
consumer:scad.build | Total rendering time: 0:00:00.316
consumer:scad.build |    Top level object is a 3D object (manifold):
consumer:scad.build |    Status:     NoError
consumer:scad.build |    Genus:      2
consumer:scad.build |    Vertices:    10394
consumer:scad.build |    Facets:      20792
consumer:scad.build | SCons built: bld/stl/horizontal-edge-coupler-small.stl
consumer:scad.build | _action(["bld/stl/horizontal-edge-coupler-medium.stl"], ["dsg/openscad/export/horizontal-edge-coupler.scad", "dsg/openscad/project_components/horizontal-edge-coupler/hub75_horizontal_edge_coupler.scad", "dsg/openscad/ext/lib.scad.hub75/openscad/p5-64x32-panel/hub75_p5_64x32_panel.scad", "dsg/openscad/project_components/hub75_panel_mating.scad"])
consumer:scad.build | + openscad --enable=object-function -D size="medium" -o /__w/2026-009-01.cad.HUB75-display-frame/2026-009-01.cad.HUB75-display-frame/bld/stl/horizontal-edge-coupler-medium.stl /__w/2026-009-01.cad.HUB75-display-frame/2026-009-01.cad.HUB75-display-frame/dsg/openscad/export/horizontal-edge-coupler.scad
consumer:scad.build | Geometries in cache: 145
consumer:scad.build | Geometry cache size in bytes: 2816944
consumer:scad.build | CGAL Polyhedrons in cache: 45
consumer:scad.build | CGAL cache size in bytes: 25158250
consumer:scad.build | Total rendering time: 0:00:00.507
consumer:scad.build |    Top level object is a 3D object (manifold):
consumer:scad.build |    Status:     NoError
consumer:scad.build |    Genus:      2
consumer:scad.build |    Vertices:    13735
consumer:scad.build |    Facets:      27474
consumer:scad.build | SCons built: bld/stl/horizontal-edge-coupler-medium.stl
consumer:scad.build | _action(["bld/stl/horizontal-edge-coupler-large.stl"], ["dsg/openscad/export/horizontal-edge-coupler.scad", "dsg/openscad/project_components/horizontal-edge-coupler/hub75_horizontal_edge_coupler.scad", "dsg/openscad/ext/lib.scad.hub75/openscad/p5-64x32-panel/hub75_p5_64x32_panel.scad", "dsg/openscad/project_components/hub75_panel_mating.scad"])
consumer:scad.build | + openscad --enable=object-function -D size="large" -o /__w/2026-009-01.cad.HUB75-display-frame/2026-009-01.cad.HUB75-display-frame/bld/stl/horizontal-edge-coupler-large.stl /__w/2026-009-01.cad.HUB75-display-frame/2026-009-01.cad.HUB75-display-frame/dsg/openscad/export/horizontal-edge-coupler.scad
consumer:scad.build | Geometries in cache: 153
consumer:scad.build | Geometry cache size in bytes: 2899376
consumer:scad.build | CGAL Polyhedrons in cache: 45
consumer:scad.build | CGAL cache size in bytes: 27684250
consumer:scad.build | Total rendering time: 0:00:00.537
consumer:scad.build |    Top level object is a 3D object (manifold):
consumer:scad.build |    Status:     NoError
consumer:scad.build |    Genus:      2
consumer:scad.build |    Vertices:    17674
consumer:scad.build |    Facets:      35352
consumer:scad.build | SCons built: bld/stl/horizontal-edge-coupler-large.stl
consumer:scad.build | _action(["bld/stl/middle-coupler-small.stl"], ["dsg/openscad/export/middle-coupler.scad", "dsg/openscad/project_components/middle-coupler/hub75_middle_coupler.scad", "dsg/openscad/ext/lib.scad.hub75/openscad/p5-64x32-panel/hub75_p5_64x32_panel.scad", "dsg/openscad/project_components/hub75_panel_mating.scad"])
consumer:scad.build | + openscad --enable=object-function -D size="small" -o /__w/2026-009-01.cad.HUB75-display-frame/2026-009-01.cad.HUB75-display-frame/bld/stl/middle-coupler-small.stl /__w/2026-009-01.cad.HUB75-display-frame/2026-009-01.cad.HUB75-display-frame/dsg/openscad/export/middle-coupler.scad
consumer:scad.build | Geometries in cache: 107
consumer:scad.build | Geometry cache size in bytes: 2808232
consumer:scad.build | CGAL Polyhedrons in cache: 44
consumer:scad.build | CGAL cache size in bytes: 27125500
consumer:scad.build | Total rendering time: 0:00:00.401
consumer:scad.build |    Top level object is a 3D object (manifold):
consumer:scad.build |    Status:     NoError
consumer:scad.build |    Genus:      2
consumer:scad.build |    Vertices:    14812
consumer:scad.build |    Facets:      29628
consumer:scad.build | SCons built: bld/stl/middle-coupler-small.stl
consumer:scad.build | _action(["bld/stl/middle-coupler-medium.stl"], ["dsg/openscad/export/middle-coupler.scad", "dsg/openscad/project_components/middle-coupler/hub75_middle_coupler.scad", "dsg/openscad/ext/lib.scad.hub75/openscad/p5-64x32-panel/hub75_p5_64x32_panel.scad", "dsg/openscad/project_components/hub75_panel_mating.scad"])
consumer:scad.build | + openscad --enable=object-function -D size="medium" -o /__w/2026-009-01.cad.HUB75-display-frame/2026-009-01.cad.HUB75-display-frame/bld/stl/middle-coupler-medium.stl /__w/2026-009-01.cad.HUB75-display-frame/2026-009-01.cad.HUB75-display-frame/dsg/openscad/export/middle-coupler.scad
consumer:scad.build | Geometries in cache: 115
consumer:scad.build | Geometry cache size in bytes: 2853384
consumer:scad.build | CGAL Polyhedrons in cache: 44
consumer:scad.build | CGAL cache size in bytes: 31860250
consumer:scad.build | Total rendering time: 0:00:00.531
consumer:scad.build |    Top level object is a 3D object (manifold):
consumer:scad.build |    Status:     NoError
consumer:scad.build |    Genus:      2
consumer:scad.build |    Vertices:    21291
consumer:scad.build |    Facets:      42586
consumer:scad.build | SCons built: bld/stl/middle-coupler-medium.stl
consumer:scad.build | _action(["bld/stl/middle-coupler-large.stl"], ["dsg/openscad/export/middle-coupler.scad", "dsg/openscad/project_components/middle-coupler/hub75_middle_coupler.scad", "dsg/openscad/ext/lib.scad.hub75/openscad/p5-64x32-panel/hub75_p5_64x32_panel.scad", "dsg/openscad/project_components/hub75_panel_mating.scad"])
consumer:scad.build | + openscad --enable=object-function -D size="large" -o /__w/2026-009-01.cad.HUB75-display-frame/2026-009-01.cad.HUB75-display-frame/bld/stl/middle-coupler-large.stl /__w/2026-009-01.cad.HUB75-display-frame/2026-009-01.cad.HUB75-display-frame/dsg/openscad/export/middle-coupler.scad
consumer:scad.build | Geometries in cache: 123
consumer:scad.build | Geometry cache size in bytes: 2958856
consumer:scad.build | CGAL Polyhedrons in cache: 44
consumer:scad.build | CGAL cache size in bytes: 36492500
consumer:scad.build | Total rendering time: 0:00:00.607
consumer:scad.build |    Top level object is a 3D object (manifold):
consumer:scad.build |    Status:     NoError
consumer:scad.build |    Genus:      2
consumer:scad.build |    Vertices:    27964
consumer:scad.build |    Facets:      55932
consumer:scad.build | SCons built: bld/stl/middle-coupler-large.stl
consumer:scad.build | _action(["bld/stl/panels-assembly.stl"], ["dsg/openscad/export/panels-assembly.scad", "dsg/openscad/assemblies/panels_assembly.scad", "dsg/openscad/ext/lib.scad.hub75/openscad/p5-64x32-panel/hub75_p5_64x32_panel.scad"])
consumer:scad.build | + openscad --enable=object-function -o /__w/2026-009-01.cad.HUB75-display-frame/2026-009-01.cad.HUB75-display-frame/bld/stl/panels-assembly.stl /__w/2026-009-01.cad.HUB75-display-frame/2026-009-01.cad.HUB75-display-frame/dsg/openscad/export/panels-assembly.scad
consumer:scad.build | Geometries in cache: 176
consumer:scad.build | Geometry cache size in bytes: 980192
consumer:scad.build | CGAL Polyhedrons in cache: 45
consumer:scad.build | CGAL cache size in bytes: 26536500
consumer:scad.build | Total rendering time: 0:00:00.162
consumer:scad.build |    Top level object is a 3D object (manifold):
consumer:scad.build |    Status:     NoError
consumer:scad.build |    Genus:      -19
consumer:scad.build |    Vertices:    26825
consumer:scad.build |    Facets:      53570
consumer:scad.build | SCons built: bld/stl/panels-assembly.stl
consumer:scad.build | SCons summary: targets=32 built=32 cache-restored=0 current=0 error=0
consumer:scad.build |   built: bld/png/corner-edge-coupler-left-small.png
consumer:scad.build |   built: bld/png/corner-edge-coupler-left-medium.png
consumer:scad.build |   built: bld/png/corner-edge-coupler-left-large.png
consumer:scad.build |   built: bld/png/corner-edge-coupler-right-small.png
consumer:scad.build |   built: bld/png/corner-edge-coupler-right-medium.png
consumer:scad.build |   built: bld/png/corner-edge-coupler-right-large.png
consumer:scad.build |   built: bld/png/front-angled.png
consumer:scad.build |   built: bld/png/front.png
consumer:scad.build |   built: bld/png/horizontal-edge-coupler-small.png
consumer:scad.build |   built: bld/png/horizontal-edge-coupler-medium.png
consumer:scad.build |   built: bld/png/horizontal-edge-coupler-large.png
consumer:scad.build |   built: bld/png/middle-coupler-small.png
consumer:scad.build |   built: bld/png/middle-coupler-medium.png
consumer:scad.build |   built: bld/png/middle-coupler-large.png
consumer:scad.build |   built: bld/png/rear-angled-couplers-only.png
consumer:scad.build |   built: bld/png/rear-angled-couplers.png
consumer:scad.build |   built: bld/png/rear-angled-exploded.png
consumer:scad.build |   built: bld/png/rear-angled.png
consumer:scad.build |   built: bld/png/rear.png
consumer:scad.build |   built: bld/stl/corner-edge-coupler-left-small.stl
consumer:scad.build |   built: bld/stl/corner-edge-coupler-left-medium.stl
consumer:scad.build |   built: bld/stl/corner-edge-coupler-left-large.stl
consumer:scad.build |   built: bld/stl/corner-edge-coupler-right-small.stl
consumer:scad.build |   built: bld/stl/corner-edge-coupler-right-medium.stl
consumer:scad.build |   built: bld/stl/corner-edge-coupler-right-large.stl
consumer:scad.build |   built: bld/stl/horizontal-edge-coupler-small.stl
consumer:scad.build |   built: bld/stl/horizontal-edge-coupler-medium.stl
consumer:scad.build |   built: bld/stl/horizontal-edge-coupler-large.stl
consumer:scad.build |   built: bld/stl/middle-coupler-small.stl
consumer:scad.build |   built: bld/stl/middle-coupler-medium.stl
consumer:scad.build |   built: bld/stl/middle-coupler-large.stl
consumer:scad.build |   built: bld/stl/panels-assembly.stl
consumer:scad.build | build: OK
▮▮▮▮ consumer:scad.build (38s 416ms, 38f8d75d)
▮▮▮▮ consumer:scad.build-index (450b0c7a)
▮▮▮▮ consumer:scad.verify (d05a2696)
consumer:scad.build-index | build index: bld/README.md
▮▮▮▮ consumer:scad.build-index (80ms, 450b0c7a)
▮▮▮▮ consumer:scad.build-provenance (72ab1915)
consumer:scad.build-provenance | publication info: bld/publication-info.txt
▮▮▮▮ consumer:scad.build-provenance (492ms, 72ab1915)
▮▮▮▮ consumer:scad.verify (running for 30s)
consumer:scad.verify | + openscad-docsgen -m -T /__w/2026-009-01.cad.HUB75-display-frame/2026-009-01.cad.HUB75-display-frame/dsg/openscad/assemblies/display_frame_assembly.scad
consumer:scad.verify | Parsing...
consumer:scad.verify |   /__w/2026-009-01.cad.HUB75-display-frame/2026-009-01.cad.HUB75-display-frame/dsg/openscad/assemblies/display_frame_assembly.scad
consumer:scad.verify | No log requests to process
consumer:scad.verify | + openscad-docsgen -m -T /__w/2026-009-01.cad.HUB75-display-frame/2026-009-01.cad.HUB75-display-frame/dsg/openscad/assemblies/panels_assembly.scad
consumer:scad.verify | Parsing...
consumer:scad.verify |   /__w/2026-009-01.cad.HUB75-display-frame/2026-009-01.cad.HUB75-display-frame/dsg/openscad/assemblies/panels_assembly.scad
consumer:scad.verify | No log requests to process
consumer:scad.verify | + openscad-docsgen -m -T /__w/2026-009-01.cad.HUB75-display-frame/2026-009-01.cad.HUB75-display-frame/dsg/openscad/assemblies/verification/corner_edge_coupler_fit_assembly.scad
consumer:scad.verify | Parsing...
consumer:scad.verify |   /__w/2026-009-01.cad.HUB75-display-frame/2026-009-01.cad.HUB75-display-frame/dsg/openscad/assemblies/verification/corner_edge_coupler_fit_assembly.scad
consumer:scad.verify | No log requests to process
consumer:scad.verify | + openscad-docsgen -m -T /__w/2026-009-01.cad.HUB75-display-frame/2026-009-01.cad.HUB75-display-frame/dsg/openscad/assemblies/verification/corner_edge_coupler_profile_sections.scad
consumer:scad.verify | Parsing...
consumer:scad.verify |   /__w/2026-009-01.cad.HUB75-display-frame/2026-009-01.cad.HUB75-display-frame/dsg/openscad/assemblies/verification/corner_edge_coupler_profile_sections.scad
consumer:scad.verify | No log requests to process
consumer:scad.verify | + openscad-docsgen -m -T /__w/2026-009-01.cad.HUB75-display-frame/2026-009-01.cad.HUB75-display-frame/dsg/openscad/assemblies/verification/horizontal_edge_coupler_fit_assembly.scad
consumer:scad.verify | Parsing...
consumer:scad.verify |   /__w/2026-009-01.cad.HUB75-display-frame/2026-009-01.cad.HUB75-display-frame/dsg/openscad/assemblies/verification/horizontal_edge_coupler_fit_assembly.scad
consumer:scad.verify | No log requests to process
consumer:scad.verify | + openscad-docsgen -m -T /__w/2026-009-01.cad.HUB75-display-frame/2026-009-01.cad.HUB75-display-frame/dsg/openscad/assemblies/verification/middle_coupler_fit_assembly.scad
consumer:scad.verify | Parsing...
consumer:scad.verify |   /__w/2026-009-01.cad.HUB75-display-frame/2026-009-01.cad.HUB75-display-frame/dsg/openscad/assemblies/verification/middle_coupler_fit_assembly.scad
consumer:scad.verify | No log requests to process
consumer:scad.verify | + openscad-docsgen -m -T /__w/2026-009-01.cad.HUB75-display-frame/2026-009-01.cad.HUB75-display-frame/dsg/openscad/project_components/hub75_panel_mating.scad
consumer:scad.verify | Parsing...
consumer:scad.verify |   /__w/2026-009-01.cad.HUB75-display-frame/2026-009-01.cad.HUB75-display-frame/dsg/openscad/project_components/hub75_panel_mating.scad
consumer:scad.verify | No log requests to process
consumer:scad.verify | + openscad-docsgen -m -T /__w/2026-009-01.cad.HUB75-display-frame/2026-009-01.cad.HUB75-display-frame/dsg/openscad/project_components/middle-coupler/hub75_middle_coupler.scad
consumer:scad.verify | Parsing...
consumer:scad.verify |   /__w/2026-009-01.cad.HUB75-display-frame/2026-009-01.cad.HUB75-display-frame/dsg/openscad/project_components/middle-coupler/hub75_middle_coupler.scad
consumer:scad.verify | No log requests to process
consumer:scad.verify | + openscad-docsgen -m -T /__w/2026-009-01.cad.HUB75-display-frame/2026-009-01.cad.HUB75-display-frame/dsg/openscad/project_components/middle-coupler/hub75_middle_coupler_render.scad
consumer:scad.verify | Parsing...
consumer:scad.verify |   /__w/2026-009-01.cad.HUB75-display-frame/2026-009-01.cad.HUB75-display-frame/dsg/openscad/project_components/middle-coupler/hub75_middle_coupler_render.scad
consumer:scad.verify | No log requests to process
consumer:scad.verify | Verification SCons engine: 51 target(s), cache=/__w/2026-009-01.cad.HUB75-display-frame/2026-009-01.cad.HUB75-display-frame/.cache/scad-project/verification-scons
consumer:scad.verify | + scons -Q -f /__w/2026-009-01.cad.HUB75-display-frame/2026-009-01.cad.HUB75-display-frame/tools/tool.scad-project/src/scad_project/scons_driver.py SCAD_PROJECT_MANIFEST=/__w/2026-009-01.cad.HUB75-display-frame/2026-009-01.cad.HUB75-display-frame/.cache/scad-project/verification-state/verification-manifest.json
consumer:scad.verify | _action(["vrf/out/png/corner-edge-coupler-small-horizontal-profile-section.png"], ["vrf/openscad/corner-edge-coupler-horizontal-profile-section.scad", "dsg/openscad/assemblies/verification/corner_edge_coupler_profile_sections.scad", "dsg/openscad/ext/lib.scad.hub75/openscad/p5-64x32-panel/hub75_p5_64x32_panel.scad", "dsg/openscad/project_components/corner-edge-coupler/hub75_corner_edge_coupler.scad", "dsg/openscad/project_components/hub75_panel_mating.scad"])
consumer:scad.verify | + xvfb-run -a openscad --enable=object-function --render --projection=o -D size="small" --autocenter --viewall --imgsize=1280,720 -o /__w/2026-009-01.cad.HUB75-display-frame/2026-009-01.cad.HUB75-display-frame/vrf/out/png/.corner-edge-coupler-small-horizontal-profile-section.unwatermarked.png /__w/2026-009-01.cad.HUB75-display-frame/2026-009-01.cad.HUB75-display-frame/vrf/openscad/corner-edge-coupler-horizontal-profile-section.scad
consumer:scad.verify | WARNING: Viewall and autocenter disabled in favor of $vp*
consumer:scad.verify | Geometries in cache: 296
consumer:scad.verify | Geometry cache size in bytes: 3254760
consumer:scad.verify | CGAL Polyhedrons in cache: 87
consumer:scad.verify | CGAL cache size in bytes: 35574500
consumer:scad.verify | Total rendering time: 0:00:00.503
consumer:scad.verify |    Top level object is a 3D object (manifold):
consumer:scad.verify |    Status:     NoError
consumer:scad.verify |    Genus:      1
consumer:scad.verify |    Vertices:      203
consumer:scad.verify |    Facets:        406
consumer:scad.verify | + scad-image-watermark /__w/2026-009-01.cad.HUB75-display-frame/2026-009-01.cad.HUB75-display-frame/vrf/out/png/.corner-edge-coupler-small-horizontal-profile-section.unwatermarked.png /__w/2026-009-01.cad.HUB75-display-frame/2026-009-01.cad.HUB75-display-frame/vrf/out/png/corner-edge-coupler-small-horizontal-profile-section.png --text © 2026 brainboxemb
consumer:scad.verify | SCons built: vrf/out/png/corner-edge-coupler-small-horizontal-profile-section.png
consumer:scad.verify | _action(["vrf/out/png/corner-edge-coupler-medium-horizontal-profile-section.png"], ["vrf/openscad/corner-edge-coupler-horizontal-profile-section.scad", "dsg/openscad/assemblies/verification/corner_edge_coupler_profile_sections.scad", "dsg/openscad/ext/lib.scad.hub75/openscad/p5-64x32-panel/hub75_p5_64x32_panel.scad", "dsg/openscad/project_components/corner-edge-coupler/hub75_corner_edge_coupler.scad", "dsg/openscad/project_components/hub75_panel_mating.scad"])
consumer:scad.verify | + xvfb-run -a openscad --enable=object-function --render --projection=o -D size="medium" --autocenter --viewall --imgsize=1280,720 -o /__w/2026-009-01.cad.HUB75-display-frame/2026-009-01.cad.HUB75-display-frame/vrf/out/png/.corner-edge-coupler-medium-horizontal-profile-section.unwatermarked.png /__w/2026-009-01.cad.HUB75-display-frame/2026-009-01.cad.HUB75-display-frame/vrf/openscad/corner-edge-coupler-horizontal-profile-section.scad
consumer:scad.verify | WARNING: Viewall and autocenter disabled in favor of $vp*
consumer:scad.verify | Geometries in cache: 304
consumer:scad.verify | Geometry cache size in bytes: 3299960
consumer:scad.verify | CGAL Polyhedrons in cache: 87
consumer:scad.verify | CGAL cache size in bytes: 37276250
consumer:scad.verify | Total rendering time: 0:00:00.542
consumer:scad.verify |    Top level object is a 3D object (manifold):
consumer:scad.verify |    Status:     NoError
consumer:scad.verify |    Genus:      1
consumer:scad.verify |    Vertices:      202
consumer:scad.verify |    Facets:        404
consumer:scad.verify | + scad-image-watermark /__w/2026-009-01.cad.HUB75-display-frame/2026-009-01.cad.HUB75-display-frame/vrf/out/png/.corner-edge-coupler-medium-horizontal-profile-section.unwatermarked.png /__w/2026-009-01.cad.HUB75-display-frame/2026-009-01.cad.HUB75-display-frame/vrf/out/png/corner-edge-coupler-medium-horizontal-profile-section.png --text © 2026 brainboxemb
consumer:scad.verify | SCons built: vrf/out/png/corner-edge-coupler-medium-horizontal-profile-section.png
consumer:scad.verify | _action(["vrf/out/png/corner-edge-coupler-large-horizontal-profile-section.png"], ["vrf/openscad/corner-edge-coupler-horizontal-profile-section.scad", "dsg/openscad/assemblies/verification/corner_edge_coupler_profile_sections.scad", "dsg/openscad/ext/lib.scad.hub75/openscad/p5-64x32-panel/hub75_p5_64x32_panel.scad", "dsg/openscad/project_components/corner-edge-coupler/hub75_corner_edge_coupler.scad", "dsg/openscad/project_components/hub75_panel_mating.scad"])
consumer:scad.verify | + xvfb-run -a openscad --enable=object-function --render --projection=o -D size="large" --autocenter --viewall --imgsize=1280,720 -o /__w/2026-009-01.cad.HUB75-display-frame/2026-009-01.cad.HUB75-display-frame/vrf/out/png/.corner-edge-coupler-large-horizontal-profile-section.unwatermarked.png /__w/2026-009-01.cad.HUB75-display-frame/2026-009-01.cad.HUB75-display-frame/vrf/openscad/corner-edge-coupler-horizontal-profile-section.scad
consumer:scad.verify | WARNING: Viewall and autocenter disabled in favor of $vp*
consumer:scad.verify | Geometries in cache: 312
consumer:scad.verify | Geometry cache size in bytes: 3358808
consumer:scad.verify | CGAL Polyhedrons in cache: 87
consumer:scad.verify | CGAL cache size in bytes: 39319500
consumer:scad.verify | Total rendering time: 0:00:00.533
consumer:scad.verify |    Top level object is a 3D object (manifold):
consumer:scad.verify |    Status:     NoError
consumer:scad.verify |    Genus:      1
consumer:scad.verify |    Vertices:      200
consumer:scad.verify |    Facets:        400
consumer:scad.verify | + scad-image-watermark /__w/2026-009-01.cad.HUB75-display-frame/2026-009-01.cad.HUB75-display-frame/vrf/out/png/.corner-edge-coupler-large-horizontal-profile-section.unwatermarked.png /__w/2026-009-01.cad.HUB75-display-frame/2026-009-01.cad.HUB75-display-frame/vrf/out/png/corner-edge-coupler-large-horizontal-profile-section.png --text © 2026 brainboxemb
consumer:scad.verify | SCons built: vrf/out/png/corner-edge-coupler-large-horizontal-profile-section.png
consumer:scad.verify | _action(["vrf/out/png/corner-edge-coupler-left-small-fit-detail.png"], ["vrf/openscad/corner-edge-coupler-left-fit-detail.scad", "dsg/openscad/assemblies/verification/corner_edge_coupler_fit_assembly.scad", "dsg/openscad/ext/lib.scad.hub75/openscad/p5-64x32-panel/hub75_p5_64x32_panel.scad", "dsg/openscad/project_components/corner-edge-coupler/hub75_corner_edge_coupler.scad", "dsg/openscad/project_components/hub75_panel_mating.scad", "dsg/openscad/assemblies/helpers/verification_datum_pin.scad"])
consumer:scad.verify | + xvfb-run -a openscad --enable=object-function --render --projection=o -D size="small" --autocenter --viewall --imgsize=1280,720 -o /__w/2026-009-01.cad.HUB75-display-frame/2026-009-01.cad.HUB75-display-frame/vrf/out/png/.corner-edge-coupler-left-small-fit-detail.unwatermarked.png /__w/2026-009-01.cad.HUB75-display-frame/2026-009-01.cad.HUB75-display-frame/vrf/openscad/corner-edge-coupler-left-fit-detail.scad
consumer:scad.verify | WARNING: Viewall and autocenter disabled in favor of $vp*
consumer:scad.verify | Geometries in cache: 300
consumer:scad.verify | Geometry cache size in bytes: 3298504
consumer:scad.verify | CGAL Polyhedrons in cache: 86
consumer:scad.verify | CGAL cache size in bytes: 38822750
consumer:scad.verify | Total rendering time: 0:00:00.537
consumer:scad.verify |    Top level object is a 3D object (manifold):
consumer:scad.verify |    Status:     NoError
consumer:scad.verify |    Genus:      -1
consumer:scad.verify |    Vertices:     6922
consumer:scad.verify |    Facets:      13836
consumer:scad.verify | + scad-image-watermark /__w/2026-009-01.cad.HUB75-display-frame/2026-009-01.cad.HUB75-display-frame/vrf/out/png/.corner-edge-coupler-left-small-fit-detail.unwatermarked.png /__w/2026-009-01.cad.HUB75-display-frame/2026-009-01.cad.HUB75-display-frame/vrf/out/png/corner-edge-coupler-left-small-fit-detail.png --text © 2026 brainboxemb
consumer:scad.verify | SCons built: vrf/out/png/corner-edge-coupler-left-small-fit-detail.png
consumer:scad.verify | _action(["vrf/out/png/corner-edge-coupler-left-medium-fit-detail.png"], ["vrf/openscad/corner-edge-coupler-left-fit-detail.scad", "dsg/openscad/assemblies/verification/corner_edge_coupler_fit_assembly.scad", "dsg/openscad/ext/lib.scad.hub75/openscad/p5-64x32-panel/hub75_p5_64x32_panel.scad", "dsg/openscad/project_components/corner-edge-coupler/hub75_corner_edge_coupler.scad", "dsg/openscad/project_components/hub75_panel_mating.scad", "dsg/openscad/assemblies/helpers/verification_datum_pin.scad"])
consumer:scad.verify | + xvfb-run -a openscad --enable=object-function --render --projection=o -D size="medium" --autocenter --viewall --imgsize=1280,720 -o /__w/2026-009-01.cad.HUB75-display-frame/2026-009-01.cad.HUB75-display-frame/vrf/out/png/.corner-edge-coupler-left-medium-fit-detail.unwatermarked.png /__w/2026-009-01.cad.HUB75-display-frame/2026-009-01.cad.HUB75-display-frame/vrf/openscad/corner-edge-coupler-left-fit-detail.scad
consumer:scad.verify | WARNING: Viewall and autocenter disabled in favor of $vp*
consumer:scad.verify | Geometries in cache: 308
consumer:scad.verify | Geometry cache size in bytes: 3343704
consumer:scad.verify | CGAL Polyhedrons in cache: 86
consumer:scad.verify | CGAL cache size in bytes: 41369250
consumer:scad.verify | Total rendering time: 0:00:00.582
consumer:scad.verify |    Top level object is a 3D object (manifold):
consumer:scad.verify |    Status:     NoError
consumer:scad.verify |    Genus:      -1
consumer:scad.verify |    Vertices:     8611
consumer:scad.verify |    Facets:      17214
consumer:scad.verify | + scad-image-watermark /__w/2026-009-01.cad.HUB75-display-frame/2026-009-01.cad.HUB75-display-frame/vrf/out/png/.corner-edge-coupler-left-medium-fit-detail.unwatermarked.png /__w/2026-009-01.cad.HUB75-display-frame/2026-009-01.cad.HUB75-display-frame/vrf/out/png/corner-edge-coupler-left-medium-fit-detail.png --text © 2026 brainboxemb
consumer:scad.verify | SCons built: vrf/out/png/corner-edge-coupler-left-medium-fit-detail.png
consumer:scad.verify | _action(["vrf/out/png/corner-edge-coupler-left-large-fit-detail.png"], ["vrf/openscad/corner-edge-coupler-left-fit-detail.scad", "dsg/openscad/assemblies/verification/corner_edge_coupler_fit_assembly.scad", "dsg/openscad/ext/lib.scad.hub75/openscad/p5-64x32-panel/hub75_p5_64x32_panel.scad", "dsg/openscad/project_components/corner-edge-coupler/hub75_corner_edge_coupler.scad", "dsg/openscad/project_components/hub75_panel_mating.scad", "dsg/openscad/assemblies/helpers/verification_datum_pin.scad"])
consumer:scad.verify | + xvfb-run -a openscad --enable=object-function --render --projection=o -D size="large" --autocenter --viewall --imgsize=1280,720 -o /__w/2026-009-01.cad.HUB75-display-frame/2026-009-01.cad.HUB75-display-frame/vrf/out/png/.corner-edge-coupler-left-large-fit-detail.unwatermarked.png /__w/2026-009-01.cad.HUB75-display-frame/2026-009-01.cad.HUB75-display-frame/vrf/openscad/corner-edge-coupler-left-fit-detail.scad
consumer:scad.verify | WARNING: Viewall and autocenter disabled in favor of $vp*
consumer:scad.verify | Geometries in cache: 316
consumer:scad.verify | Geometry cache size in bytes: 3402552
consumer:scad.verify | CGAL Polyhedrons in cache: 86
consumer:scad.verify | CGAL cache size in bytes: 44527750
consumer:scad.verify | Total rendering time: 0:00:00.577
consumer:scad.verify |    Top level object is a 3D object (manifold):
consumer:scad.verify |    Status:     NoError
consumer:scad.verify |    Genus:      -1
consumer:scad.verify |    Vertices:    10840
consumer:scad.verify |    Facets:      21672
consumer:scad.verify | + scad-image-watermark /__w/2026-009-01.cad.HUB75-display-frame/2026-009-01.cad.HUB75-display-frame/vrf/out/png/.corner-edge-coupler-left-large-fit-detail.unwatermarked.png /__w/2026-009-01.cad.HUB75-display-frame/2026-009-01.cad.HUB75-display-frame/vrf/out/png/corner-edge-coupler-left-large-fit-detail.png --text © 2026 brainboxemb
consumer:scad.verify | SCons built: vrf/out/png/corner-edge-coupler-left-large-fit-detail.png
consumer:scad.verify | _action(["vrf/out/png/corner-edge-coupler-left-small-rear-fit-section.png"], ["vrf/openscad/corner-edge-coupler-left-rear-fit-section.scad", "dsg/openscad/assemblies/verification/corner_edge_coupler_fit_assembly.scad", "dsg/openscad/ext/lib.scad.hub75/openscad/p5-64x32-panel/hub75_p5_64x32_panel.scad", "dsg/openscad/project_components/corner-edge-coupler/hub75_corner_edge_coupler.scad", "dsg/openscad/project_components/hub75_panel_mating.scad", "dsg/openscad/assemblies/helpers/verification_datum_pin.scad"])
consumer:scad.verify | + xvfb-run -a openscad --enable=object-function --render --projection=o -D size="small" --autocenter --viewall --imgsize=1280,720 -o /__w/2026-009-01.cad.HUB75-display-frame/2026-009-01.cad.HUB75-display-frame/vrf/out/png/.corner-edge-coupler-left-small-rear-fit-section.unwatermarked.png /__w/2026-009-01.cad.HUB75-display-frame/2026-009-01.cad.HUB75-display-frame/vrf/openscad/corner-edge-coupler-left-rear-fit-section.scad
consumer:scad.verify | WARNING: Viewall and autocenter disabled in favor of $vp*
consumer:scad.verify | Geometries in cache: 259
consumer:scad.verify | Geometry cache size in bytes: 3257912
consumer:scad.verify | CGAL Polyhedrons in cache: 81
consumer:scad.verify | CGAL cache size in bytes: 37165750
consumer:scad.verify | Total rendering time: 0:00:00.512
consumer:scad.verify |    Top level object is a 3D object (manifold):
consumer:scad.verify |    Status:     NoError
consumer:scad.verify |    Genus:      -1
consumer:scad.verify |    Vertices:     2126
consumer:scad.verify |    Facets:       4244
consumer:scad.verify | + scad-image-watermark /__w/2026-009-01.cad.HUB75-display-frame/2026-009-01.cad.HUB75-display-frame/vrf/out/png/.corner-edge-coupler-left-small-rear-fit-section.unwatermarked.png /__w/2026-009-01.cad.HUB75-display-frame/2026-009-01.cad.HUB75-display-frame/vrf/out/png/corner-edge-coupler-left-small-rear-fit-section.png --text © 2026 brainboxemb
consumer:scad.verify | SCons built: vrf/out/png/corner-edge-coupler-left-small-rear-fit-section.png
consumer:scad.verify | _action(["vrf/out/png/corner-edge-coupler-left-medium-rear-fit-section.png"], ["vrf/openscad/corner-edge-coupler-left-rear-fit-section.scad", "dsg/openscad/assemblies/verification/corner_edge_coupler_fit_assembly.scad", "dsg/openscad/ext/lib.scad.hub75/openscad/p5-64x32-panel/hub75_p5_64x32_panel.scad", "dsg/openscad/project_components/corner-edge-coupler/hub75_corner_edge_coupler.scad", "dsg/openscad/project_components/hub75_panel_mating.scad", "dsg/openscad/assemblies/helpers/verification_datum_pin.scad"])
consumer:scad.verify | + xvfb-run -a openscad --enable=object-function --render --projection=o -D size="medium" --autocenter --viewall --imgsize=1280,720 -o /__w/2026-009-01.cad.HUB75-display-frame/2026-009-01.cad.HUB75-display-frame/vrf/out/png/.corner-edge-coupler-left-medium-rear-fit-section.unwatermarked.png /__w/2026-009-01.cad.HUB75-display-frame/2026-009-01.cad.HUB75-display-frame/vrf/openscad/corner-edge-coupler-left-rear-fit-section.scad
consumer:scad.verify | WARNING: Viewall and autocenter disabled in favor of $vp*
consumer:scad.verify | Geometries in cache: 267
consumer:scad.verify | Geometry cache size in bytes: 3303112
consumer:scad.verify | CGAL Polyhedrons in cache: 81
consumer:scad.verify | CGAL cache size in bytes: 38653750
consumer:scad.verify | Total rendering time: 0:00:00.555
consumer:scad.verify |    Top level object is a 3D object (manifold):
consumer:scad.verify |    Status:     NoError
consumer:scad.verify |    Genus:      0
consumer:scad.verify |    Vertices:     1840
consumer:scad.verify |    Facets:       3676
consumer:scad.verify | + scad-image-watermark /__w/2026-009-01.cad.HUB75-display-frame/2026-009-01.cad.HUB75-display-frame/vrf/out/png/.corner-edge-coupler-left-medium-rear-fit-section.unwatermarked.png /__w/2026-009-01.cad.HUB75-display-frame/2026-009-01.cad.HUB75-display-frame/vrf/out/png/corner-edge-coupler-left-medium-rear-fit-section.png --text © 2026 brainboxemb
consumer:scad.verify | SCons built: vrf/out/png/corner-edge-coupler-left-medium-rear-fit-section.png
consumer:scad.verify | _action(["vrf/out/png/corner-edge-coupler-left-large-rear-fit-section.png"], ["vrf/openscad/corner-edge-coupler-left-rear-fit-section.scad", "dsg/openscad/assemblies/verification/corner_edge_coupler_fit_assembly.scad", "dsg/openscad/ext/lib.scad.hub75/openscad/p5-64x32-panel/hub75_p5_64x32_panel.scad", "dsg/openscad/project_components/corner-edge-coupler/hub75_corner_edge_coupler.scad", "dsg/openscad/project_components/hub75_panel_mating.scad", "dsg/openscad/assemblies/helpers/verification_datum_pin.scad"])
consumer:scad.verify | + xvfb-run -a openscad --enable=object-function --render --projection=o -D size="large" --autocenter --viewall --imgsize=1280,720 -o /__w/2026-009-01.cad.HUB75-display-frame/2026-009-01.cad.HUB75-display-frame/vrf/out/png/.corner-edge-coupler-left-large-rear-fit-section.unwatermarked.png /__w/2026-009-01.cad.HUB75-display-frame/2026-009-01.cad.HUB75-display-frame/vrf/openscad/corner-edge-coupler-left-rear-fit-section.scad
consumer:scad.verify | WARNING: Viewall and autocenter disabled in favor of $vp*
consumer:scad.verify | Geometries in cache: 275
consumer:scad.verify | Geometry cache size in bytes: 3361960
consumer:scad.verify | CGAL Polyhedrons in cache: 81
consumer:scad.verify | CGAL cache size in bytes: 40790000
consumer:scad.verify | Total rendering time: 0:00:00.548
consumer:scad.verify |    Top level object is a 3D object (manifold):
consumer:scad.verify |    Status:     NoError
consumer:scad.verify |    Genus:      0
consumer:scad.verify |    Vertices:     1962
consumer:scad.verify |    Facets:       3920
consumer:scad.verify | + scad-image-watermark /__w/2026-009-01.cad.HUB75-display-frame/2026-009-01.cad.HUB75-display-frame/vrf/out/png/.corner-edge-coupler-left-large-rear-fit-section.unwatermarked.png /__w/2026-009-01.cad.HUB75-display-frame/2026-009-01.cad.HUB75-display-frame/vrf/out/png/corner-edge-coupler-left-large-rear-fit-section.png --text © 2026 brainboxemb
consumer:scad.verify | SCons built: vrf/out/png/corner-edge-coupler-left-large-rear-fit-section.png
consumer:scad.verify | _action(["vrf/out/png/corner-edge-coupler-left-small-xy-side-edge-section.png"], ["vrf/openscad/corner-edge-coupler-left-xy-side-edge-section.scad", "dsg/openscad/assemblies/verification/corner_edge_coupler_fit_assembly.scad", "dsg/openscad/ext/lib.scad.hub75/openscad/p5-64x32-panel/hub75_p5_64x32_panel.scad", "dsg/openscad/project_components/corner-edge-coupler/hub75_corner_edge_coupler.scad", "dsg/openscad/project_components/hub75_panel_mating.scad", "dsg/openscad/assemblies/helpers/verification_datum_pin.scad"])
consumer:scad.verify | + xvfb-run -a openscad --enable=object-function --render --projection=o -D size="small" --autocenter --viewall --imgsize=1280,720 -o /__w/2026-009-01.cad.HUB75-display-frame/2026-009-01.cad.HUB75-display-frame/vrf/out/png/.corner-edge-coupler-left-small-xy-side-edge-section.unwatermarked.png /__w/2026-009-01.cad.HUB75-display-frame/2026-009-01.cad.HUB75-display-frame/vrf/openscad/corner-edge-coupler-left-xy-side-edge-section.scad
consumer:scad.verify | WARNING: Viewall and autocenter disabled in favor of $vp*
consumer:scad.verify | Geometries in cache: 255
consumer:scad.verify | Geometry cache size in bytes: 3214168
consumer:scad.verify | CGAL Polyhedrons in cache: 81
consumer:scad.verify | CGAL cache size in bytes: 35826000
consumer:scad.verify | Total rendering time: 0:00:00.523
consumer:scad.verify |    Top level object is a 3D object (manifold):
consumer:scad.verify |    Status:     NoError
consumer:scad.verify |    Genus:      0
consumer:scad.verify |    Vertices:      169
consumer:scad.verify |    Facets:        334
consumer:scad.verify | + scad-image-watermark /__w/2026-009-01.cad.HUB75-display-frame/2026-009-01.cad.HUB75-display-frame/vrf/out/png/.corner-edge-coupler-left-small-xy-side-edge-section.unwatermarked.png /__w/2026-009-01.cad.HUB75-display-frame/2026-009-01.cad.HUB75-display-frame/vrf/out/png/corner-edge-coupler-left-small-xy-side-edge-section.png --text © 2026 brainboxemb
consumer:scad.verify | SCons built: vrf/out/png/corner-edge-coupler-left-small-xy-side-edge-section.png
consumer:scad.verify | _action(["vrf/out/png/corner-edge-coupler-left-medium-xy-side-edge-section.png"], ["vrf/openscad/corner-edge-coupler-left-xy-side-edge-section.scad", "dsg/openscad/assemblies/verification/corner_edge_coupler_fit_assembly.scad", "dsg/openscad/ext/lib.scad.hub75/openscad/p5-64x32-panel/hub75_p5_64x32_panel.scad", "dsg/openscad/project_components/corner-edge-coupler/hub75_corner_edge_coupler.scad", "dsg/openscad/project_components/hub75_panel_mating.scad", "dsg/openscad/assemblies/helpers/verification_datum_pin.scad"])
consumer:scad.verify | + xvfb-run -a openscad --enable=object-function --render --projection=o -D size="medium" --autocenter --viewall --imgsize=1280,720 -o /__w/2026-009-01.cad.HUB75-display-frame/2026-009-01.cad.HUB75-display-frame/vrf/out/png/.corner-edge-coupler-left-medium-xy-side-edge-section.unwatermarked.png /__w/2026-009-01.cad.HUB75-display-frame/2026-009-01.cad.HUB75-display-frame/vrf/openscad/corner-edge-coupler-left-xy-side-edge-section.scad
consumer:scad.verify | WARNING: Viewall and autocenter disabled in favor of $vp*
consumer:scad.verify | Geometries in cache: 263
consumer:scad.verify | Geometry cache size in bytes: 3259368
consumer:scad.verify | CGAL Polyhedrons in cache: 81
consumer:scad.verify | CGAL cache size in bytes: 37527750
consumer:scad.verify | Total rendering time: 0:00:00.532
consumer:scad.verify |    Top level object is a 3D object (manifold):
consumer:scad.verify |    Status:     NoError
consumer:scad.verify |    Genus:      0
consumer:scad.verify |    Vertices:      168
consumer:scad.verify |    Facets:        332
consumer:scad.verify | + scad-image-watermark /__w/2026-009-01.cad.HUB75-display-frame/2026-009-01.cad.HUB75-display-frame/vrf/out/png/.corner-edge-coupler-left-medium-xy-side-edge-section.unwatermarked.png /__w/2026-009-01.cad.HUB75-display-frame/2026-009-01.cad.HUB75-display-frame/vrf/out/png/corner-edge-coupler-left-medium-xy-side-edge-section.png --text © 2026 brainboxemb
consumer:scad.verify | SCons built: vrf/out/png/corner-edge-coupler-left-medium-xy-side-edge-section.png
consumer:scad.verify | _action(["vrf/out/png/corner-edge-coupler-left-large-xy-side-edge-section.png"], ["vrf/openscad/corner-edge-coupler-left-xy-side-edge-section.scad", "dsg/openscad/assemblies/verification/corner_edge_coupler_fit_assembly.scad", "dsg/openscad/ext/lib.scad.hub75/openscad/p5-64x32-panel/hub75_p5_64x32_panel.scad", "dsg/openscad/project_components/corner-edge-coupler/hub75_corner_edge_coupler.scad", "dsg/openscad/project_components/hub75_panel_mating.scad", "dsg/openscad/assemblies/helpers/verification_datum_pin.scad"])
consumer:scad.verify | + xvfb-run -a openscad --enable=object-function --render --projection=o -D size="large" --autocenter --viewall --imgsize=1280,720 -o /__w/2026-009-01.cad.HUB75-display-frame/2026-009-01.cad.HUB75-display-frame/vrf/out/png/.corner-edge-coupler-left-large-xy-side-edge-section.unwatermarked.png /__w/2026-009-01.cad.HUB75-display-frame/2026-009-01.cad.HUB75-display-frame/vrf/openscad/corner-edge-coupler-left-xy-side-edge-section.scad
consumer:scad.verify | WARNING: Viewall and autocenter disabled in favor of $vp*
consumer:scad.verify | Geometries in cache: 271
consumer:scad.verify | Geometry cache size in bytes: 3318216
consumer:scad.verify | CGAL Polyhedrons in cache: 81
consumer:scad.verify | CGAL cache size in bytes: 39572500
consumer:scad.verify | Total rendering time: 0:00:00.523
consumer:scad.verify |    Top level object is a 3D object (manifold):
consumer:scad.verify |    Status:     NoError
consumer:scad.verify |    Genus:      0
consumer:scad.verify |    Vertices:      168
consumer:scad.verify |    Facets:        332
consumer:scad.verify | + scad-image-watermark /__w/2026-009-01.cad.HUB75-display-frame/2026-009-01.cad.HUB75-display-frame/vrf/out/png/.corner-edge-coupler-left-large-xy-side-edge-section.unwatermarked.png /__w/2026-009-01.cad.HUB75-display-frame/2026-009-01.cad.HUB75-display-frame/vrf/out/png/corner-edge-coupler-left-large-xy-side-edge-section.png --text © 2026 brainboxemb
consumer:scad.verify | SCons built: vrf/out/png/corner-edge-coupler-left-large-xy-side-edge-section.png
consumer:scad.verify | _action(["vrf/out/png/corner-edge-coupler-left-small-yz-top-edge-section.png"], ["vrf/openscad/corner-edge-coupler-left-yz-top-edge-section.scad", "dsg/openscad/assemblies/verification/corner_edge_coupler_fit_assembly.scad", "dsg/openscad/ext/lib.scad.hub75/openscad/p5-64x32-panel/hub75_p5_64x32_panel.scad", "dsg/openscad/project_components/corner-edge-coupler/hub75_corner_edge_coupler.scad", "dsg/openscad/project_components/hub75_panel_mating.scad", "dsg/openscad/assemblies/helpers/verification_datum_pin.scad"])
consumer:scad.verify | + xvfb-run -a openscad --enable=object-function --render --projection=o -D size="small" --autocenter --viewall --imgsize=1280,720 -o /__w/2026-009-01.cad.HUB75-display-frame/2026-009-01.cad.HUB75-display-frame/vrf/out/png/.corner-edge-coupler-left-small-yz-top-edge-section.unwatermarked.png /__w/2026-009-01.cad.HUB75-display-frame/2026-009-01.cad.HUB75-display-frame/vrf/openscad/corner-edge-coupler-left-yz-top-edge-section.scad
consumer:scad.verify | WARNING: Viewall and autocenter disabled in favor of $vp*
consumer:scad.verify | Geometries in cache: 255
consumer:scad.verify | Geometry cache size in bytes: 3214168
consumer:scad.verify | CGAL Polyhedrons in cache: 81
consumer:scad.verify | CGAL cache size in bytes: 35762250
consumer:scad.verify | Total rendering time: 0:00:00.489
consumer:scad.verify |    Top level object is a 3D object (manifold):
consumer:scad.verify |    Status:     NoError
consumer:scad.verify |    Genus:      1
consumer:scad.verify |    Vertices:       84
consumer:scad.verify |    Facets:        168
consumer:scad.verify | + scad-image-watermark /__w/2026-009-01.cad.HUB75-display-frame/2026-009-01.cad.HUB75-display-frame/vrf/out/png/.corner-edge-coupler-left-small-yz-top-edge-section.unwatermarked.png /__w/2026-009-01.cad.HUB75-display-frame/2026-009-01.cad.HUB75-display-frame/vrf/out/png/corner-edge-coupler-left-small-yz-top-edge-section.png --text © 2026 brainboxemb
consumer:scad.verify | SCons built: vrf/out/png/corner-edge-coupler-left-small-yz-top-edge-section.png
consumer:scad.verify | _action(["vrf/out/png/corner-edge-coupler-left-medium-yz-top-edge-section.png"], ["vrf/openscad/corner-edge-coupler-left-yz-top-edge-section.scad", "dsg/openscad/assemblies/verification/corner_edge_coupler_fit_assembly.scad", "dsg/openscad/ext/lib.scad.hub75/openscad/p5-64x32-panel/hub75_p5_64x32_panel.scad", "dsg/openscad/project_components/corner-edge-coupler/hub75_corner_edge_coupler.scad", "dsg/openscad/project_components/hub75_panel_mating.scad", "dsg/openscad/assemblies/helpers/verification_datum_pin.scad"])
consumer:scad.verify | + xvfb-run -a openscad --enable=object-function --render --projection=o -D size="medium" --autocenter --viewall --imgsize=1280,720 -o /__w/2026-009-01.cad.HUB75-display-frame/2026-009-01.cad.HUB75-display-frame/vrf/out/png/.corner-edge-coupler-left-medium-yz-top-edge-section.unwatermarked.png /__w/2026-009-01.cad.HUB75-display-frame/2026-009-01.cad.HUB75-display-frame/vrf/openscad/corner-edge-coupler-left-yz-top-edge-section.scad
consumer:scad.verify | WARNING: Viewall and autocenter disabled in favor of $vp*
consumer:scad.verify | Geometries in cache: 263
consumer:scad.verify | Geometry cache size in bytes: 3259368
consumer:scad.verify | CGAL Polyhedrons in cache: 81
consumer:scad.verify | CGAL cache size in bytes: 37465500
consumer:scad.verify | Total rendering time: 0:00:00.540
consumer:scad.verify |    Top level object is a 3D object (manifold):
consumer:scad.verify |    Status:     NoError
consumer:scad.verify |    Genus:      1
consumer:scad.verify |    Vertices:       85
consumer:scad.verify |    Facets:        170
consumer:scad.verify | + scad-image-watermark /__w/2026-009-01.cad.HUB75-display-frame/2026-009-01.cad.HUB75-display-frame/vrf/out/png/.corner-edge-coupler-left-medium-yz-top-edge-section.unwatermarked.png /__w/2026-009-01.cad.HUB75-display-frame/2026-009-01.cad.HUB75-display-frame/vrf/out/png/corner-edge-coupler-left-medium-yz-top-edge-section.png --text © 2026 brainboxemb
consumer:scad.verify | SCons built: vrf/out/png/corner-edge-coupler-left-medium-yz-top-edge-section.png
consumer:scad.verify | _action(["vrf/out/png/corner-edge-coupler-left-large-yz-top-edge-section.png"], ["vrf/openscad/corner-edge-coupler-left-yz-top-edge-section.scad", "dsg/openscad/assemblies/verification/corner_edge_coupler_fit_assembly.scad", "dsg/openscad/ext/lib.scad.hub75/openscad/p5-64x32-panel/hub75_p5_64x32_panel.scad", "dsg/openscad/project_components/corner-edge-coupler/hub75_corner_edge_coupler.scad", "dsg/openscad/project_components/hub75_panel_mating.scad", "dsg/openscad/assemblies/helpers/verification_datum_pin.scad"])
consumer:scad.verify | + xvfb-run -a openscad --enable=object-function --render --projection=o -D size="large" --autocenter --viewall --imgsize=1280,720 -o /__w/2026-009-01.cad.HUB75-display-frame/2026-009-01.cad.HUB75-display-frame/vrf/out/png/.corner-edge-coupler-left-large-yz-top-edge-section.unwatermarked.png /__w/2026-009-01.cad.HUB75-display-frame/2026-009-01.cad.HUB75-display-frame/vrf/openscad/corner-edge-coupler-left-yz-top-edge-section.scad
consumer:scad.verify | WARNING: Viewall and autocenter disabled in favor of $vp*
consumer:scad.verify | Geometries in cache: 271
consumer:scad.verify | Geometry cache size in bytes: 3318216
consumer:scad.verify | CGAL Polyhedrons in cache: 81
consumer:scad.verify | CGAL cache size in bytes: 39509500
consumer:scad.verify | Total rendering time: 0:00:00.523
consumer:scad.verify |    Top level object is a 3D object (manifold):
consumer:scad.verify |    Status:     NoError
consumer:scad.verify |    Genus:      1
consumer:scad.verify |    Vertices:       84
consumer:scad.verify |    Facets:        168
consumer:scad.verify | + scad-image-watermark /__w/2026-009-01.cad.HUB75-display-frame/2026-009-01.cad.HUB75-display-frame/vrf/out/png/.corner-edge-coupler-left-large-yz-top-edge-section.unwatermarked.png /__w/2026-009-01.cad.HUB75-display-frame/2026-009-01.cad.HUB75-display-frame/vrf/out/png/corner-edge-coupler-left-large-yz-top-edge-section.png --text © 2026 brainboxemb
consumer:scad.verify | SCons built: vrf/out/png/corner-edge-coupler-left-large-yz-top-edge-section.png
consumer:scad.verify | _action(["vrf/out/png/corner-edge-coupler-right-small-fit-detail.png"], ["vrf/openscad/corner-edge-coupler-right-fit-detail.scad", "dsg/openscad/assemblies/verification/corner_edge_coupler_fit_assembly.scad", "dsg/openscad/ext/lib.scad.hub75/openscad/p5-64x32-panel/hub75_p5_64x32_panel.scad", "dsg/openscad/project_components/corner-edge-coupler/hub75_corner_edge_coupler.scad", "dsg/openscad/project_components/hub75_panel_mating.scad", "dsg/openscad/assemblies/helpers/verification_datum_pin.scad"])
consumer:scad.verify | + xvfb-run -a openscad --enable=object-function --render --projection=o -D size="small" --autocenter --viewall --imgsize=1280,720 -o /__w/2026-009-01.cad.HUB75-display-frame/2026-009-01.cad.HUB75-display-frame/vrf/out/png/.corner-edge-coupler-right-small-fit-detail.unwatermarked.png /__w/2026-009-01.cad.HUB75-display-frame/2026-009-01.cad.HUB75-display-frame/vrf/openscad/corner-edge-coupler-right-fit-detail.scad
consumer:scad.verify | WARNING: Viewall and autocenter disabled in favor of $vp*
consumer:scad.verify | Geometries in cache: 294
consumer:scad.verify | Geometry cache size in bytes: 3071424
consumer:scad.verify | CGAL Polyhedrons in cache: 83
consumer:scad.verify | CGAL cache size in bytes: 37872000
consumer:scad.verify | Total rendering time: 0:00:00.522
consumer:scad.verify |    Top level object is a 3D object (manifold):
consumer:scad.verify |    Status:     NoError
consumer:scad.verify |    Genus:      0
consumer:scad.verify |    Vertices:     6808
consumer:scad.verify |    Facets:      13612
consumer:scad.verify | + scad-image-watermark /__w/2026-009-01.cad.HUB75-display-frame/2026-009-01.cad.HUB75-display-frame/vrf/out/png/.corner-edge-coupler-right-small-fit-detail.unwatermarked.png /__w/2026-009-01.cad.HUB75-display-frame/2026-009-01.cad.HUB75-display-frame/vrf/out/png/corner-edge-coupler-right-small-fit-detail.png --text © 2026 brainboxemb
consumer:scad.verify | SCons built: vrf/out/png/corner-edge-coupler-right-small-fit-detail.png
consumer:scad.verify | _action(["vrf/out/png/corner-edge-coupler-right-medium-fit-detail.png"], ["vrf/openscad/corner-edge-coupler-right-fit-detail.scad", "dsg/openscad/assemblies/verification/corner_edge_coupler_fit_assembly.scad", "dsg/openscad/ext/lib.scad.hub75/openscad/p5-64x32-panel/hub75_p5_64x32_panel.scad", "dsg/openscad/project_components/corner-edge-coupler/hub75_corner_edge_coupler.scad", "dsg/openscad/project_components/hub75_panel_mating.scad", "dsg/openscad/assemblies/helpers/verification_datum_pin.scad"])
consumer:scad.verify | + xvfb-run -a openscad --enable=object-function --render --projection=o -D size="medium" --autocenter --viewall --imgsize=1280,720 -o /__w/2026-009-01.cad.HUB75-display-frame/2026-009-01.cad.HUB75-display-frame/vrf/out/png/.corner-edge-coupler-right-medium-fit-detail.unwatermarked.png /__w/2026-009-01.cad.HUB75-display-frame/2026-009-01.cad.HUB75-display-frame/vrf/openscad/corner-edge-coupler-right-fit-detail.scad
consumer:scad.verify | WARNING: Viewall and autocenter disabled in favor of $vp*
consumer:scad.verify | Geometries in cache: 302
consumer:scad.verify | Geometry cache size in bytes: 3116624
consumer:scad.verify | CGAL Polyhedrons in cache: 83
consumer:scad.verify | CGAL cache size in bytes: 40393250
consumer:scad.verify | Total rendering time: 0:00:00.576
consumer:scad.verify |    Top level object is a 3D object (manifold):
consumer:scad.verify |    Status:     NoError
consumer:scad.verify |    Genus:      0
consumer:scad.verify |    Vertices:     8475
consumer:scad.verify |    Facets:      16946
consumer:scad.verify | + scad-image-watermark /__w/2026-009-01.cad.HUB75-display-frame/2026-009-01.cad.HUB75-display-frame/vrf/out/png/.corner-edge-coupler-right-medium-fit-detail.unwatermarked.png /__w/2026-009-01.cad.HUB75-display-frame/2026-009-01.cad.HUB75-display-frame/vrf/out/png/corner-edge-coupler-right-medium-fit-detail.png --text © 2026 brainboxemb
consumer:scad.verify | SCons built: vrf/out/png/corner-edge-coupler-right-medium-fit-detail.png
consumer:scad.verify | _action(["vrf/out/png/corner-edge-coupler-right-large-fit-detail.png"], ["vrf/openscad/corner-edge-coupler-right-fit-detail.scad", "dsg/openscad/assemblies/verification/corner_edge_coupler_fit_assembly.scad", "dsg/openscad/ext/lib.scad.hub75/openscad/p5-64x32-panel/hub75_p5_64x32_panel.scad", "dsg/openscad/project_components/corner-edge-coupler/hub75_corner_edge_coupler.scad", "dsg/openscad/project_components/hub75_panel_mating.scad", "dsg/openscad/assemblies/helpers/verification_datum_pin.scad"])
consumer:scad.verify | + xvfb-run -a openscad --enable=object-function --render --projection=o -D size="large" --autocenter --viewall --imgsize=1280,720 -o /__w/2026-009-01.cad.HUB75-display-frame/2026-009-01.cad.HUB75-display-frame/vrf/out/png/.corner-edge-coupler-right-large-fit-detail.unwatermarked.png /__w/2026-009-01.cad.HUB75-display-frame/2026-009-01.cad.HUB75-display-frame/vrf/openscad/corner-edge-coupler-right-fit-detail.scad
consumer:scad.verify | WARNING: Viewall and autocenter disabled in favor of $vp*
consumer:scad.verify | Geometries in cache: 310
consumer:scad.verify | Geometry cache size in bytes: 3175472
consumer:scad.verify | CGAL Polyhedrons in cache: 83
consumer:scad.verify | CGAL cache size in bytes: 42764000
consumer:scad.verify | Total rendering time: 0:00:00.561
consumer:scad.verify |    Top level object is a 3D object (manifold):
consumer:scad.verify |    Status:     NoError
consumer:scad.verify |    Genus:      0
consumer:scad.verify |    Vertices:    10109
consumer:scad.verify |    Facets:      20214
consumer:scad.verify | + scad-image-watermark /__w/2026-009-01.cad.HUB75-display-frame/2026-009-01.cad.HUB75-display-frame/vrf/out/png/.corner-edge-coupler-right-large-fit-detail.unwatermarked.png /__w/2026-009-01.cad.HUB75-display-frame/2026-009-01.cad.HUB75-display-frame/vrf/out/png/corner-edge-coupler-right-large-fit-detail.png --text © 2026 brainboxemb
consumer:scad.verify | SCons built: vrf/out/png/corner-edge-coupler-right-large-fit-detail.png
consumer:scad.verify | _action(["vrf/out/png/corner-edge-coupler-right-small-rear-fit-section.png"], ["vrf/openscad/corner-edge-coupler-right-rear-fit-section.scad", "dsg/openscad/assemblies/verification/corner_edge_coupler_fit_assembly.scad", "dsg/openscad/ext/lib.scad.hub75/openscad/p5-64x32-panel/hub75_p5_64x32_panel.scad", "dsg/openscad/project_components/corner-edge-coupler/hub75_corner_edge_coupler.scad", "dsg/openscad/project_components/hub75_panel_mating.scad", "dsg/openscad/assemblies/helpers/verification_datum_pin.scad"])
consumer:scad.verify | + xvfb-run -a openscad --enable=object-function --render --projection=o -D size="small" --autocenter --viewall --imgsize=1280,720 -o /__w/2026-009-01.cad.HUB75-display-frame/2026-009-01.cad.HUB75-display-frame/vrf/out/png/.corner-edge-coupler-right-small-rear-fit-section.unwatermarked.png /__w/2026-009-01.cad.HUB75-display-frame/2026-009-01.cad.HUB75-display-frame/vrf/openscad/corner-edge-coupler-right-rear-fit-section.scad
consumer:scad.verify | WARNING: Viewall and autocenter disabled in favor of $vp*
consumer:scad.verify | Geometries in cache: 253
consumer:scad.verify | Geometry cache size in bytes: 3030832
consumer:scad.verify | CGAL Polyhedrons in cache: 78
consumer:scad.verify | CGAL cache size in bytes: 36289000
consumer:scad.verify | Total rendering time: 0:00:00.504
consumer:scad.verify |    Top level object is a 3D object (manifold):
consumer:scad.verify |    Status:     NoError
consumer:scad.verify |    Genus:      -1
consumer:scad.verify |    Vertices:     2148
consumer:scad.verify |    Facets:       4288
consumer:scad.verify | + scad-image-watermark /__w/2026-009-01.cad.HUB75-display-frame/2026-009-01.cad.HUB75-display-frame/vrf/out/png/.corner-edge-coupler-right-small-rear-fit-section.unwatermarked.png /__w/2026-009-01.cad.HUB75-display-frame/2026-009-01.cad.HUB75-display-frame/vrf/out/png/corner-edge-coupler-right-small-rear-fit-section.png --text © 2026 brainboxemb
consumer:scad.verify | SCons built: vrf/out/png/corner-edge-coupler-right-small-rear-fit-section.png
consumer:scad.verify | _action(["vrf/out/png/corner-edge-coupler-right-medium-rear-fit-section.png"], ["vrf/openscad/corner-edge-coupler-right-rear-fit-section.scad", "dsg/openscad/assemblies/verification/corner_edge_coupler_fit_assembly.scad", "dsg/openscad/ext/lib.scad.hub75/openscad/p5-64x32-panel/hub75_p5_64x32_panel.scad", "dsg/openscad/project_components/corner-edge-coupler/hub75_corner_edge_coupler.scad", "dsg/openscad/project_components/hub75_panel_mating.scad", "dsg/openscad/assemblies/helpers/verification_datum_pin.scad"])
consumer:scad.verify | + xvfb-run -a openscad --enable=object-function --render --projection=o -D size="medium" --autocenter --viewall --imgsize=1280,720 -o /__w/2026-009-01.cad.HUB75-display-frame/2026-009-01.cad.HUB75-display-frame/vrf/out/png/.corner-edge-coupler-right-medium-rear-fit-section.unwatermarked.png /__w/2026-009-01.cad.HUB75-display-frame/2026-009-01.cad.HUB75-display-frame/vrf/openscad/corner-edge-coupler-right-rear-fit-section.scad
consumer:scad.verify | WARNING: Viewall and autocenter disabled in favor of $vp*
consumer:scad.verify | Geometries in cache: 261
consumer:scad.verify | Geometry cache size in bytes: 3076032
consumer:scad.verify | CGAL Polyhedrons in cache: 78
consumer:scad.verify | CGAL cache size in bytes: 37756750
consumer:scad.verify | Total rendering time: 0:00:00.554
consumer:scad.verify |    Top level object is a 3D object (manifold):
consumer:scad.verify |    Status:     NoError
consumer:scad.verify |    Genus:      0
consumer:scad.verify |    Vertices:     1854
consumer:scad.verify |    Facets:       3704
consumer:scad.verify | + scad-image-watermark /__w/2026-009-01.cad.HUB75-display-frame/2026-009-01.cad.HUB75-display-frame/vrf/out/png/.corner-edge-coupler-right-medium-rear-fit-section.unwatermarked.png /__w/2026-009-01.cad.HUB75-display-frame/2026-009-01.cad.HUB75-display-frame/vrf/out/png/corner-edge-coupler-right-medium-rear-fit-section.png --text © 2026 brainboxemb
consumer:scad.verify | SCons built: vrf/out/png/corner-edge-coupler-right-medium-rear-fit-section.png
consumer:scad.verify | _action(["vrf/out/png/corner-edge-coupler-right-large-rear-fit-section.png"], ["vrf/openscad/corner-edge-coupler-right-rear-fit-section.scad", "dsg/openscad/assemblies/verification/corner_edge_coupler_fit_assembly.scad", "dsg/openscad/ext/lib.scad.hub75/openscad/p5-64x32-panel/hub75_p5_64x32_panel.scad", "dsg/openscad/project_components/corner-edge-coupler/hub75_corner_edge_coupler.scad", "dsg/openscad/project_components/hub75_panel_mating.scad", "dsg/openscad/assemblies/helpers/verification_datum_pin.scad"])
consumer:scad.verify | + xvfb-run -a openscad --enable=object-function --render --projection=o -D size="large" --autocenter --viewall --imgsize=1280,720 -o /__w/2026-009-01.cad.HUB75-display-frame/2026-009-01.cad.HUB75-display-frame/vrf/out/png/.corner-edge-coupler-right-large-rear-fit-section.unwatermarked.png /__w/2026-009-01.cad.HUB75-display-frame/2026-009-01.cad.HUB75-display-frame/vrf/openscad/corner-edge-coupler-right-rear-fit-section.scad
consumer:scad.verify | WARNING: Viewall and autocenter disabled in favor of $vp*
consumer:scad.verify | Geometries in cache: 269
consumer:scad.verify | Geometry cache size in bytes: 3134880
consumer:scad.verify | CGAL Polyhedrons in cache: 78
consumer:scad.verify | CGAL cache size in bytes: 39391500
consumer:scad.verify | Total rendering time: 0:00:00.543
consumer:scad.verify |    Top level object is a 3D object (manifold):
consumer:scad.verify |    Status:     NoError
consumer:scad.verify |    Genus:      0
consumer:scad.verify |    Vertices:     1962
consumer:scad.verify |    Facets:       3920
consumer:scad.verify | + scad-image-watermark /__w/2026-009-01.cad.HUB75-display-frame/2026-009-01.cad.HUB75-display-frame/vrf/out/png/.corner-edge-coupler-right-large-rear-fit-section.unwatermarked.png /__w/2026-009-01.cad.HUB75-display-frame/2026-009-01.cad.HUB75-display-frame/vrf/out/png/corner-edge-coupler-right-large-rear-fit-section.png --text © 2026 brainboxemb
consumer:scad.verify | SCons built: vrf/out/png/corner-edge-coupler-right-large-rear-fit-section.png
consumer:scad.verify | _action(["vrf/out/png/corner-edge-coupler-right-small-xy-side-edge-section.png"], ["vrf/openscad/corner-edge-coupler-right-xy-side-edge-section.scad", "dsg/openscad/assemblies/verification/corner_edge_coupler_fit_assembly.scad", "dsg/openscad/ext/lib.scad.hub75/openscad/p5-64x32-panel/hub75_p5_64x32_panel.scad", "dsg/openscad/project_components/corner-edge-coupler/hub75_corner_edge_coupler.scad", "dsg/openscad/project_components/hub75_panel_mating.scad", "dsg/openscad/assemblies/helpers/verification_datum_pin.scad"])
consumer:scad.verify | + xvfb-run -a openscad --enable=object-function --render --projection=o -D size="small" --autocenter --viewall --imgsize=1280,720 -o /__w/2026-009-01.cad.HUB75-display-frame/2026-009-01.cad.HUB75-display-frame/vrf/out/png/.corner-edge-coupler-right-small-xy-side-edge-section.unwatermarked.png /__w/2026-009-01.cad.HUB75-display-frame/2026-009-01.cad.HUB75-display-frame/vrf/openscad/corner-edge-coupler-right-xy-side-edge-section.scad
consumer:scad.verify | WARNING: Viewall and autocenter disabled in favor of $vp*
consumer:scad.verify | Geometries in cache: 249
consumer:scad.verify | Geometry cache size in bytes: 2987088
consumer:scad.verify | CGAL Polyhedrons in cache: 78
consumer:scad.verify | CGAL cache size in bytes: 34932750
consumer:scad.verify | Total rendering time: 0:00:00.481
consumer:scad.verify |    Top level object is a 3D object (manifold):
consumer:scad.verify |    Status:     NoError
consumer:scad.verify |    Genus:      0
consumer:scad.verify |    Vertices:      169
consumer:scad.verify |    Facets:        334
consumer:scad.verify | + scad-image-watermark /__w/2026-009-01.cad.HUB75-display-frame/2026-009-01.cad.HUB75-display-frame/vrf/out/png/.corner-edge-coupler-right-small-xy-side-edge-section.unwatermarked.png /__w/2026-009-01.cad.HUB75-display-frame/2026-009-01.cad.HUB75-display-frame/vrf/out/png/corner-edge-coupler-right-small-xy-side-edge-section.png --text © 2026 brainboxemb
consumer:scad.verify | SCons built: vrf/out/png/corner-edge-coupler-right-small-xy-side-edge-section.png
consumer:scad.verify | _action(["vrf/out/png/corner-edge-coupler-right-medium-xy-side-edge-section.png"], ["vrf/openscad/corner-edge-coupler-right-xy-side-edge-section.scad", "dsg/openscad/assemblies/verification/corner_edge_coupler_fit_assembly.scad", "dsg/openscad/ext/lib.scad.hub75/openscad/p5-64x32-panel/hub75_p5_64x32_panel.scad", "dsg/openscad/project_components/corner-edge-coupler/hub75_corner_edge_coupler.scad", "dsg/openscad/project_components/hub75_panel_mating.scad", "dsg/openscad/assemblies/helpers/verification_datum_pin.scad"])
consumer:scad.verify | + xvfb-run -a openscad --enable=object-function --render --projection=o -D size="medium" --autocenter --viewall --imgsize=1280,720 -o /__w/2026-009-01.cad.HUB75-display-frame/2026-009-01.cad.HUB75-display-frame/vrf/out/png/.corner-edge-coupler-right-medium-xy-side-edge-section.unwatermarked.png /__w/2026-009-01.cad.HUB75-display-frame/2026-009-01.cad.HUB75-display-frame/vrf/openscad/corner-edge-coupler-right-xy-side-edge-section.scad
consumer:scad.verify | WARNING: Viewall and autocenter disabled in favor of $vp*
consumer:scad.verify | Geometries in cache: 257
consumer:scad.verify | Geometry cache size in bytes: 3032288
consumer:scad.verify | CGAL Polyhedrons in cache: 78
consumer:scad.verify | CGAL cache size in bytes: 36620250
consumer:scad.verify | Total rendering time: 0:00:00.530
consumer:scad.verify |    Top level object is a 3D object (manifold):
consumer:scad.verify |    Status:     NoError
consumer:scad.verify |    Genus:      0
consumer:scad.verify |    Vertices:      168
consumer:scad.verify |    Facets:        332
consumer:scad.verify | + scad-image-watermark /__w/2026-009-01.cad.HUB75-display-frame/2026-009-01.cad.HUB75-display-frame/vrf/out/png/.corner-edge-coupler-right-medium-xy-side-edge-section.unwatermarked.png /__w/2026-009-01.cad.HUB75-display-frame/2026-009-01.cad.HUB75-display-frame/vrf/out/png/corner-edge-coupler-right-medium-xy-side-edge-section.png --text © 2026 brainboxemb
consumer:scad.verify | SCons built: vrf/out/png/corner-edge-coupler-right-medium-xy-side-edge-section.png
consumer:scad.verify | _action(["vrf/out/png/corner-edge-coupler-right-large-xy-side-edge-section.png"], ["vrf/openscad/corner-edge-coupler-right-xy-side-edge-section.scad", "dsg/openscad/assemblies/verification/corner_edge_coupler_fit_assembly.scad", "dsg/openscad/ext/lib.scad.hub75/openscad/p5-64x32-panel/hub75_p5_64x32_panel.scad", "dsg/openscad/project_components/corner-edge-coupler/hub75_corner_edge_coupler.scad", "dsg/openscad/project_components/hub75_panel_mating.scad", "dsg/openscad/assemblies/helpers/verification_datum_pin.scad"])
consumer:scad.verify | + xvfb-run -a openscad --enable=object-function --render --projection=o -D size="large" --autocenter --viewall --imgsize=1280,720 -o /__w/2026-009-01.cad.HUB75-display-frame/2026-009-01.cad.HUB75-display-frame/vrf/out/png/.corner-edge-coupler-right-large-xy-side-edge-section.unwatermarked.png /__w/2026-009-01.cad.HUB75-display-frame/2026-009-01.cad.HUB75-display-frame/vrf/openscad/corner-edge-coupler-right-xy-side-edge-section.scad
consumer:scad.verify | WARNING: Viewall and autocenter disabled in favor of $vp*
consumer:scad.verify | Geometries in cache: 265
consumer:scad.verify | Geometry cache size in bytes: 3091136
consumer:scad.verify | CGAL Polyhedrons in cache: 78
consumer:scad.verify | CGAL cache size in bytes: 38174000
consumer:scad.verify | Total rendering time: 0:00:00.511
consumer:scad.verify |    Top level object is a 3D object (manifold):
consumer:scad.verify |    Status:     NoError
consumer:scad.verify |    Genus:      0
consumer:scad.verify |    Vertices:      168
consumer:scad.verify |    Facets:        332
consumer:scad.verify | + scad-image-watermark /__w/2026-009-01.cad.HUB75-display-frame/2026-009-01.cad.HUB75-display-frame/vrf/out/png/.corner-edge-coupler-right-large-xy-side-edge-section.unwatermarked.png /__w/2026-009-01.cad.HUB75-display-frame/2026-009-01.cad.HUB75-display-frame/vrf/out/png/corner-edge-coupler-right-large-xy-side-edge-section.png --text © 2026 brainboxemb
consumer:scad.verify | SCons built: vrf/out/png/corner-edge-coupler-right-large-xy-side-edge-section.png
consumer:scad.verify | _action(["vrf/out/png/corner-edge-coupler-right-small-yz-top-edge-section.png"], ["vrf/openscad/corner-edge-coupler-right-yz-top-edge-section.scad", "dsg/openscad/assemblies/verification/corner_edge_coupler_fit_assembly.scad", "dsg/openscad/ext/lib.scad.hub75/openscad/p5-64x32-panel/hub75_p5_64x32_panel.scad", "dsg/openscad/project_components/corner-edge-coupler/hub75_corner_edge_coupler.scad", "dsg/openscad/project_components/hub75_panel_mating.scad", "dsg/openscad/assemblies/helpers/verification_datum_pin.scad"])
consumer:scad.verify | + xvfb-run -a openscad --enable=object-function --render --projection=o -D size="small" --autocenter --viewall --imgsize=1280,720 -o /__w/2026-009-01.cad.HUB75-display-frame/2026-009-01.cad.HUB75-display-frame/vrf/out/png/.corner-edge-coupler-right-small-yz-top-edge-section.unwatermarked.png /__w/2026-009-01.cad.HUB75-display-frame/2026-009-01.cad.HUB75-display-frame/vrf/openscad/corner-edge-coupler-right-yz-top-edge-section.scad
consumer:scad.verify | WARNING: Viewall and autocenter disabled in favor of $vp*
consumer:scad.verify | Geometries in cache: 249
consumer:scad.verify | Geometry cache size in bytes: 2987088
consumer:scad.verify | CGAL Polyhedrons in cache: 78
consumer:scad.verify | CGAL cache size in bytes: 34870500
consumer:scad.verify | Total rendering time: 0:00:00.480
consumer:scad.verify |    Top level object is a 3D object (manifold):
consumer:scad.verify |    Status:     NoError
consumer:scad.verify |    Genus:      1
consumer:scad.verify |    Vertices:       86
consumer:scad.verify |    Facets:        172
consumer:scad.verify | + scad-image-watermark /__w/2026-009-01.cad.HUB75-display-frame/2026-009-01.cad.HUB75-display-frame/vrf/out/png/.corner-edge-coupler-right-small-yz-top-edge-section.unwatermarked.png /__w/2026-009-01.cad.HUB75-display-frame/2026-009-01.cad.HUB75-display-frame/vrf/out/png/corner-edge-coupler-right-small-yz-top-edge-section.png --text © 2026 brainboxemb
consumer:scad.verify | SCons built: vrf/out/png/corner-edge-coupler-right-small-yz-top-edge-section.png
consumer:scad.verify | _action(["vrf/out/png/corner-edge-coupler-right-medium-yz-top-edge-section.png"], ["vrf/openscad/corner-edge-coupler-right-yz-top-edge-section.scad", "dsg/openscad/assemblies/verification/corner_edge_coupler_fit_assembly.scad", "dsg/openscad/ext/lib.scad.hub75/openscad/p5-64x32-panel/hub75_p5_64x32_panel.scad", "dsg/openscad/project_components/corner-edge-coupler/hub75_corner_edge_coupler.scad", "dsg/openscad/project_components/hub75_panel_mating.scad", "dsg/openscad/assemblies/helpers/verification_datum_pin.scad"])
consumer:scad.verify | + xvfb-run -a openscad --enable=object-function --render --projection=o -D size="medium" --autocenter --viewall --imgsize=1280,720 -o /__w/2026-009-01.cad.HUB75-display-frame/2026-009-01.cad.HUB75-display-frame/vrf/out/png/.corner-edge-coupler-right-medium-yz-top-edge-section.unwatermarked.png /__w/2026-009-01.cad.HUB75-display-frame/2026-009-01.cad.HUB75-display-frame/vrf/openscad/corner-edge-coupler-right-yz-top-edge-section.scad
consumer:scad.verify | WARNING: Viewall and autocenter disabled in favor of $vp*
consumer:scad.verify | Geometries in cache: 257
consumer:scad.verify | Geometry cache size in bytes: 3032288
consumer:scad.verify | CGAL Polyhedrons in cache: 78
consumer:scad.verify | CGAL cache size in bytes: 36558000
consumer:scad.verify | Total rendering time: 0:00:00.528
consumer:scad.verify |    Top level object is a 3D object (manifold):
consumer:scad.verify |    Status:     NoError
consumer:scad.verify |    Genus:      1
consumer:scad.verify |    Vertices:       85
consumer:scad.verify |    Facets:        170
consumer:scad.verify | + scad-image-watermark /__w/2026-009-01.cad.HUB75-display-frame/2026-009-01.cad.HUB75-display-frame/vrf/out/png/.corner-edge-coupler-right-medium-yz-top-edge-section.unwatermarked.png /__w/2026-009-01.cad.HUB75-display-frame/2026-009-01.cad.HUB75-display-frame/vrf/out/png/corner-edge-coupler-right-medium-yz-top-edge-section.png --text © 2026 brainboxemb
consumer:scad.verify | SCons built: vrf/out/png/corner-edge-coupler-right-medium-yz-top-edge-section.png
consumer:scad.verify | _action(["vrf/out/png/corner-edge-coupler-right-large-yz-top-edge-section.png"], ["vrf/openscad/corner-edge-coupler-right-yz-top-edge-section.scad", "dsg/openscad/assemblies/verification/corner_edge_coupler_fit_assembly.scad", "dsg/openscad/ext/lib.scad.hub75/openscad/p5-64x32-panel/hub75_p5_64x32_panel.scad", "dsg/openscad/project_components/corner-edge-coupler/hub75_corner_edge_coupler.scad", "dsg/openscad/project_components/hub75_panel_mating.scad", "dsg/openscad/assemblies/helpers/verification_datum_pin.scad"])
consumer:scad.verify | + xvfb-run -a openscad --enable=object-function --render --projection=o -D size="large" --autocenter --viewall --imgsize=1280,720 -o /__w/2026-009-01.cad.HUB75-display-frame/2026-009-01.cad.HUB75-display-frame/vrf/out/png/.corner-edge-coupler-right-large-yz-top-edge-section.unwatermarked.png /__w/2026-009-01.cad.HUB75-display-frame/2026-009-01.cad.HUB75-display-frame/vrf/openscad/corner-edge-coupler-right-yz-top-edge-section.scad
consumer:scad.verify | WARNING: Viewall and autocenter disabled in favor of $vp*
consumer:scad.verify | Geometries in cache: 265
consumer:scad.verify | Geometry cache size in bytes: 3091136
consumer:scad.verify | CGAL Polyhedrons in cache: 78
consumer:scad.verify | CGAL cache size in bytes: 38111000
consumer:scad.verify | Total rendering time: 0:00:00.510
consumer:scad.verify |    Top level object is a 3D object (manifold):
consumer:scad.verify |    Status:     NoError
consumer:scad.verify |    Genus:      1
consumer:scad.verify |    Vertices:       84
consumer:scad.verify |    Facets:        168
consumer:scad.verify | + scad-image-watermark /__w/2026-009-01.cad.HUB75-display-frame/2026-009-01.cad.HUB75-display-frame/vrf/out/png/.corner-edge-coupler-right-large-yz-top-edge-section.unwatermarked.png /__w/2026-009-01.cad.HUB75-display-frame/2026-009-01.cad.HUB75-display-frame/vrf/out/png/corner-edge-coupler-right-large-yz-top-edge-section.png --text © 2026 brainboxemb
consumer:scad.verify | SCons built: vrf/out/png/corner-edge-coupler-right-large-yz-top-edge-section.png
consumer:scad.verify | _action(["vrf/out/png/corner-edge-coupler-small-vertical-profile-section.png"], ["vrf/openscad/corner-edge-coupler-vertical-profile-section.scad", "dsg/openscad/assemblies/verification/corner_edge_coupler_profile_sections.scad", "dsg/openscad/ext/lib.scad.hub75/openscad/p5-64x32-panel/hub75_p5_64x32_panel.scad", "dsg/openscad/project_components/corner-edge-coupler/hub75_corner_edge_coupler.scad", "dsg/openscad/project_components/hub75_panel_mating.scad"])
consumer:scad.verify | + xvfb-run -a openscad --enable=object-function --render --projection=o -D size="small" --autocenter --viewall --imgsize=1280,720 -o /__w/2026-009-01.cad.HUB75-display-frame/2026-009-01.cad.HUB75-display-frame/vrf/out/png/.corner-edge-coupler-small-vertical-profile-section.unwatermarked.png /__w/2026-009-01.cad.HUB75-display-frame/2026-009-01.cad.HUB75-display-frame/vrf/openscad/corner-edge-coupler-vertical-profile-section.scad
consumer:scad.verify | WARNING: Viewall and autocenter disabled in favor of $vp*
consumer:scad.verify | Geometries in cache: 296
consumer:scad.verify | Geometry cache size in bytes: 3254760
consumer:scad.verify | CGAL Polyhedrons in cache: 87
consumer:scad.verify | CGAL cache size in bytes: 35684500
consumer:scad.verify | Total rendering time: 0:00:00.507
consumer:scad.verify |    Top level object is a 3D object (manifold):
consumer:scad.verify |    Status:     NoError
consumer:scad.verify |    Genus:      1
consumer:scad.verify |    Vertices:      357
consumer:scad.verify |    Facets:        714
consumer:scad.verify | + scad-image-watermark /__w/2026-009-01.cad.HUB75-display-frame/2026-009-01.cad.HUB75-display-frame/vrf/out/png/.corner-edge-coupler-small-vertical-profile-section.unwatermarked.png /__w/2026-009-01.cad.HUB75-display-frame/2026-009-01.cad.HUB75-display-frame/vrf/out/png/corner-edge-coupler-small-vertical-profile-section.png --text © 2026 brainboxemb
consumer:scad.verify | SCons built: vrf/out/png/corner-edge-coupler-small-vertical-profile-section.png
consumer:scad.verify | _action(["vrf/out/png/corner-edge-coupler-medium-vertical-profile-section.png"], ["vrf/openscad/corner-edge-coupler-vertical-profile-section.scad", "dsg/openscad/assemblies/verification/corner_edge_coupler_profile_sections.scad", "dsg/openscad/ext/lib.scad.hub75/openscad/p5-64x32-panel/hub75_p5_64x32_panel.scad", "dsg/openscad/project_components/corner-edge-coupler/hub75_corner_edge_coupler.scad", "dsg/openscad/project_components/hub75_panel_mating.scad"])
consumer:scad.verify | + xvfb-run -a openscad --enable=object-function --render --projection=o -D size="medium" --autocenter --viewall --imgsize=1280,720 -o /__w/2026-009-01.cad.HUB75-display-frame/2026-009-01.cad.HUB75-display-frame/vrf/out/png/.corner-edge-coupler-medium-vertical-profile-section.unwatermarked.png /__w/2026-009-01.cad.HUB75-display-frame/2026-009-01.cad.HUB75-display-frame/vrf/openscad/corner-edge-coupler-vertical-profile-section.scad
consumer:scad.verify | WARNING: Viewall and autocenter disabled in favor of $vp*
consumer:scad.verify | Geometries in cache: 304
consumer:scad.verify | Geometry cache size in bytes: 3299960
consumer:scad.verify | CGAL Polyhedrons in cache: 87
consumer:scad.verify | CGAL cache size in bytes: 37379500
consumer:scad.verify | Total rendering time: 0:00:00.553
consumer:scad.verify |    Top level object is a 3D object (manifold):
consumer:scad.verify |    Status:     NoError
consumer:scad.verify |    Genus:      1
consumer:scad.verify |    Vertices:      347
consumer:scad.verify |    Facets:        694
consumer:scad.verify | + scad-image-watermark /__w/2026-009-01.cad.HUB75-display-frame/2026-009-01.cad.HUB75-display-frame/vrf/out/png/.corner-edge-coupler-medium-vertical-profile-section.unwatermarked.png /__w/2026-009-01.cad.HUB75-display-frame/2026-009-01.cad.HUB75-display-frame/vrf/out/png/corner-edge-coupler-medium-vertical-profile-section.png --text © 2026 brainboxemb
consumer:scad.verify | SCons built: vrf/out/png/corner-edge-coupler-medium-vertical-profile-section.png
consumer:scad.verify | _action(["vrf/out/png/corner-edge-coupler-large-vertical-profile-section.png"], ["vrf/openscad/corner-edge-coupler-vertical-profile-section.scad", "dsg/openscad/assemblies/verification/corner_edge_coupler_profile_sections.scad", "dsg/openscad/ext/lib.scad.hub75/openscad/p5-64x32-panel/hub75_p5_64x32_panel.scad", "dsg/openscad/project_components/corner-edge-coupler/hub75_corner_edge_coupler.scad", "dsg/openscad/project_components/hub75_panel_mating.scad"])
consumer:scad.verify | + xvfb-run -a openscad --enable=object-function --render --projection=o -D size="large" --autocenter --viewall --imgsize=1280,720 -o /__w/2026-009-01.cad.HUB75-display-frame/2026-009-01.cad.HUB75-display-frame/vrf/out/png/.corner-edge-coupler-large-vertical-profile-section.unwatermarked.png /__w/2026-009-01.cad.HUB75-display-frame/2026-009-01.cad.HUB75-display-frame/vrf/openscad/corner-edge-coupler-vertical-profile-section.scad
consumer:scad.verify | WARNING: Viewall and autocenter disabled in favor of $vp*
consumer:scad.verify | Geometries in cache: 312
consumer:scad.verify | Geometry cache size in bytes: 3358808
consumer:scad.verify | CGAL Polyhedrons in cache: 87
consumer:scad.verify | CGAL cache size in bytes: 39427250
consumer:scad.verify | Total rendering time: 0:00:00.540
consumer:scad.verify |    Top level object is a 3D object (manifold):
consumer:scad.verify |    Status:     NoError
consumer:scad.verify |    Genus:      1
consumer:scad.verify |    Vertices:      351
consumer:scad.verify |    Facets:        702
consumer:scad.verify | + scad-image-watermark /__w/2026-009-01.cad.HUB75-display-frame/2026-009-01.cad.HUB75-display-frame/vrf/out/png/.corner-edge-coupler-large-vertical-profile-section.unwatermarked.png /__w/2026-009-01.cad.HUB75-display-frame/2026-009-01.cad.HUB75-display-frame/vrf/out/png/corner-edge-coupler-large-vertical-profile-section.png --text © 2026 brainboxemb
consumer:scad.verify | SCons built: vrf/out/png/corner-edge-coupler-large-vertical-profile-section.png
consumer:scad.verify | _action(["vrf/out/png/horizontal-edge-coupler-small-fit-detail.png"], ["vrf/openscad/horizontal-edge-coupler-fit-detail.scad", "dsg/openscad/assemblies/verification/horizontal_edge_coupler_fit_assembly.scad", "dsg/openscad/ext/lib.scad.hub75/openscad/p5-64x32-panel/hub75_p5_64x32_panel.scad", "dsg/openscad/project_components/horizontal-edge-coupler/hub75_horizontal_edge_coupler.scad", "dsg/openscad/project_components/hub75_panel_mating.scad", "dsg/openscad/assemblies/helpers/verification_datum_pin.scad"])
consumer:scad.verify | + xvfb-run -a openscad --enable=object-function --render --projection=o -D size="small" --autocenter --viewall --imgsize=1280,720 -o /__w/2026-009-01.cad.HUB75-display-frame/2026-009-01.cad.HUB75-display-frame/vrf/out/png/.horizontal-edge-coupler-small-fit-detail.unwatermarked.png /__w/2026-009-01.cad.HUB75-display-frame/2026-009-01.cad.HUB75-display-frame/vrf/openscad/horizontal-edge-coupler-fit-detail.scad
consumer:scad.verify | WARNING: Viewall and autocenter disabled in favor of $vp*
consumer:scad.verify | Geometries in cache: 319
consumer:scad.verify | Geometry cache size in bytes: 3796576
consumer:scad.verify | CGAL Polyhedrons in cache: 91
consumer:scad.verify | CGAL cache size in bytes: 50023000
consumer:scad.verify | Total rendering time: 0:00:00.566
consumer:scad.verify |    Top level object is a 3D object (manifold):
consumer:scad.verify |    Status:     NoError
consumer:scad.verify |    Genus:      -1
consumer:scad.verify |    Vertices:    12605
consumer:scad.verify |    Facets:      25202
consumer:scad.verify | + scad-image-watermark /__w/2026-009-01.cad.HUB75-display-frame/2026-009-01.cad.HUB75-display-frame/vrf/out/png/.horizontal-edge-coupler-small-fit-detail.unwatermarked.png /__w/2026-009-01.cad.HUB75-display-frame/2026-009-01.cad.HUB75-display-frame/vrf/out/png/horizontal-edge-coupler-small-fit-detail.png --text © 2026 brainboxemb
consumer:scad.verify | SCons built: vrf/out/png/horizontal-edge-coupler-small-fit-detail.png
consumer:scad.verify | _action(["vrf/out/png/horizontal-edge-coupler-medium-fit-detail.png"], ["vrf/openscad/horizontal-edge-coupler-fit-detail.scad", "dsg/openscad/assemblies/verification/horizontal_edge_coupler_fit_assembly.scad", "dsg/openscad/ext/lib.scad.hub75/openscad/p5-64x32-panel/hub75_p5_64x32_panel.scad", "dsg/openscad/project_components/horizontal-edge-coupler/hub75_horizontal_edge_coupler.scad", "dsg/openscad/project_components/hub75_panel_mating.scad", "dsg/openscad/assemblies/helpers/verification_datum_pin.scad"])
consumer:scad.verify | + xvfb-run -a openscad --enable=object-function --render --projection=o -D size="medium" --autocenter --viewall --imgsize=1280,720 -o /__w/2026-009-01.cad.HUB75-display-frame/2026-009-01.cad.HUB75-display-frame/vrf/out/png/.horizontal-edge-coupler-medium-fit-detail.unwatermarked.png /__w/2026-009-01.cad.HUB75-display-frame/2026-009-01.cad.HUB75-display-frame/vrf/openscad/horizontal-edge-coupler-fit-detail.scad
consumer:scad.verify | WARNING: Viewall and autocenter disabled in favor of $vp*
consumer:scad.verify | Geometries in cache: 327
consumer:scad.verify | Geometry cache size in bytes: 3842592
consumer:scad.verify | CGAL Polyhedrons in cache: 91
consumer:scad.verify | CGAL cache size in bytes: 54979000
consumer:scad.verify | Total rendering time: 0:00:00.766
consumer:scad.verify |    Top level object is a 3D object (manifold):
consumer:scad.verify |    Status:     NoError
consumer:scad.verify |    Genus:      -1
consumer:scad.verify |    Vertices:    15949
consumer:scad.verify |    Facets:      31890
consumer:scad.verify | + scad-image-watermark /__w/2026-009-01.cad.HUB75-display-frame/2026-009-01.cad.HUB75-display-frame/vrf/out/png/.horizontal-edge-coupler-medium-fit-detail.unwatermarked.png /__w/2026-009-01.cad.HUB75-display-frame/2026-009-01.cad.HUB75-display-frame/vrf/out/png/horizontal-edge-coupler-medium-fit-detail.png --text © 2026 brainboxemb
consumer:scad.verify | SCons built: vrf/out/png/horizontal-edge-coupler-medium-fit-detail.png
consumer:scad.verify | _action(["vrf/out/png/horizontal-edge-coupler-large-fit-detail.png"], ["vrf/openscad/horizontal-edge-coupler-fit-detail.scad", "dsg/openscad/assemblies/verification/horizontal_edge_coupler_fit_assembly.scad", "dsg/openscad/ext/lib.scad.hub75/openscad/p5-64x32-panel/hub75_p5_64x32_panel.scad", "dsg/openscad/project_components/horizontal-edge-coupler/hub75_horizontal_edge_coupler.scad", "dsg/openscad/project_components/hub75_panel_mating.scad", "dsg/openscad/assemblies/helpers/verification_datum_pin.scad"])
consumer:scad.verify | + xvfb-run -a openscad --enable=object-function --render --projection=o -D size="large" --autocenter --viewall --imgsize=1280,720 -o /__w/2026-009-01.cad.HUB75-display-frame/2026-009-01.cad.HUB75-display-frame/vrf/out/png/.horizontal-edge-coupler-large-fit-detail.unwatermarked.png /__w/2026-009-01.cad.HUB75-display-frame/2026-009-01.cad.HUB75-display-frame/vrf/openscad/horizontal-edge-coupler-fit-detail.scad
consumer:scad.verify | WARNING: Viewall and autocenter disabled in favor of $vp*
consumer:scad.verify | Geometries in cache: 335
consumer:scad.verify | Geometry cache size in bytes: 3925024
consumer:scad.verify | CGAL Polyhedrons in cache: 91
consumer:scad.verify | CGAL cache size in bytes: 60459750
consumer:scad.verify | Total rendering time: 0:00:00.809
consumer:scad.verify |    Top level object is a 3D object (manifold):
consumer:scad.verify |    Status:     NoError
consumer:scad.verify |    Genus:      -1
consumer:scad.verify |    Vertices:    19890
consumer:scad.verify |    Facets:      39772
consumer:scad.verify | + scad-image-watermark /__w/2026-009-01.cad.HUB75-display-frame/2026-009-01.cad.HUB75-display-frame/vrf/out/png/.horizontal-edge-coupler-large-fit-detail.unwatermarked.png /__w/2026-009-01.cad.HUB75-display-frame/2026-009-01.cad.HUB75-display-frame/vrf/out/png/horizontal-edge-coupler-large-fit-detail.png --text © 2026 brainboxemb
consumer:scad.verify | SCons built: vrf/out/png/horizontal-edge-coupler-large-fit-detail.png
consumer:scad.verify | _action(["vrf/out/png/horizontal-edge-coupler-small-rear-fit-section.png"], ["vrf/openscad/horizontal-edge-coupler-rear-fit-section.scad", "dsg/openscad/assemblies/verification/horizontal_edge_coupler_fit_assembly.scad", "dsg/openscad/ext/lib.scad.hub75/openscad/p5-64x32-panel/hub75_p5_64x32_panel.scad", "dsg/openscad/project_components/horizontal-edge-coupler/hub75_horizontal_edge_coupler.scad", "dsg/openscad/project_components/hub75_panel_mating.scad", "dsg/openscad/assemblies/helpers/verification_datum_pin.scad"])
consumer:scad.verify | + xvfb-run -a openscad --enable=object-function --render --projection=o -D size="small" --autocenter --viewall --imgsize=1280,720 -o /__w/2026-009-01.cad.HUB75-display-frame/2026-009-01.cad.HUB75-display-frame/vrf/out/png/.horizontal-edge-coupler-small-rear-fit-section.unwatermarked.png /__w/2026-009-01.cad.HUB75-display-frame/2026-009-01.cad.HUB75-display-frame/vrf/openscad/horizontal-edge-coupler-rear-fit-section.scad
consumer:scad.verify | WARNING: Viewall and autocenter disabled in favor of $vp*
consumer:scad.verify | Geometries in cache: 278
consumer:scad.verify | Geometry cache size in bytes: 3755984
consumer:scad.verify | CGAL Polyhedrons in cache: 86
consumer:scad.verify | CGAL cache size in bytes: 47221250
consumer:scad.verify | Total rendering time: 0:00:00.531
consumer:scad.verify |    Top level object is a 3D object (manifold):
consumer:scad.verify |    Status:     NoError
consumer:scad.verify |    Genus:      -2
consumer:scad.verify |    Vertices:     3944
consumer:scad.verify |    Facets:       7876
consumer:scad.verify | + scad-image-watermark /__w/2026-009-01.cad.HUB75-display-frame/2026-009-01.cad.HUB75-display-frame/vrf/out/png/.horizontal-edge-coupler-small-rear-fit-section.unwatermarked.png /__w/2026-009-01.cad.HUB75-display-frame/2026-009-01.cad.HUB75-display-frame/vrf/out/png/horizontal-edge-coupler-small-rear-fit-section.png --text © 2026 brainboxemb
consumer:scad.verify | SCons built: vrf/out/png/horizontal-edge-coupler-small-rear-fit-section.png
consumer:scad.verify | _action(["vrf/out/png/horizontal-edge-coupler-medium-rear-fit-section.png"], ["vrf/openscad/horizontal-edge-coupler-rear-fit-section.scad", "dsg/openscad/assemblies/verification/horizontal_edge_coupler_fit_assembly.scad", "dsg/openscad/ext/lib.scad.hub75/openscad/p5-64x32-panel/hub75_p5_64x32_panel.scad", "dsg/openscad/project_components/horizontal-edge-coupler/hub75_horizontal_edge_coupler.scad", "dsg/openscad/project_components/hub75_panel_mating.scad", "dsg/openscad/assemblies/helpers/verification_datum_pin.scad"])
consumer:scad.verify | + xvfb-run -a openscad --enable=object-function --render --projection=o -D size="medium" --autocenter --viewall --imgsize=1280,720 -o /__w/2026-009-01.cad.HUB75-display-frame/2026-009-01.cad.HUB75-display-frame/vrf/out/png/.horizontal-edge-coupler-medium-rear-fit-section.unwatermarked.png /__w/2026-009-01.cad.HUB75-display-frame/2026-009-01.cad.HUB75-display-frame/vrf/openscad/horizontal-edge-coupler-rear-fit-section.scad
consumer:scad.verify | WARNING: Viewall and autocenter disabled in favor of $vp*
consumer:scad.verify | Geometries in cache: 286
consumer:scad.verify | Geometry cache size in bytes: 3802000
consumer:scad.verify | CGAL Polyhedrons in cache: 86
consumer:scad.verify | CGAL cache size in bytes: 49754500
consumer:scad.verify | Total rendering time: 0:00:00.708
consumer:scad.verify |    Top level object is a 3D object (manifold):
consumer:scad.verify |    Status:     NoError
consumer:scad.verify |    Genus:      0
consumer:scad.verify |    Vertices:     2922
consumer:scad.verify |    Facets:       5840
consumer:scad.verify | + scad-image-watermark /__w/2026-009-01.cad.HUB75-display-frame/2026-009-01.cad.HUB75-display-frame/vrf/out/png/.horizontal-edge-coupler-medium-rear-fit-section.unwatermarked.png /__w/2026-009-01.cad.HUB75-display-frame/2026-009-01.cad.HUB75-display-frame/vrf/out/png/horizontal-edge-coupler-medium-rear-fit-section.png --text © 2026 brainboxemb
consumer:scad.verify | SCons built: vrf/out/png/horizontal-edge-coupler-medium-rear-fit-section.png
consumer:scad.verify | _action(["vrf/out/png/horizontal-edge-coupler-large-rear-fit-section.png"], ["vrf/openscad/horizontal-edge-coupler-rear-fit-section.scad", "dsg/openscad/assemblies/verification/horizontal_edge_coupler_fit_assembly.scad", "dsg/openscad/ext/lib.scad.hub75/openscad/p5-64x32-panel/hub75_p5_64x32_panel.scad", "dsg/openscad/project_components/horizontal-edge-coupler/hub75_horizontal_edge_coupler.scad", "dsg/openscad/project_components/hub75_panel_mating.scad", "dsg/openscad/assemblies/helpers/verification_datum_pin.scad"])
consumer:scad.verify | + xvfb-run -a openscad --enable=object-function --render --projection=o -D size="large" --autocenter --viewall --imgsize=1280,720 -o /__w/2026-009-01.cad.HUB75-display-frame/2026-009-01.cad.HUB75-display-frame/vrf/out/png/.horizontal-edge-coupler-large-rear-fit-section.unwatermarked.png /__w/2026-009-01.cad.HUB75-display-frame/2026-009-01.cad.HUB75-display-frame/vrf/openscad/horizontal-edge-coupler-rear-fit-section.scad
consumer:scad.verify | WARNING: Viewall and autocenter disabled in favor of $vp*
consumer:scad.verify | Geometries in cache: 294
consumer:scad.verify | Geometry cache size in bytes: 3884432
consumer:scad.verify | CGAL Polyhedrons in cache: 86
consumer:scad.verify | CGAL cache size in bytes: 53392000
consumer:scad.verify | Total rendering time: 0:00:00.737
consumer:scad.verify |    Top level object is a 3D object (manifold):
consumer:scad.verify |    Status:     NoError
consumer:scad.verify |    Genus:      0
consumer:scad.verify |    Vertices:     3091
consumer:scad.verify |    Facets:       6178
consumer:scad.verify | + scad-image-watermark /__w/2026-009-01.cad.HUB75-display-frame/2026-009-01.cad.HUB75-display-frame/vrf/out/png/.horizontal-edge-coupler-large-rear-fit-section.unwatermarked.png /__w/2026-009-01.cad.HUB75-display-frame/2026-009-01.cad.HUB75-display-frame/vrf/out/png/horizontal-edge-coupler-large-rear-fit-section.png --text © 2026 brainboxemb
consumer:scad.verify | SCons built: vrf/out/png/horizontal-edge-coupler-large-rear-fit-section.png
consumer:scad.verify | _action(["vrf/out/png/horizontal-edge-coupler-small-xy-seam-section.png"], ["vrf/openscad/horizontal-edge-coupler-xy-seam-section.scad", "dsg/openscad/assemblies/verification/horizontal_edge_coupler_fit_assembly.scad", "dsg/openscad/ext/lib.scad.hub75/openscad/p5-64x32-panel/hub75_p5_64x32_panel.scad", "dsg/openscad/project_components/horizontal-edge-coupler/hub75_horizontal_edge_coupler.scad", "dsg/openscad/project_components/hub75_panel_mating.scad", "dsg/openscad/assemblies/helpers/verification_datum_pin.scad"])
consumer:scad.verify | + xvfb-run -a openscad --enable=object-function --render --projection=o -D size="small" --autocenter --viewall --imgsize=1280,720 -o /__w/2026-009-01.cad.HUB75-display-frame/2026-009-01.cad.HUB75-display-frame/vrf/out/png/.horizontal-edge-coupler-small-xy-seam-section.unwatermarked.png /__w/2026-009-01.cad.HUB75-display-frame/2026-009-01.cad.HUB75-display-frame/vrf/openscad/horizontal-edge-coupler-xy-seam-section.scad
consumer:scad.verify | WARNING: Viewall and autocenter disabled in favor of $vp*
consumer:scad.verify | Geometries in cache: 315
consumer:scad.verify | Geometry cache size in bytes: 3752832
consumer:scad.verify | CGAL Polyhedrons in cache: 92
consumer:scad.verify | CGAL cache size in bytes: 43913750
consumer:scad.verify | Total rendering time: 0:00:00.503
consumer:scad.verify |    Top level object is a 3D object (manifold):
consumer:scad.verify |    Status:     NoError
consumer:scad.verify |    Genus:      2
consumer:scad.verify |    Vertices:      178
consumer:scad.verify |    Facets:        360
consumer:scad.verify | + scad-image-watermark /__w/2026-009-01.cad.HUB75-display-frame/2026-009-01.cad.HUB75-display-frame/vrf/out/png/.horizontal-edge-coupler-small-xy-seam-section.unwatermarked.png /__w/2026-009-01.cad.HUB75-display-frame/2026-009-01.cad.HUB75-display-frame/vrf/out/png/horizontal-edge-coupler-small-xy-seam-section.png --text © 2026 brainboxemb
consumer:scad.verify | SCons built: vrf/out/png/horizontal-edge-coupler-small-xy-seam-section.png
consumer:scad.verify | _action(["vrf/out/png/horizontal-edge-coupler-medium-xy-seam-section.png"], ["vrf/openscad/horizontal-edge-coupler-xy-seam-section.scad", "dsg/openscad/assemblies/verification/horizontal_edge_coupler_fit_assembly.scad", "dsg/openscad/ext/lib.scad.hub75/openscad/p5-64x32-panel/hub75_p5_64x32_panel.scad", "dsg/openscad/project_components/horizontal-edge-coupler/hub75_horizontal_edge_coupler.scad", "dsg/openscad/project_components/hub75_panel_mating.scad", "dsg/openscad/assemblies/helpers/verification_datum_pin.scad"])
consumer:scad.verify | + xvfb-run -a openscad --enable=object-function --render --projection=o -D size="medium" --autocenter --viewall --imgsize=1280,720 -o /__w/2026-009-01.cad.HUB75-display-frame/2026-009-01.cad.HUB75-display-frame/vrf/out/png/.horizontal-edge-coupler-medium-xy-seam-section.unwatermarked.png /__w/2026-009-01.cad.HUB75-display-frame/2026-009-01.cad.HUB75-display-frame/vrf/openscad/horizontal-edge-coupler-xy-seam-section.scad
consumer:scad.verify | WARNING: Viewall and autocenter disabled in favor of $vp*
consumer:scad.verify | Geometries in cache: 323
consumer:scad.verify | Geometry cache size in bytes: 3798848
consumer:scad.verify | CGAL Polyhedrons in cache: 92
consumer:scad.verify | CGAL cache size in bytes: 47191750
consumer:scad.verify | Total rendering time: 0:00:00.697
consumer:scad.verify |    Top level object is a 3D object (manifold):
consumer:scad.verify |    Status:     NoError
consumer:scad.verify |    Genus:      2
consumer:scad.verify |    Vertices:      169
consumer:scad.verify |    Facets:        342
consumer:scad.verify | + scad-image-watermark /__w/2026-009-01.cad.HUB75-display-frame/2026-009-01.cad.HUB75-display-frame/vrf/out/png/.horizontal-edge-coupler-medium-xy-seam-section.unwatermarked.png /__w/2026-009-01.cad.HUB75-display-frame/2026-009-01.cad.HUB75-display-frame/vrf/out/png/horizontal-edge-coupler-medium-xy-seam-section.png --text © 2026 brainboxemb
consumer:scad.verify | SCons built: vrf/out/png/horizontal-edge-coupler-medium-xy-seam-section.png
consumer:scad.verify | _action(["vrf/out/png/horizontal-edge-coupler-large-xy-seam-section.png"], ["vrf/openscad/horizontal-edge-coupler-xy-seam-section.scad", "dsg/openscad/assemblies/verification/horizontal_edge_coupler_fit_assembly.scad", "dsg/openscad/ext/lib.scad.hub75/openscad/p5-64x32-panel/hub75_p5_64x32_panel.scad", "dsg/openscad/project_components/horizontal-edge-coupler/hub75_horizontal_edge_coupler.scad", "dsg/openscad/project_components/hub75_panel_mating.scad", "dsg/openscad/assemblies/helpers/verification_datum_pin.scad"])
consumer:scad.verify | + xvfb-run -a openscad --enable=object-function --render --projection=o -D size="large" --autocenter --viewall --imgsize=1280,720 -o /__w/2026-009-01.cad.HUB75-display-frame/2026-009-01.cad.HUB75-display-frame/vrf/out/png/.horizontal-edge-coupler-large-xy-seam-section.unwatermarked.png /__w/2026-009-01.cad.HUB75-display-frame/2026-009-01.cad.HUB75-display-frame/vrf/openscad/horizontal-edge-coupler-xy-seam-section.scad
consumer:scad.verify | WARNING: Viewall and autocenter disabled in favor of $vp*
consumer:scad.verify | Geometries in cache: 331
consumer:scad.verify | Geometry cache size in bytes: 3881280
consumer:scad.verify | CGAL Polyhedrons in cache: 92
consumer:scad.verify | CGAL cache size in bytes: 50703250
consumer:scad.verify | Total rendering time: 0:00:00.730
consumer:scad.verify |    Top level object is a 3D object (manifold):
consumer:scad.verify |    Status:     NoError
consumer:scad.verify |    Genus:      2
consumer:scad.verify |    Vertices:      170
consumer:scad.verify |    Facets:        344
consumer:scad.verify | + scad-image-watermark /__w/2026-009-01.cad.HUB75-display-frame/2026-009-01.cad.HUB75-display-frame/vrf/out/png/.horizontal-edge-coupler-large-xy-seam-section.unwatermarked.png /__w/2026-009-01.cad.HUB75-display-frame/2026-009-01.cad.HUB75-display-frame/vrf/out/png/horizontal-edge-coupler-large-xy-seam-section.png --text © 2026 brainboxemb
consumer:scad.verify | SCons built: vrf/out/png/horizontal-edge-coupler-large-xy-seam-section.png
consumer:scad.verify | _action(["vrf/out/png/horizontal-edge-coupler-small-yz-edge-section.png"], ["vrf/openscad/horizontal-edge-coupler-yz-edge-section.scad", "dsg/openscad/assemblies/verification/horizontal_edge_coupler_fit_assembly.scad", "dsg/openscad/ext/lib.scad.hub75/openscad/p5-64x32-panel/hub75_p5_64x32_panel.scad", "dsg/openscad/project_components/horizontal-edge-coupler/hub75_horizontal_edge_coupler.scad", "dsg/openscad/project_components/hub75_panel_mating.scad", "dsg/openscad/assemblies/helpers/verification_datum_pin.scad"])
consumer:scad.verify | + xvfb-run -a openscad --enable=object-function --render --projection=o -D size="small" --autocenter --viewall --imgsize=1280,720 -o /__w/2026-009-01.cad.HUB75-display-frame/2026-009-01.cad.HUB75-display-frame/vrf/out/png/.horizontal-edge-coupler-small-yz-edge-section.unwatermarked.png /__w/2026-009-01.cad.HUB75-display-frame/2026-009-01.cad.HUB75-display-frame/vrf/openscad/horizontal-edge-coupler-yz-edge-section.scad
consumer:scad.verify | WARNING: Viewall and autocenter disabled in favor of $vp*
consumer:scad.verify | Geometries in cache: 315
consumer:scad.verify | Geometry cache size in bytes: 3752832
consumer:scad.verify | CGAL Polyhedrons in cache: 92
consumer:scad.verify | CGAL cache size in bytes: 43896000
consumer:scad.verify | Total rendering time: 0:00:00.503
consumer:scad.verify |    Top level object is a 3D object (manifold):
consumer:scad.verify |    Status:     NoError
consumer:scad.verify |    Genus:      2
consumer:scad.verify |    Vertices:      155
consumer:scad.verify |    Facets:        314
consumer:scad.verify | + scad-image-watermark /__w/2026-009-01.cad.HUB75-display-frame/2026-009-01.cad.HUB75-display-frame/vrf/out/png/.horizontal-edge-coupler-small-yz-edge-section.unwatermarked.png /__w/2026-009-01.cad.HUB75-display-frame/2026-009-01.cad.HUB75-display-frame/vrf/out/png/horizontal-edge-coupler-small-yz-edge-section.png --text © 2026 brainboxemb
consumer:scad.verify | SCons built: vrf/out/png/horizontal-edge-coupler-small-yz-edge-section.png
consumer:scad.verify | _action(["vrf/out/png/horizontal-edge-coupler-medium-yz-edge-section.png"], ["vrf/openscad/horizontal-edge-coupler-yz-edge-section.scad", "dsg/openscad/assemblies/verification/horizontal_edge_coupler_fit_assembly.scad", "dsg/openscad/ext/lib.scad.hub75/openscad/p5-64x32-panel/hub75_p5_64x32_panel.scad", "dsg/openscad/project_components/horizontal-edge-coupler/hub75_horizontal_edge_coupler.scad", "dsg/openscad/project_components/hub75_panel_mating.scad", "dsg/openscad/assemblies/helpers/verification_datum_pin.scad"])
consumer:scad.verify | + xvfb-run -a openscad --enable=object-function --render --projection=o -D size="medium" --autocenter --viewall --imgsize=1280,720 -o /__w/2026-009-01.cad.HUB75-display-frame/2026-009-01.cad.HUB75-display-frame/vrf/out/png/.horizontal-edge-coupler-medium-yz-edge-section.unwatermarked.png /__w/2026-009-01.cad.HUB75-display-frame/2026-009-01.cad.HUB75-display-frame/vrf/openscad/horizontal-edge-coupler-yz-edge-section.scad
consumer:scad.verify | WARNING: Viewall and autocenter disabled in favor of $vp*
consumer:scad.verify | Geometries in cache: 323
consumer:scad.verify | Geometry cache size in bytes: 3798848
consumer:scad.verify | CGAL Polyhedrons in cache: 92
consumer:scad.verify | CGAL cache size in bytes: 47179750
consumer:scad.verify | Total rendering time: 0:00:00.690
consumer:scad.verify |    Top level object is a 3D object (manifold):
consumer:scad.verify |    Status:     NoError
consumer:scad.verify |    Genus:      2
consumer:scad.verify |    Vertices:      155
consumer:scad.verify |    Facets:        314
consumer:scad.verify | + scad-image-watermark /__w/2026-009-01.cad.HUB75-display-frame/2026-009-01.cad.HUB75-display-frame/vrf/out/png/.horizontal-edge-coupler-medium-yz-edge-section.unwatermarked.png /__w/2026-009-01.cad.HUB75-display-frame/2026-009-01.cad.HUB75-display-frame/vrf/out/png/horizontal-edge-coupler-medium-yz-edge-section.png --text © 2026 brainboxemb
consumer:scad.verify | SCons built: vrf/out/png/horizontal-edge-coupler-medium-yz-edge-section.png
consumer:scad.verify | _action(["vrf/out/png/horizontal-edge-coupler-large-yz-edge-section.png"], ["vrf/openscad/horizontal-edge-coupler-yz-edge-section.scad", "dsg/openscad/assemblies/verification/horizontal_edge_coupler_fit_assembly.scad", "dsg/openscad/ext/lib.scad.hub75/openscad/p5-64x32-panel/hub75_p5_64x32_panel.scad", "dsg/openscad/project_components/horizontal-edge-coupler/hub75_horizontal_edge_coupler.scad", "dsg/openscad/project_components/hub75_panel_mating.scad", "dsg/openscad/assemblies/helpers/verification_datum_pin.scad"])
consumer:scad.verify | + xvfb-run -a openscad --enable=object-function --render --projection=o -D size="large" --autocenter --viewall --imgsize=1280,720 -o /__w/2026-009-01.cad.HUB75-display-frame/2026-009-01.cad.HUB75-display-frame/vrf/out/png/.horizontal-edge-coupler-large-yz-edge-section.unwatermarked.png /__w/2026-009-01.cad.HUB75-display-frame/2026-009-01.cad.HUB75-display-frame/vrf/openscad/horizontal-edge-coupler-yz-edge-section.scad
consumer:scad.verify | WARNING: Viewall and autocenter disabled in favor of $vp*
consumer:scad.verify | Geometries in cache: 331
consumer:scad.verify | Geometry cache size in bytes: 3881280
consumer:scad.verify | CGAL Polyhedrons in cache: 92
consumer:scad.verify | CGAL cache size in bytes: 50687500
consumer:scad.verify | Total rendering time: 0:00:00.718
consumer:scad.verify |    Top level object is a 3D object (manifold):
consumer:scad.verify |    Status:     NoError
consumer:scad.verify |    Genus:      2
consumer:scad.verify |    Vertices:      151
consumer:scad.verify |    Facets:        306
consumer:scad.verify | + scad-image-watermark /__w/2026-009-01.cad.HUB75-display-frame/2026-009-01.cad.HUB75-display-frame/vrf/out/png/.horizontal-edge-coupler-large-yz-edge-section.unwatermarked.png /__w/2026-009-01.cad.HUB75-display-frame/2026-009-01.cad.HUB75-display-frame/vrf/out/png/horizontal-edge-coupler-large-yz-edge-section.png --text © 2026 brainboxemb
consumer:scad.verify | SCons built: vrf/out/png/horizontal-edge-coupler-large-yz-edge-section.png
consumer:scad.verify | _action(["vrf/out/png/middle-coupler-small-fit-detail.png"], ["vrf/openscad/middle-coupler-fit-detail.scad", "dsg/openscad/assemblies/verification/middle_coupler_fit_assembly.scad", "dsg/openscad/ext/lib.scad.hub75/openscad/p5-64x32-panel/hub75_p5_64x32_panel.scad", "dsg/openscad/project_components/middle-coupler/hub75_middle_coupler.scad", "dsg/openscad/project_components/hub75_panel_mating.scad", "dsg/openscad/assemblies/helpers/verification_datum_pin.scad"])
consumer:scad.verify | + xvfb-run -a openscad --enable=object-function --render --projection=o -D size="small" --autocenter --viewall --imgsize=1280,720 -o /__w/2026-009-01.cad.HUB75-display-frame/2026-009-01.cad.HUB75-display-frame/vrf/out/png/.middle-coupler-small-fit-detail.unwatermarked.png /__w/2026-009-01.cad.HUB75-display-frame/2026-009-01.cad.HUB75-display-frame/vrf/openscad/middle-coupler-fit-detail.scad
consumer:scad.verify | WARNING: Viewall and autocenter disabled in favor of $vp*
consumer:scad.verify | Geometries in cache: 289
consumer:scad.verify | Geometry cache size in bytes: 3833880
consumer:scad.verify | CGAL Polyhedrons in cache: 90
consumer:scad.verify | CGAL cache size in bytes: 57689500
consumer:scad.verify | Total rendering time: 0:00:00.663
consumer:scad.verify |    Top level object is a 3D object (manifold):
consumer:scad.verify |    Status:     NoError
consumer:scad.verify |    Genus:      -1
consumer:scad.verify |    Vertices:    16917
consumer:scad.verify |    Facets:      33826
consumer:scad.verify | + scad-image-watermark /__w/2026-009-01.cad.HUB75-display-frame/2026-009-01.cad.HUB75-display-frame/vrf/out/png/.middle-coupler-small-fit-detail.unwatermarked.png /__w/2026-009-01.cad.HUB75-display-frame/2026-009-01.cad.HUB75-display-frame/vrf/out/png/middle-coupler-small-fit-detail.png --text © 2026 brainboxemb
consumer:scad.verify | SCons built: vrf/out/png/middle-coupler-small-fit-detail.png
consumer:scad.verify | _action(["vrf/out/png/middle-coupler-medium-fit-detail.png"], ["vrf/openscad/middle-coupler-fit-detail.scad", "dsg/openscad/assemblies/verification/middle_coupler_fit_assembly.scad", "dsg/openscad/ext/lib.scad.hub75/openscad/p5-64x32-panel/hub75_p5_64x32_panel.scad", "dsg/openscad/project_components/middle-coupler/hub75_middle_coupler.scad", "dsg/openscad/project_components/hub75_panel_mating.scad", "dsg/openscad/assemblies/helpers/verification_datum_pin.scad"])
consumer:scad.verify | + xvfb-run -a openscad --enable=object-function --render --projection=o -D size="medium" --autocenter --viewall --imgsize=1280,720 -o /__w/2026-009-01.cad.HUB75-display-frame/2026-009-01.cad.HUB75-display-frame/vrf/out/png/.middle-coupler-medium-fit-detail.unwatermarked.png /__w/2026-009-01.cad.HUB75-display-frame/2026-009-01.cad.HUB75-display-frame/vrf/openscad/middle-coupler-fit-detail.scad
consumer:scad.verify | WARNING: Viewall and autocenter disabled in favor of $vp*
consumer:scad.verify | Geometries in cache: 297
consumer:scad.verify | Geometry cache size in bytes: 3879032
consumer:scad.verify | CGAL Polyhedrons in cache: 90
consumer:scad.verify | CGAL cache size in bytes: 67283000
consumer:scad.verify | Total rendering time: 0:00:00.777
consumer:scad.verify |    Top level object is a 3D object (manifold):
consumer:scad.verify |    Status:     NoError
consumer:scad.verify |    Genus:      -1
consumer:scad.verify |    Vertices:    23394
consumer:scad.verify |    Facets:      46780
consumer:scad.verify | + scad-image-watermark /__w/2026-009-01.cad.HUB75-display-frame/2026-009-01.cad.HUB75-display-frame/vrf/out/png/.middle-coupler-medium-fit-detail.unwatermarked.png /__w/2026-009-01.cad.HUB75-display-frame/2026-009-01.cad.HUB75-display-frame/vrf/out/png/middle-coupler-medium-fit-detail.png --text © 2026 brainboxemb
consumer:scad.verify | SCons built: vrf/out/png/middle-coupler-medium-fit-detail.png
consumer:scad.verify | _action(["vrf/out/png/middle-coupler-large-fit-detail.png"], ["vrf/openscad/middle-coupler-fit-detail.scad", "dsg/openscad/assemblies/verification/middle_coupler_fit_assembly.scad", "dsg/openscad/ext/lib.scad.hub75/openscad/p5-64x32-panel/hub75_p5_64x32_panel.scad", "dsg/openscad/project_components/middle-coupler/hub75_middle_coupler.scad", "dsg/openscad/project_components/hub75_panel_mating.scad", "dsg/openscad/assemblies/helpers/verification_datum_pin.scad"])
consumer:scad.verify | + xvfb-run -a openscad --enable=object-function --render --projection=o -D size="large" --autocenter --viewall --imgsize=1280,720 -o /__w/2026-009-01.cad.HUB75-display-frame/2026-009-01.cad.HUB75-display-frame/vrf/out/png/.middle-coupler-large-fit-detail.unwatermarked.png /__w/2026-009-01.cad.HUB75-display-frame/2026-009-01.cad.HUB75-display-frame/vrf/openscad/middle-coupler-fit-detail.scad
consumer:scad.verify | WARNING: Viewall and autocenter disabled in favor of $vp*
consumer:scad.verify | Geometries in cache: 305
consumer:scad.verify | Geometry cache size in bytes: 3984504
consumer:scad.verify | CGAL Polyhedrons in cache: 90
consumer:scad.verify | CGAL cache size in bytes: 76920250
consumer:scad.verify | Total rendering time: 0:00:00.896
consumer:scad.verify |    Top level object is a 3D object (manifold):
consumer:scad.verify |    Status:     NoError
consumer:scad.verify |    Genus:      -1
consumer:scad.verify |    Vertices:    30068
consumer:scad.verify |    Facets:      60128
consumer:scad.verify | + scad-image-watermark /__w/2026-009-01.cad.HUB75-display-frame/2026-009-01.cad.HUB75-display-frame/vrf/out/png/.middle-coupler-large-fit-detail.unwatermarked.png /__w/2026-009-01.cad.HUB75-display-frame/2026-009-01.cad.HUB75-display-frame/vrf/out/png/middle-coupler-large-fit-detail.png --text © 2026 brainboxemb
consumer:scad.verify | SCons built: vrf/out/png/middle-coupler-large-fit-detail.png
consumer:scad.verify | _action(["vrf/out/png/middle-coupler-small-rear-fit-section.png"], ["vrf/openscad/middle-coupler-rear-fit-section.scad", "dsg/openscad/assemblies/verification/middle_coupler_fit_assembly.scad", "dsg/openscad/ext/lib.scad.hub75/openscad/p5-64x32-panel/hub75_p5_64x32_panel.scad", "dsg/openscad/project_components/middle-coupler/hub75_middle_coupler.scad", "dsg/openscad/project_components/hub75_panel_mating.scad", "dsg/openscad/assemblies/helpers/verification_datum_pin.scad"])
consumer:scad.verify | + xvfb-run -a openscad --enable=object-function --render --projection=o -D size="small" --autocenter --viewall --imgsize=1280,720 -o /__w/2026-009-01.cad.HUB75-display-frame/2026-009-01.cad.HUB75-display-frame/vrf/out/png/.middle-coupler-small-rear-fit-section.unwatermarked.png /__w/2026-009-01.cad.HUB75-display-frame/2026-009-01.cad.HUB75-display-frame/vrf/openscad/middle-coupler-rear-fit-section.scad
consumer:scad.verify | WARNING: Viewall and autocenter disabled in favor of $vp*
consumer:scad.verify | Geometries in cache: 248
consumer:scad.verify | Geometry cache size in bytes: 3793288
consumer:scad.verify | CGAL Polyhedrons in cache: 85
consumer:scad.verify | CGAL cache size in bytes: 53647000
consumer:scad.verify | Total rendering time: 0:00:00.622
consumer:scad.verify |    Top level object is a 3D object (manifold):
consumer:scad.verify |    Status:     NoError
consumer:scad.verify |    Genus:      -2
consumer:scad.verify |    Vertices:     5206
consumer:scad.verify |    Facets:      10400
consumer:scad.verify | + scad-image-watermark /__w/2026-009-01.cad.HUB75-display-frame/2026-009-01.cad.HUB75-display-frame/vrf/out/png/.middle-coupler-small-rear-fit-section.unwatermarked.png /__w/2026-009-01.cad.HUB75-display-frame/2026-009-01.cad.HUB75-display-frame/vrf/out/png/middle-coupler-small-rear-fit-section.png --text © 2026 brainboxemb
consumer:scad.verify | SCons built: vrf/out/png/middle-coupler-small-rear-fit-section.png
consumer:scad.verify | _action(["vrf/out/png/middle-coupler-medium-rear-fit-section.png"], ["vrf/openscad/middle-coupler-rear-fit-section.scad", "dsg/openscad/assemblies/verification/middle_coupler_fit_assembly.scad", "dsg/openscad/ext/lib.scad.hub75/openscad/p5-64x32-panel/hub75_p5_64x32_panel.scad", "dsg/openscad/project_components/middle-coupler/hub75_middle_coupler.scad", "dsg/openscad/project_components/hub75_panel_mating.scad", "dsg/openscad/assemblies/helpers/verification_datum_pin.scad"])
consumer:scad.verify | + xvfb-run -a openscad --enable=object-function --render --projection=o -D size="medium" --autocenter --viewall --imgsize=1280,720 -o /__w/2026-009-01.cad.HUB75-display-frame/2026-009-01.cad.HUB75-display-frame/vrf/out/png/.middle-coupler-medium-rear-fit-section.unwatermarked.png /__w/2026-009-01.cad.HUB75-display-frame/2026-009-01.cad.HUB75-display-frame/vrf/openscad/middle-coupler-rear-fit-section.scad
consumer:scad.verify | WARNING: Viewall and autocenter disabled in favor of $vp*
consumer:scad.verify | Geometries in cache: 256
consumer:scad.verify | Geometry cache size in bytes: 3838440
consumer:scad.verify | CGAL Polyhedrons in cache: 85
consumer:scad.verify | CGAL cache size in bytes: 59047250
consumer:scad.verify | Total rendering time: 0:00:00.704
consumer:scad.verify |    Top level object is a 3D object (manifold):
consumer:scad.verify |    Status:     NoError
consumer:scad.verify |    Genus:      0
consumer:scad.verify |    Vertices:     3875
consumer:scad.verify |    Facets:       7746
consumer:scad.verify | + scad-image-watermark /__w/2026-009-01.cad.HUB75-display-frame/2026-009-01.cad.HUB75-display-frame/vrf/out/png/.middle-coupler-medium-rear-fit-section.unwatermarked.png /__w/2026-009-01.cad.HUB75-display-frame/2026-009-01.cad.HUB75-display-frame/vrf/out/png/middle-coupler-medium-rear-fit-section.png --text © 2026 brainboxemb
consumer:scad.verify | SCons built: vrf/out/png/middle-coupler-medium-rear-fit-section.png
consumer:scad.verify | _action(["vrf/out/png/middle-coupler-large-rear-fit-section.png"], ["vrf/openscad/middle-coupler-rear-fit-section.scad", "dsg/openscad/assemblies/verification/middle_coupler_fit_assembly.scad", "dsg/openscad/ext/lib.scad.hub75/openscad/p5-64x32-panel/hub75_p5_64x32_panel.scad", "dsg/openscad/project_components/middle-coupler/hub75_middle_coupler.scad", "dsg/openscad/project_components/hub75_panel_mating.scad", "dsg/openscad/assemblies/helpers/verification_datum_pin.scad"])
consumer:scad.verify | + xvfb-run -a openscad --enable=object-function --render --projection=o -D size="large" --autocenter --viewall --imgsize=1280,720 -o /__w/2026-009-01.cad.HUB75-display-frame/2026-009-01.cad.HUB75-display-frame/vrf/out/png/.middle-coupler-large-rear-fit-section.unwatermarked.png /__w/2026-009-01.cad.HUB75-display-frame/2026-009-01.cad.HUB75-display-frame/vrf/openscad/middle-coupler-rear-fit-section.scad
consumer:scad.verify | WARNING: Viewall and autocenter disabled in favor of $vp*
consumer:scad.verify | Geometries in cache: 264
consumer:scad.verify | Geometry cache size in bytes: 3943912
consumer:scad.verify | CGAL Polyhedrons in cache: 85
consumer:scad.verify | CGAL cache size in bytes: 65551750
consumer:scad.verify | Total rendering time: 0:00:00.801
consumer:scad.verify |    Top level object is a 3D object (manifold):
consumer:scad.verify |    Status:     NoError
consumer:scad.verify |    Genus:      0
consumer:scad.verify |    Vertices:     4147
consumer:scad.verify |    Facets:       8290
consumer:scad.verify | + scad-image-watermark /__w/2026-009-01.cad.HUB75-display-frame/2026-009-01.cad.HUB75-display-frame/vrf/out/png/.middle-coupler-large-rear-fit-section.unwatermarked.png /__w/2026-009-01.cad.HUB75-display-frame/2026-009-01.cad.HUB75-display-frame/vrf/out/png/middle-coupler-large-rear-fit-section.png --text © 2026 brainboxemb
consumer:scad.verify | SCons built: vrf/out/png/middle-coupler-large-rear-fit-section.png
consumer:scad.verify | _action(["vrf/out/png/middle-coupler-small-xy-seam-section.png"], ["vrf/openscad/middle-coupler-xy-seam-section.scad", "dsg/openscad/assemblies/verification/middle_coupler_fit_assembly.scad", "dsg/openscad/ext/lib.scad.hub75/openscad/p5-64x32-panel/hub75_p5_64x32_panel.scad", "dsg/openscad/project_components/middle-coupler/hub75_middle_coupler.scad", "dsg/openscad/project_components/hub75_panel_mating.scad", "dsg/openscad/assemblies/helpers/verification_datum_pin.scad"])
consumer:scad.verify | + xvfb-run -a openscad --enable=object-function --render --projection=o -D size="small" --autocenter --viewall --imgsize=1280,720 -o /__w/2026-009-01.cad.HUB75-display-frame/2026-009-01.cad.HUB75-display-frame/vrf/out/png/.middle-coupler-small-xy-seam-section.unwatermarked.png /__w/2026-009-01.cad.HUB75-display-frame/2026-009-01.cad.HUB75-display-frame/vrf/openscad/middle-coupler-xy-seam-section.scad
consumer:scad.verify | WARNING: Viewall and autocenter disabled in favor of $vp*
consumer:scad.verify | Geometries in cache: 285
consumer:scad.verify | Geometry cache size in bytes: 3790136
consumer:scad.verify | CGAL Polyhedrons in cache: 91
consumer:scad.verify | CGAL cache size in bytes: 49385000
consumer:scad.verify | Total rendering time: 0:00:00.582
consumer:scad.verify |    Top level object is a 3D object (manifold):
consumer:scad.verify |    Status:     NoError
consumer:scad.verify |    Genus:      3
consumer:scad.verify |    Vertices:      108
consumer:scad.verify |    Facets:        224
consumer:scad.verify | + scad-image-watermark /__w/2026-009-01.cad.HUB75-display-frame/2026-009-01.cad.HUB75-display-frame/vrf/out/png/.middle-coupler-small-xy-seam-section.unwatermarked.png /__w/2026-009-01.cad.HUB75-display-frame/2026-009-01.cad.HUB75-display-frame/vrf/out/png/middle-coupler-small-xy-seam-section.png --text © 2026 brainboxemb
consumer:scad.verify | SCons built: vrf/out/png/middle-coupler-small-xy-seam-section.png
consumer:scad.verify | _action(["vrf/out/png/middle-coupler-medium-xy-seam-section.png"], ["vrf/openscad/middle-coupler-xy-seam-section.scad", "dsg/openscad/assemblies/verification/middle_coupler_fit_assembly.scad", "dsg/openscad/ext/lib.scad.hub75/openscad/p5-64x32-panel/hub75_p5_64x32_panel.scad", "dsg/openscad/project_components/middle-coupler/hub75_middle_coupler.scad", "dsg/openscad/project_components/hub75_panel_mating.scad", "dsg/openscad/assemblies/helpers/verification_datum_pin.scad"])
consumer:scad.verify | + xvfb-run -a openscad --enable=object-function --render --projection=o -D size="medium" --autocenter --viewall --imgsize=1280,720 -o /__w/2026-009-01.cad.HUB75-display-frame/2026-009-01.cad.HUB75-display-frame/vrf/out/png/.middle-coupler-medium-xy-seam-section.unwatermarked.png /__w/2026-009-01.cad.HUB75-display-frame/2026-009-01.cad.HUB75-display-frame/vrf/openscad/middle-coupler-xy-seam-section.scad
consumer:scad.verify | WARNING: Viewall and autocenter disabled in favor of $vp*
consumer:scad.verify | Geometries in cache: 293
consumer:scad.verify | Geometry cache size in bytes: 3835288
consumer:scad.verify | CGAL Polyhedrons in cache: 91
consumer:scad.verify | CGAL cache size in bytes: 55927000
consumer:scad.verify | Total rendering time: 0:00:00.694
consumer:scad.verify |    Top level object is a 3D object (manifold):
consumer:scad.verify |    Status:     NoError
consumer:scad.verify |    Genus:      2
consumer:scad.verify |    Vertices:      356
consumer:scad.verify |    Facets:        716
consumer:scad.verify | + scad-image-watermark /__w/2026-009-01.cad.HUB75-display-frame/2026-009-01.cad.HUB75-display-frame/vrf/out/png/.middle-coupler-medium-xy-seam-section.unwatermarked.png /__w/2026-009-01.cad.HUB75-display-frame/2026-009-01.cad.HUB75-display-frame/vrf/out/png/middle-coupler-medium-xy-seam-section.png --text © 2026 brainboxemb
consumer:scad.verify | SCons built: vrf/out/png/middle-coupler-medium-xy-seam-section.png
consumer:scad.verify | _action(["vrf/out/png/middle-coupler-large-xy-seam-section.png"], ["vrf/openscad/middle-coupler-xy-seam-section.scad", "dsg/openscad/assemblies/verification/middle_coupler_fit_assembly.scad", "dsg/openscad/ext/lib.scad.hub75/openscad/p5-64x32-panel/hub75_p5_64x32_panel.scad", "dsg/openscad/project_components/middle-coupler/hub75_middle_coupler.scad", "dsg/openscad/project_components/hub75_panel_mating.scad", "dsg/openscad/assemblies/helpers/verification_datum_pin.scad"])
consumer:scad.verify | + xvfb-run -a openscad --enable=object-function --render --projection=o -D size="large" --autocenter --viewall --imgsize=1280,720 -o /__w/2026-009-01.cad.HUB75-display-frame/2026-009-01.cad.HUB75-display-frame/vrf/out/png/.middle-coupler-large-xy-seam-section.unwatermarked.png /__w/2026-009-01.cad.HUB75-display-frame/2026-009-01.cad.HUB75-display-frame/vrf/openscad/middle-coupler-xy-seam-section.scad
consumer:scad.verify | WARNING: Viewall and autocenter disabled in favor of $vp*
consumer:scad.verify | Geometries in cache: 301
consumer:scad.verify | Geometry cache size in bytes: 3940760
consumer:scad.verify | CGAL Polyhedrons in cache: 91
consumer:scad.verify | CGAL cache size in bytes: 62036250
consumer:scad.verify | Total rendering time: 0:00:00.773
consumer:scad.verify |    Top level object is a 3D object (manifold):
consumer:scad.verify |    Status:     NoError
consumer:scad.verify |    Genus:      2
consumer:scad.verify |    Vertices:      101
consumer:scad.verify |    Facets:        206
consumer:scad.verify | + scad-image-watermark /__w/2026-009-01.cad.HUB75-display-frame/2026-009-01.cad.HUB75-display-frame/vrf/out/png/.middle-coupler-large-xy-seam-section.unwatermarked.png /__w/2026-009-01.cad.HUB75-display-frame/2026-009-01.cad.HUB75-display-frame/vrf/out/png/middle-coupler-large-xy-seam-section.png --text © 2026 brainboxemb
consumer:scad.verify | SCons built: vrf/out/png/middle-coupler-large-xy-seam-section.png
consumer:scad.verify | Verification SCons summary: targets=51 built=51 cache-restored=0 current=0 error=0
consumer:scad.verify |   built: vrf/out/png/corner-edge-coupler-small-horizontal-profile-section.png
consumer:scad.verify |   built: vrf/out/png/corner-edge-coupler-medium-horizontal-profile-section.png
consumer:scad.verify |   built: vrf/out/png/corner-edge-coupler-large-horizontal-profile-section.png
consumer:scad.verify |   built: vrf/out/png/corner-edge-coupler-left-small-fit-detail.png
consumer:scad.verify |   built: vrf/out/png/corner-edge-coupler-left-medium-fit-detail.png
consumer:scad.verify |   built: vrf/out/png/corner-edge-coupler-left-large-fit-detail.png
consumer:scad.verify |   built: vrf/out/png/corner-edge-coupler-left-small-rear-fit-section.png
consumer:scad.verify |   built: vrf/out/png/corner-edge-coupler-left-medium-rear-fit-section.png
consumer:scad.verify |   built: vrf/out/png/corner-edge-coupler-left-large-rear-fit-section.png
consumer:scad.verify |   built: vrf/out/png/corner-edge-coupler-left-small-xy-side-edge-section.png
consumer:scad.verify |   built: vrf/out/png/corner-edge-coupler-left-medium-xy-side-edge-section.png
consumer:scad.verify |   built: vrf/out/png/corner-edge-coupler-left-large-xy-side-edge-section.png
consumer:scad.verify |   built: vrf/out/png/corner-edge-coupler-left-small-yz-top-edge-section.png
consumer:scad.verify |   built: vrf/out/png/corner-edge-coupler-left-medium-yz-top-edge-section.png
consumer:scad.verify |   built: vrf/out/png/corner-edge-coupler-left-large-yz-top-edge-section.png
consumer:scad.verify |   built: vrf/out/png/corner-edge-coupler-right-small-fit-detail.png
consumer:scad.verify |   built: vrf/out/png/corner-edge-coupler-right-medium-fit-detail.png
consumer:scad.verify |   built: vrf/out/png/corner-edge-coupler-right-large-fit-detail.png
consumer:scad.verify |   built: vrf/out/png/corner-edge-coupler-right-small-rear-fit-section.png
consumer:scad.verify |   built: vrf/out/png/corner-edge-coupler-right-medium-rear-fit-section.png
consumer:scad.verify |   built: vrf/out/png/corner-edge-coupler-right-large-rear-fit-section.png
consumer:scad.verify |   built: vrf/out/png/corner-edge-coupler-right-small-xy-side-edge-section.png
consumer:scad.verify |   built: vrf/out/png/corner-edge-coupler-right-medium-xy-side-edge-section.png
consumer:scad.verify |   built: vrf/out/png/corner-edge-coupler-right-large-xy-side-edge-section.png
consumer:scad.verify |   built: vrf/out/png/corner-edge-coupler-right-small-yz-top-edge-section.png
consumer:scad.verify |   built: vrf/out/png/corner-edge-coupler-right-medium-yz-top-edge-section.png
consumer:scad.verify |   built: vrf/out/png/corner-edge-coupler-right-large-yz-top-edge-section.png
consumer:scad.verify |   built: vrf/out/png/corner-edge-coupler-small-vertical-profile-section.png
consumer:scad.verify |   built: vrf/out/png/corner-edge-coupler-medium-vertical-profile-section.png
consumer:scad.verify |   built: vrf/out/png/corner-edge-coupler-large-vertical-profile-section.png
consumer:scad.verify |   built: vrf/out/png/horizontal-edge-coupler-small-fit-detail.png
consumer:scad.verify |   built: vrf/out/png/horizontal-edge-coupler-medium-fit-detail.png
consumer:scad.verify |   built: vrf/out/png/horizontal-edge-coupler-large-fit-detail.png
consumer:scad.verify |   built: vrf/out/png/horizontal-edge-coupler-small-rear-fit-section.png
consumer:scad.verify |   built: vrf/out/png/horizontal-edge-coupler-medium-rear-fit-section.png
consumer:scad.verify |   built: vrf/out/png/horizontal-edge-coupler-large-rear-fit-section.png
consumer:scad.verify |   built: vrf/out/png/horizontal-edge-coupler-small-xy-seam-section.png
consumer:scad.verify |   built: vrf/out/png/horizontal-edge-coupler-medium-xy-seam-section.png
consumer:scad.verify |   built: vrf/out/png/horizontal-edge-coupler-large-xy-seam-section.png
consumer:scad.verify |   built: vrf/out/png/horizontal-edge-coupler-small-yz-edge-section.png
consumer:scad.verify |   built: vrf/out/png/horizontal-edge-coupler-medium-yz-edge-section.png
consumer:scad.verify |   built: vrf/out/png/horizontal-edge-coupler-large-yz-edge-section.png
consumer:scad.verify |   built: vrf/out/png/middle-coupler-small-fit-detail.png
consumer:scad.verify |   built: vrf/out/png/middle-coupler-medium-fit-detail.png
consumer:scad.verify |   built: vrf/out/png/middle-coupler-large-fit-detail.png
consumer:scad.verify |   built: vrf/out/png/middle-coupler-small-rear-fit-section.png
consumer:scad.verify |   built: vrf/out/png/middle-coupler-medium-rear-fit-section.png
consumer:scad.verify |   built: vrf/out/png/middle-coupler-large-rear-fit-section.png
consumer:scad.verify |   built: vrf/out/png/middle-coupler-small-xy-seam-section.png
consumer:scad.verify |   built: vrf/out/png/middle-coupler-medium-xy-seam-section.png
consumer:scad.verify |   built: vrf/out/png/middle-coupler-large-xy-seam-section.png
consumer:scad.verify | + bash scripts/run-verification.sh
consumer:scad.verify | Repository bootstrap and production ownership: OK
consumer:scad.verify | -- Interactive main default assembly
consumer:scad.verify | Geometries in cache: 464
consumer:scad.verify | Geometry cache size in bytes: 8585984
consumer:scad.verify | CGAL Polyhedrons in cache: 7
consumer:scad.verify | CGAL cache size in bytes: 103370000
consumer:scad.verify | Total rendering time: 0:00:02.855
consumer:scad.verify |    Top level object is a 3D object (manifold):
consumer:scad.verify |    Status:     NoError
consumer:scad.verify |    Genus:      -27
consumer:scad.verify |    Vertices:   250560
consumer:scad.verify |    Facets:     501008
consumer:scad.verify | -- Interactive main custom couplers view
consumer:scad.verify | Geometries in cache: 288
consumer:scad.verify | Geometry cache size in bytes: 7597056
consumer:scad.verify | CGAL Polyhedrons in cache: 2
consumer:scad.verify | CGAL cache size in bytes: 93721000
consumer:scad.verify | Total rendering time: 0:00:02.491
consumer:scad.verify |    Top level object is a 3D object (manifold):
consumer:scad.verify |    Status:     NoError
consumer:scad.verify |    Genus:      13
consumer:scad.verify |    Vertices:   252556
consumer:scad.verify |    Facets:     505160
consumer:scad.verify | Verification evidence and interactive main smoke checks: OK
consumer:scad.verify | + bash scripts/build-verification-index.sh
consumer:scad.verify | verify: OK
▮▮▮▮ consumer:scad.verify (51s 70ms, d05a2696)
▮▮▮▮ consumer:scad.verification-provenance (538f418a)
consumer:scad.verification-provenance | publication info: vrf/out/publication-info.txt
▮▮▮▮ consumer:scad.verification-provenance (431ms, 538f418a)
▮▮▮▮ consumer:scad.ci (cc32f639)
▮▮▮▮ consumer:scad.ci (3ms, cc32f639)

Tasks: 7 completed
 Time: 1m 30s 590ms

